:020000040200F8
:10F00000D05B002089020102211F0102D11E0102F2
:10F010001D1F01029D080102653C01020000000065
:10F020000000000000000000000000004128010274
:10F03000251D010200000000D12701021533010245
:10F040009F0201029F0201029F0201029F02010230
:10F050009F0201029F0201029F0201029F02010220
:10F060009F0201029F0201029F0201029F02010210
:10F070009F0201029F0201029F0201029F02010200
:10F080009F0201029F020102E9F100029F020102B8
:10F090009F0201029F0201029F0201029F020102E0
:10F0A0009F0201029F0201029F0201029F020102D0
:10F0B0009F0201029F0201029F02010219680102E0
:10F0C0009F0201029F0201029F0201029F020102B0
:10F0D0009F0201029F0201029F0201029F020102A0
:10F0E0009F0201029F0201029F0201029F02010290
:10F0F0009F0201029F0201029F020102DFF80CD071
:10F1000001F096FB00480047C1670102D05B002078
:10F1100080B586B00390ADF80A10039820B1FFE7E0
:10F12000BDF80A0020B9FFE7002005F083FC59E094
:10F13000EFF31080049004980190EFF3108072B602
:10F140000590039840F63C11C2F200010860BDF83A
:10F150000A0040F64011C2F20001088040F6421158
:10F16000C2F2000100200880FFE740F64210C2F220
:10F170000000018840F64010C2F200000288002022
:10F18000914200900BDAFFE742F20000C4F2010066
:10F1900005F0F4F8B0FA80F040090090FFE700981D
:10F1A000C007A0B1FFE740F63C10C2F200000068C3
:10F1B00040F64213C2F2000319884A1C1A80415CCF
:10F1C00042F20000C4F2010004F0CEF8CDE742F2B2
:10F1D0000000C4F2010005F0E3F8019810B9FFE760
:10F1E00062B6FFE706B080BD80B582B042F23C0057
:10F1F000C4F2010000680190019842F24401C4F297
:10F20000010108609DF80400C006002824D5FFE72E
:10F21000FFE742F20000C4F2010005F0A7F8C0B910
:10F22000FFE742F20000C4F2010004F095F8014645
:10F2300040F6E020C2F2000005F056FD40B9FFE7BD
:10F2400040F63411C2F20001086801300860FFE79F
:10F25000DFE7BFF35F8FFFE79DF80400800600281B
:10F2600056D5FFE7FFE740F64210C2F200000188E2
:10F2700040F64010C2F20000028800209142009047
:10F280000BDAFFE742F20000C4F2010005F076F865
:10F29000B0FA80F040090090FFE70098C007A0B1E5
:10F2A000FFE740F63C10C2F20000006840F642134F
:10F2B000C2F2000319884A1C1A80415C42F2000025
:10F2C000C4F2010004F050F8CDE740F64210C2F25B
:10F2D0000000008840F64011C2F20001098888420F
:10F2E00015D1FFE742F20000C4F2010005F04EF82C
:10F2F00040F64011C2F20001088840F63812C2F20E
:10F300000002108000200880BFF35F8FFFE7FFE757
:10F310009DF804000006002807D5FFE742F204012B
:10F32000C4F2010101200860FFE702B080BD0000C7
:10F3300080B598B0169015910020149012901390FB
:10F3400040F69C61C2F200010870169800F00F00B0
:10F3500080EA900080EA500000F0010014901498B8
:10F360004001169901F00F0140EA410040F0810090
:10F370001290FFE72021C4F21601086840F6FF72E0
:10F38000CFF2E002104000F1807008601021C4F25A
:10F3900016010868072262F30C2008602421C4F2D9
:10F3A00016010020086012982C21C4F21601086092
:10F3B000FFE748F2A060C0F201000F90FFE73420A1
:10F3C000C4F216000068C00768B1FFE70F98013863
:10F3D0000F9038B9FFE740F69C61C2F200010120AE
:10F3E000087000E0EBE7FFE7FFE740F69C60C2F241
:10F3F0000000007820B1FFE708208DF85F008DE362
:10F40000FFE72021C4F2160108684FF60062CFF230
:10F41000FF02104000F1007008601021C4F21601D4
:10F42000086820F4F85040F60012C2F20002127E82
:10F43000023240EA022008602421C4F216010020B2
:10F4400008602C20C4F2160000681390FFE748F211
:10F45000A060C0F201000E90FFE73420C4F2160055
:10F460000068C00768B1FFE70E9801380E9038B900
:10F47000FFE740F69C61C2F200010120087000E045
:10F48000EBE7FFE7FFE740F69C60C2F20000007880
:10F4900020B1FFE708208DF85F003FE3139840F6A6
:10F4A0000011C2F20001097EC84000F0070013906D
:10F4B0001398012840F06781FFE79DF85800800706
:10F4C000002840F1A180FFE7002012901490FFE790
:10F4D0002021C4F2160108684FF60062CFF2FF0245
:10F4E000104000F1007008601021C4F21601086895
:10F4F0000F2262F30C2008602421C4F216010020C0
:10F5000008602C20C4F2160000681290FFE748F251
:10F51000A060C0F201000D90FFE73420C4F2160095
:10F520000068C00768B1FFE70D9801380D9038B941
:10F53000FFE740F69C61C2F200010120087000E084
:10F54000EBE7FFE7FFE712981190FFE71021C4F205
:10F550001601086820F4F85040F60012C2F20002CA
:10F56000127E103240EA022008602421C4F2160103
:10F57000002008602C20C4F2160000681290FFE7FB
:10F5800048F2A060C0F201000C90FFE73420C4F202
:10F5900016000068C00768B1FFE70C9801380C90AE
:10F5A00038B9FFE740F69C61C2F200010120087003
:10F5B00000E0EBE7FFE7FFE71299119840EA01400E
:10F5C0001190119880EA104080EA102080EA101013
:10F5D00080EA900080EA500000F001001490129838
:10F5E000C0F300401090149810994840C00718B11B
:10F5F000FFE708201390FFE7159820B1FFE7119867
:10F6000015990860FFE78CE01598006812900020BB
:10F610001490FFE72021C4F21601086840F6FF723B
:10F62000CFF2E002104000F1807008601022C4F2B6
:10F630001602106820F4F85040F60011C2F20001E2
:10F640000B7E0F3340EA032010602422C4F216021E
:10F65000002010601298097E88402C21C4F2160107
:10F660000860FFE748F2A060C0F201000B90FFE7DE
:10F670003420C4F216000068C00768B1FFE70B9899
:10F6800001380B9038B9FFE740F69C61C2F20001E7
:10F690000120087000E0EBE7FFE7FFE7129880EA3F
:10F6A000104080EA102080EA101080EA900080EA82
:10F6B000500000F001001490FFE71021C4F2160181
:10F6C0000868102262F30C2008602421C4F216019D
:10F6D00000200860BDF84A00149940EA01402C213E
:10F6E000C4F216010860FFE748F2A060C0F2010012
:10F6F0000A90FFE73420C4F216000068C00768B122
:10F70000FFE70A9801380A9038B9FFE740F69C6194
:10F71000C2F200010120087000E0EBE7FFE7FFE71D
:10F72000FFE79DF858000006002808D5FFE703F022
:10F730000FFE40F60011C2F200018860FFE740F6BC
:10F740000010C2F20000007B00F0ECF940F69C6073
:10F75000C2F20000007820B1FFE708208DF85F00BA
:10F76000DCE140F69C60C2F20000007818B1FFE7CF
:10F770000820029003E09DF84C000290FFE70298F9
:10F780008DF85F00CAE11398022805D0FFE71398AF
:10F79000042840F03E81FFE740F60010C2F200006E
:10F7A000407E002873D0FFE79DF8580080070028AE
:10F7B0006DD5FFE7FFE72021C4F2160108684FF678
:10F7C0000062CFF2FF02104000F1007008601021CB
:10F7D000C4F2160108680F2262F30C20086024218D
:10F7E000C4F21601002008602C20C4F21600006844
:10F7F0001290FFE748F2A060C0F201000990FFE715
:10F800003420C4F216000068C00768B1FFE7099809
:10F810000138099038B9FFE740F69C61C2F2000157
:10F820000120087000E0EBE7FFE7FFE7FFE71021AA
:10F83000C4F216010868102262F30C20086024212B
:10F84000C4F21601002008602C20C4F216000068E3
:10F850001290FFE748F2A060C0F201000890FFE7B5
:10F860003420C4F216000068C00768B1FFE70898AA
:10F870000138089038B9FFE740F69C61C2F20001F8
:10F880000120087000E0EBE7FFE7FFE7FFE7FFE795
:10F890002021C4F2160108684FF60062CFF2FF0281
:10F8A000104000F1007008601021C4F216010868D1
:10F8B00020F4F85040F60012C2F20002137E6FF0FE
:10F8C000FF0202EB0322104308602421C4F2160158
:10F8D000002008602C20C4F2160000681290FFE798
:10F8E00048F2A060C0F201000790FFE73420C4F2A4
:10F8F00016000068C00768B1FFE707980138079055
:10F9000038B9FFE740F69C61C2F20001012008709F
:10F9100000E0EBE7FFE7FFE740F60010C2F200006F
:10F92000407E002871D0FFE79DF85800800700282E
:10F930006BD4FFE7FFE72021C4F21601086840F608
:10F94000FF72CFF2E002104000F1807008601021D9
:10F95000C4F2160108680F2262F30C20086024210B
:10F96000C4F21601002008602C21C4F216010860C0
:10F97000FFE748F2A060C0F201000690FFE73420E4
:10F98000C4F216000068C00768B1FFE706980138A6
:10F99000069038B9FFE740F69C61C2F200010120F1
:10F9A000087000E0EBE7FFE7FFE7FFE71021C4F294
:10F9B00016010868102262F30C2008602421C4F2AA
:10F9C0001601002008602C21C4F216010860FFE730
:10F9D00048F2A060C0F201000590FFE73420C4F2B5
:10F9E00016000068C00768B1FFE705980138059068
:10F9F00038B9FFE740F69C61C2F2000101200870AF
:10FA000000E0EBE7FFE7FFE7FFE713988DF85F0003
:10FA100084E0FFE72021C4F2160108684FF6006277
:10FA2000CFF2FF02104000F1007008601021C4F214
:10FA3000160108680F2262F30C2008602421C4F22A
:10FA40001601002008602C20C4F2160000681290F5
:10FA5000FFE748F2A060C0F201000490FFE7342005
:10FA6000C4F216000068C00768B1FFE704980138C7
:10FA7000049038B9FFE740F69C61C2F20001012012
:10FA8000087000E0EBE7FFE7FFE7FFE71021C4F2B3
:10FA90001601086820F4F85040F60012C2F2000285
:10FAA000127E103240EA022008602421C4F21601BE
:10FAB000002008602C20C4F2160000681290FFE7B6
:10FAC00048F2A060C0F201000390FFE73420C4F2C6
:10FAD00016000068C00768B1FFE70398013803907B
:10FAE00038B9FFE740F69C61C2F2000101200870BE
:10FAF00000E0EBE7FFE7FFE740F69C60C2F20000A2
:10FB0000007818B1FFE70820019003E09DF84C0051
:10FB10000190FFE701988DF85F00FFE79DF85F0017
:10FB200018B080BD86B00590059808B9FFE799E048
:10FB30000598212803D3FFE72020019002E00598D3
:10FB40000190FFE701980490FFE72021C4F216011D
:10FB5000086840F6FF72CFF2E002104000F18070BA
:10FB600008601021C4F21601086820F4F850049BC4
:10FB70006FF0FF0202EB0322104308602421C4F25D
:10FB80001601002008602C21C4F216010860FFE76E
:10FB900048F2A060C0F201000390FFE73420C4F2F5
:10FBA00016000068C00768B1FFE7039801380390AA
:10FBB00038B9FFE740F69C61C2F2000101200870ED
:10FBC00000E0EBE7FFE7FFE704990598401A05908E
:10FBD000FFE70598002845D0FFE70598212803D3C3
:10FBE000FFE72020009002E005980090FFE70098D2
:10FBF0000490FFE71021C4F21601086820F4F850C1
:10FC0000049B6FF0FF0202EB0322104308602421E3
:10FC1000C4F21601002008602C21C4F2160108600D
:10FC2000FFE748F2A060C0F201000290FFE7342035
:10FC3000C4F216000068C00768B1FFE702980138F7
:10FC4000029038B9FFE740F69C61C2F20001012042
:10FC5000087000E0EBE7FFE7FFE704990598401A1A
:10FC60000590B6E706B0704787B0069005910698F4
:10FC7000C0080490069800F007000390049800283C
:10FC80007DD0FFE7FFE72021C4F21601086840F6A7
:10FC9000FF72CFF2E002104000F180700860102186
:10FCA000C4F216010868072262F30C2008602421C0
:10FCB000C4F21601002008600598411C05910078E7
:10FCC0002C21C4F216010860FFE748F2A060C0F2E0
:10FCD00001000290FFE73420C4F216000068C0075C
:10FCE00068B1FFE702980138029038B9FFE740F6A3
:10FCF0009C61C2F200010120087000E0EBE7FFE721
:10FD0000FFE7049801380490FFE70498411E04912E
:10FD1000A0B3FFE7FFE71021C4F21601086807222D
:10FD200062F30C2008602421C4F216010020086050
:10FD30000598411C059100782C21C4F21601086039
:10FD4000FFE748F2A060C0F201000190FFE7342015
:10FD5000C4F216000068C00768B1FFE701980138D7
:10FD6000019038B9FFE740F69C61C2F20001012022
:10FD7000087000E0EBE7FFE7FFE7C6E7FFE703985F
:10FD8000002843D0FFE7FFE72021C4F216010868EE
:10FD900040F6FF72CFF2E002104000F18070086080
:10FDA0001021C4F21601086820F4F850039B6FF08C
:10FDB000FF0202EB0322104308602421C4F2160163
:10FDC00000200860059800782C21C4F21601086014
:10FDD000FFE748F2A060C0F201000090FFE7342086
:10FDE000C4F216000068C00768B1FFE70098013848
:10FDF000009038B9FFE740F69C61C2F20001012093
:10FE0000087000E0EBE7FFE7FFE7FFE707B07047A8
:10FE10008DB00C900B910A920C9800F03F00089066
:10FE2000089818B9FFE740200890FFE79DF83000D8
:10FE30000006002840F11681FFE708990020B0EB8A
:10FE4000D10F00F08680FFE7FFE72021C4F2160102
:10FE500008684FF60062CFF2FF02104000F1007018
:10FE600008601021C4F216010868072262F30C2012
:10FE700008602421C4F21601002008602C20C4F27E
:10FE8000160000680990FFE748F2A060C0F2010088
:10FE90000790FFE73420C4F216000068C00768B17D
:10FEA000FFE707980138079038B9FFE740F69C61F3
:10FEB000C2F200010120087000E0EBE7FFE7FFE776
:10FEC00009980A994A1C0A920870089808380890FC
:10FED000FFE708990020B0EBD10F39D0FFE7FFE72B
:10FEE0001021C4F216010868072262F30C20086092
:10FEF0002421C4F21601002008602C20C4F2160050
:10FF000000680990FFE748F2A060C0F20100069087
:10FF1000FFE73420C4F216000068C00768B1FFE7AD
:10FF200006980138069038B9FFE740F69C61C2F2A6
:10FF300000010120087000E0EBE7FFE7FFE7099808
:10FF40000A994A1C0A920870089808380890C0E775
:10FF5000FFE70898002800F08480FFE70C9800F085
:10FF60003F000899884242D1FFE7FFE72021C4F211
:10FF7000160108684FF60062CFF2FF02104000F150
:10FF8000007008601021C4F21601086820F4F850CF
:10FF9000089B6FF0FF0202EB03221043086024214C
:10FFA000C4F21601002008602C20C4F2160000687C
:10FFB0000990FFE748F2A060C0F201000590FFE75A
:10FFC0003420C4F216000068C00768B1FFE7059846
:10FFD0000138059038B9FFE740F69C61C2F2000194
:10FFE0000120087000E0EBE7FFE7FFE735E0FFE7FF
:10FFF0001021C4F21601086820F4F850089B6FF035
:020000040201F7
:10000000FF0202EB0322104308602421C4F2160110
:10001000002008602C20C4F2160000680990FFE759
:1000200048F2A060C0F201000490FFE73420C4F25F
:1000300016000068C00768B1FFE704980138049013
:1000400038B9FFE740F69C61C2F200010120087058
:1000500000E0EBE7FFE7FFE7FFE709980A99087080
:10006000FFE70FE108990020B0EBD10F00F082808C
:10007000FFE7FFE72021C4F21601086840F6FF728F
:10008000CFF2E002104000F1807008601021C4F24D
:1000900016010868072262F30C2008602421C4F2CC
:1000A0001601002008600B98411C0B9100782C2150
:1000B000C4F216010860FFE748F2A060C0F2010038
:1000C0000390FFE73420C4F216000068C00768B14F
:1000D000FFE703980138039038B9FFE740F69C61C9
:1000E000C2F200010120087000E0EBE7FFE7FFE744
:1000F000089808380890FFE708990020B0EBD10F66
:1001000037D0FFE7FFE71021C4F216010868072285
:1001100062F30C2008602421C4F21601002008605C
:100120000B98411C0B9100782C21C4F21601086039
:10013000FFE748F2A060C0F201000290FFE7342020
:10014000C4F216000068C00768B1FFE702980138E2
:10015000029038B9FFE740F69C61C2F2000101202D
:10016000087000E0EBE7FFE7FFE708980838089021
:10017000C2E7FFE70898002800F08380FFE70C98AB
:1001800000F03F000899884243D1FFE7FFE72021B4
:10019000C4F21601086840F6FF72CFF2E002104088
:1001A00000F1807008601021C4F21601086820F484
:1001B000F850089B6FF0FF0202EB03221043086027
:1001C0002421C4F21601002008600B9800782C212D
:1001D000C4F216010860FFE748F2A060C0F2010017
:1001E0000190FFE73420C4F216000068C00768B130
:1001F000FFE701980138019038B9FFE740F69C61AC
:10020000C2F200010120087000E0EBE7FFE7FFE722
:1002100036E0FFE71021C4F21601086820F4F85018
:10022000089B6FF0FF0202EB0322104308602421B9
:10023000C4F21601002008600B9800782C21C4F24B
:1002400016010860FFE748F2A060C0F201000090CC
:10025000FFE73420C4F216000068C00768B1FFE76A
:1002600000980138009038B9FFE740F69C61C2F26F
:1002700000010120087000E0EBE7FFE7FFE7FFE780
:10028000FFE7FFE70DB0704705480047FEE7FEE7D0
:10029000FEE7FEE7FEE7FEE7FEE7FEE7FEE7FEE736
:1002A000FDF000022DE9F05F0546002092469B46D6
:1002B00088460646814640241BE02846414647467C
:1002C000224600F096F953465A46C01A914110D37F
:1002D00011461846224600F07DF92D1A67EB0108F9
:1002E0004F4622460120002100F074F917EB000967
:1002F0004E41201EA4F10104DFDC484631462A4667
:100300004346BDE8F09F40EA01039B0703D009E0A4
:1003100008C9121F08C0042AFAD203E011F8013BF1
:1003200000F8013B521EF9D27047D2B201E000F84A
:10033000012B491EFBD270470022F6E710B5134689
:100340000A4604461946FFF7F0FF204610BD421C3E
:1003500010F8011B0029FBD1801A704730B5044604
:100360000020034600E05B1C934203D2E05CCD5CBE
:10037000401BF8D030BD2DE9FE4F804681EA0300D6
:10038000C00F0C46009021F0004123F00045B8EB6F
:100390000200A94105D24046214690461C460B4624
:1003A000024623F00040104347D0270DC7F30A0050
:1003B000C3F30A510290401A019040286BDAC3F34C
:1003C000130040F4801B0098924620B10023D2EB2A
:1003D000030A63EB0B0B01985946C0F140025046EB
:1003E00000F0F8F806460D4650465946019A00F0CE
:1003F00010F910EB08006141002487EA115284EAE9
:10040000E7731A4340D0009A62B3019A012A4FEA77
:10041000075215DC001B61EB02014FF0004202EABB
:100420000752CDE90042001C41F5801132462B46AF
:1004300000F010F903B0BDE8F08F40462146F9E71F
:10044000001B61EB0201001C41F5801300185B41A9
:100450002018A2F5001747EB030140EAD570B61942
:100460006D4111E06D084FEA360645EAC0754FEA66
:100470000752001B61EB0201001C41F58011490885
:100480004FEA30000019514132462B4603B0BDE817
:10049000F04F00F0D0B80098012240000023D0EBCC
:1004A000020263EBE073009821464FEAE074B8EB78
:1004B000000061EB0401E9E783F000435BE781F0B2
:1004C000004158E72DE9FE4F81EA030404F000449F
:1004D00021F0004100944FF0000B23F0004350EA5C
:1004E00001045ED052EA03045BD0C3F30A54C1F3A3
:1004F0000A552C44A4F2F3340194A0FB0254C1F336
:10050000130141F48011C3F3130343F4801301FB7F
:10051000024400FB034E840A970A44EA815447EAE6
:100520008357A4FB076802958D0A05FB07854FEAF0
:10053000932C04FB0C542705029D4FEA065847EA0A
:100540001637B5EB08056EEB070C870E920E47EADF
:10055000811742EA8312A7FB0201B6EB0B0164EBA1
:1005600000042B0D43EA0C335E1844EB1C50DA46B2
:100570005146E7FB0201C5F313044FEA0B3343EA8C
:1005800014534FEA0432019C43EA0603A4F10C041D
:100590000294009CCDE900B400F05CF803B0BDE823
:1005A000F08F00200146F9E730B50B4601460020E8
:1005B0002022012409E021FA02F59D4205D303FA25
:1005C00002F5491B04FA02F52844151EA2F10102A6
:1005D000F1DC30BD202A04DB203A00FA02F10020D1
:1005E00070479140C2F1200320FA03F31943904071
:1005F0007047202A04DB203A21FA02F000217047DC
:1006000021FA02F3D040C2F120029140084319467A
:100610007047202A06DBCB17203A41FA02F043EA62
:10062000E07306E041FA02F3D040C2F120029140AB
:1006300008431946704710B5141E73F1000408DA18
:10064000401C41F1000192185B411A4301D120F096
:10065000010010BD2DE9F04D92469B4611B1B1FA53
:1006600081F202E0B0FA80F220329046FFF7B2FF4A
:1006700004460F4640EA0A0041EA0B0153465A4637
:10068000084313D0114653EA010019D0C8F14002C3
:100690005046FFF7AEFF05460E46504659464246C5
:1006A000FFF798FF084305D0012004E020463946B3
:1006B000BDE8F08D0020054346EAE0762C43374341
:1006C0000A986305E40AA0EB08000022FD0A44EA48
:1006D00047540A3002D500200146E9E70105101908
:1006E0006941DDE9084500196941BDE8F04DA2E71F
:1006F0002DE9F04D81EA030404F0004B21F00045A0
:1007000014464FF0000A23F0004150EA050220D0C1
:1007100054EA01021DD0C5F30A570246C5F313037C
:10072000C1F31300C1F30A5640F4801543F480135B
:10073000A7EB0608101BD64608F2FD3873EB050040
:1007400002D308F1010801E092185B41B8F1000FF3
:1007500003DA00200146BDE8F08D00204FF480113F
:10076000064684460EE0171B73EB050705D3121BE4
:1007700063EB050306434CEA010C49084FEA3000DD
:1007800092185B4150EA0107EDD152EA030012D002
:1007900082EA040083EA0501084305D0101BAB413F
:1007A00006D20122002306E000224FF0004302E0BF
:1007B0006FF0010253101AEB06004CEB085110EBDE
:1007C0000A0041EB0B01BDE8F04DFFF734BFC1F368
:1007D0000A52C1F3130140F2FF3341F480119A42EF
:1007E00002DA00200146704740F233439A42A2F2F7
:1007F000334202DC5242FFF7FCBEFFF7EBBE0000C3
:1008000030B5041E71F1000404DB4FF00044404297
:1008100064EB0101141E73F1000405DB1C464FF06C
:100820000043524263EB0403994208BF904230BD3B
:100830001CB509480090094801900546009C06E057
:10084000E06840F0010394E8070098471034AC4298
:10085000F6D3FEF757FC0000C8ED0102E8ED0102F7
:1008600030B58C1810F8012B12F00F0301D110F8DD
:10087000013B120906D110F8012B03E010F8015BCF
:1008800001F8015B5B1EF9D101E001F8013B521E4A
:10089000FBD1A142E6D3002030BD0000FFE7FEE718
:1008A00080B584B0039002910398007818B9FFE7EF
:1008B0000120019003E0039800780190FFE7019880
:1008C000012809D1FFE740F60011C2F20001012022
:1008D000087001F077FF02E000200190FFE7019827
:1008E000029908704FF0011004B080BD85B00290ED
:1008F000019102980088009040F62010C2F200009A
:1009000000684CF6CD41CCF6CC41A0FB0110C008EC
:100910004FF2A171C1F2C601A0FB0101022000EB60
:10092000114045F25651C5F25551A0FB0101009806
:10093000484300900098049004980390FFE70398C0
:100940000138039003980028F9D1FFE701990020AE
:1009500008700120C0F2020005B0704780B582B077
:10096000019040F60011C2F20001002000900870D2
:1009700001F00CFF009801990870012002B080BDC1
:1009800085B004900391049802900498013004907B
:100990000498411C049100780190FFE70198F8B198
:1009A000FFE70498411C0491007800909DF8000036
:1009B000800700280BD5FFE79DF80000C00600283F
:1009C00004D5FFE7049804300490FFE703E004989F
:1009D00004300490FFE7FFE7019801380190DDE75C
:1009E0000399002008700399487004980299401AEE
:1009F0000004023005B0704780B586B004900391C2
:100A0000049800787F2832D1FFE70498411C0491B4
:100A1000007803994A1C039208700498411C0491C1
:100A200000780290029803994A1C039208704FF0D4
:100A300002100190FFE70298411E0291A0B1FFE76A
:100A40000498039900F07CF90090009901980844FB
:100A50000190BDF80210049808440490BDF80010FD
:100A6000039808440390E6E70198059005E0049890
:100A7000039900F065F90590FFE7059806B080BD81
:100A800081B00090002001B07047000081B000905C
:100A9000002001B07047000081B00090002001B03C
:100AA0007047000081B00090002001B07047000046
:100AB00081B00090002001B07047000081B000902C
:100AC000002001B07047000081B00090002001B00C
:100AD0007047000081B00090002001B07047000016
:100AE00080B584B00290019102980078014600918F
:100AF00020B1FFE70098012807D00DE00298407868
:100B000000F0010001F0EEF90EE00298407800F0EC
:100B1000010001F0FFF907E00199FF2008700120B2
:100B2000C0F20200039007E0019900200870012044
:100B3000C0F202000390FFE7039804B080BD0000FC
:100B400080B584B08DF80F00029100208DF8070069
:100B50009DF80F000146009101283CD0FFE7009866
:100B600002283ED0FFE70098032840D0FFE7009816
:100B7000042842D0FFE7009805284BD0FFE70098F3
:100B800006284DD0FFE7009807284FD0FFE70098D0
:100B9000082851D0FFE70098092853D0FFE70098B4
:100BA000F02855D0FFE70098F1285BD0FFE70098C8
:100BB000FB2858D0FFE70098FC2855D0FFE70098A5
:100BC000FD2852D0FFE70098FE2859D0FFE7009893
:100BD000FF284BD05BE00298FFF77CFF8DF8070001
:100BE00056E00298FFF752FF8DF8070050E0029898
:100BF000FFF752FF8DF807004AE006208DF8070046
:100C000002989DF807204EF29201C0F20121FFF7F1
:100C10007AFB3DE00298FFF757FF8DF8070037E0B9
:100C20000298FFF74BFF8DF8070031E00298FFF7BD
:100C30003FFF8DF807002BE00298FFF733FF8DF898
:100C4000070025E00298FFF71BFF8DF807001FE063
:100C500002991120087002990120487002208DF835
:100C6000070015E014E013E012E011E002994020C3
:100C7000087002990020487002208DF8070007E0F4
:100C800002990820087001208DF8070000E0FFE7B6
:100C90009DF8070004B080BD83B0029001910298D6
:100CA000007800900199FF20087000994FF0011022
:100CB00000EB014003B0704782B0019000910099B1
:100CC000FF2008704FF0011002B0704787B0069007
:100CD00005910599481C0590FF200870012002909D
:100CE00001900698411C069100780390FFE7039855
:100CF000411E0391E8B1FFE70698411C0691007878
:100D00000490049800F03F000090009818B9FFE7A5
:100D100040200090FFE700980730C008009000993D
:100D20000698084406900098029908440130029001
:100D3000DDE70299019840EA014007B070470000E2
:100D400080B586B004900391049890F90000B0F14A
:100D5000FF3F0BDCFFE7049800789F2806D8FFE7E9
:100D60000498039900F0A6F80590A0E00498007894
:100D700003994A1C039208700498411C049100785E
:100D8000014601911D2800F285800199DFE801F0FC
:100D90000F1E242A6A7076827C2F3582828282829C
:100DA0003A40464C585E6482828282828252049823
:100DB000007803990131FFF7C3FE0290029803996E
:100DC0000870029800F10210059070E004980399F1
:100DD000FFF786FE029065E004980399FFF760FD37
:100DE00002905FE00398FFF7B9FD02905AE0049883
:100DF0000399FFF77BFD029054E0039800F0A6F8FA
:100E000002904FE00498039900F0E0FD029049E061
:100E10000498039900F0BAFD029043E00498039906
:100E200000F0B8FE02903DE00498039900F0C2F88B
:100E3000029037E00498039900F0DAF8029031E06C
:100E400004980399FFF742FF02902BE0049803995E
:100E5000FFF722FF029025E004980399FFF72CFF8B
:100E600002901FE00498039900F020FF029019E01F
:100E70000498039900F0C8FE029013E004980399C7
:100E800000F0DEFE02900DE00498039900F02CFFC4
:100E9000029007E00399FF2001F8010C4FF00110C8
:100EA000059004E0029800F101100590FFE7059815
:100EB00006B080BD84B0039002914FF00110019004
:100EC0000398007802994A1C029208700398411C0A
:100ED000039100788038014600911F2832D800998C
:100EE000DFE801F0101112131415161718191A1B48
:100EF0001C1D1E1F202122232425262728292A2BBA
:100F00002C2D2E2F1EE01DE01CE01BE01AE019E046
:100F100018E017E016E015E014E013E012E011E02D
:100F200010E00FE00EE00DE00CE00BE00AE009E05D
:100F300008E007E006E005E004E003E002E001E08D
:100F400000E0FFE7019804B07047000080B582B070
:100F5000019001F06FFC0199487001990020087020
:100F6000022002B080BD000080B582B04FF4802026
:100F7000009001900320C0F2300001F0C3FC009803
:100F800045F22802C4F201021168019B994341F421
:100F90008021116045F23402C4F201021168019B04
:100FA0009943116045F22C01C4F20101086002B0BE
:100FB00080BD000083B002900191029800788DF806
:100FC00003009DF8030000F00300013040F600111B
:100FD000C2F2000108769DF80300C0F38000487655
:100FE0000199002008704FF0011003B07047000015
:100FF00080B588B0079006910699481C069000209D
:1010000008700120039002900798411C0791007816
:101010000490FFE70498411E0491002841D0FFE7A7
:101020000798411C079100780590059800F03F0053
:101030000190019818B9FFE740200190FFE701985F
:101040000730C00801909DF814000006002801D563
:10105000FFE700E0FFE705980799069AFEF7D8FE3C
:10106000049808B9FFE7FFE79DF814000006002880
:101070000CD5FFE7039801300390019906980844C6
:101080000690019902980844029009E00199079896
:101090000844079001980399084401300390FFE742
:1010A000B8E70399029840EA014008B080BD00000B
:1010B00080B59AB019901891199817900020139044
:1010C00012901899149118990231189140F61C1138
:1010D000C2F2000108701190109019980130199017
:1010E0001998411C199100781690FFE7169800286E
:1010F00000F05582FFE71998411C1991007815906E
:101100009DF854008007002840F1A681FFE7119860
:10111000002873D0FFE740F60010C2F20000008AFA
:101120000D90159800F01100012824D1FFE7FFE78A
:1011300015980CA9FEF7FCF81290FFE71299002011
:1011400002290B9011D1FFE70D99481E0D90002048
:101150000B9051B1FFE740F61C10C2F2000000787E
:10116000B0FA80F040090B90FFE70B98C007002809
:10117000DED1FFE725E0FFE70E200CA9FEF7D8F847
:101180001290FFE71299002002290A9011D1FFE77F
:101190000D99481E0D9000200A9051B1FFE740F6CE
:1011A0001C10C2F200000078B0FA80F040090A90EA
:1011B000FFE70A98C0070028DED1FFE70020119062
:1011C000FFE71298012801D0FFE7E8E10C98189991
:1011D0004A1C189208700C98000A18994A1C189218
:1011E0000870BDF8320018994A1C189208709DF8D2
:1011F000330018994A1C18920870FFE79DF85400B4
:10120000C006002840F1AA80FFE7199800680F90F7
:1012100019980430199040F60010C2F20000408A7C
:101220000E909DF85400C00778B3FFE740F6001019
:10123000C2F20000008A0D90FFE715980021FEF72A
:1012400077F81290FFE7129900200229099011D136
:10125000FFE70D99481E0D900020099051B1FFE75E
:1012600040F61C10C2F200000078B0FA80F040098D
:101270000990FFE70998C0070028DED1FFE7129820
:10128000012801D0FFE78AE1FFE7FFE740F6001001
:10129000C2F20000008A0D90FFE715980CA9FEF736
:1012A00047F81290FFE7129900200229089011D107
:1012B000FFE70D99481E0D900020089051B1FFE7FF
:1012C00040F61C10C2F200000078B0FA80F040092D
:1012D0000890FFE70898C0070028DED1FFE71298C2
:1012E000012801D0FFE723E0FFE70C9840F600114A
:1012F000C2F20001496901400F9A00209142079013
:1013000011D0FFE70E99481E0E900020079051B1B2
:10131000FFE740F61C10C2F200000078B0FA80F03F
:1013200040090790FFE70798C0070028AED1FFE704
:101330000C9840F60011C2F20001496908400F996B
:10134000884205D0FFE7129840F010001290FFE7A6
:101350001298012801D0FFE721E17AE040F6001061
:10136000C2F20000008A0D909DF85400C00778B3C7
:10137000FFE7119858BBFFE7FFE715980021FDF73D
:10138000D7FF1290FFE7129900200229069011D191
:10139000FFE70D99481E0D900020069051B1FFE720
:1013A00040F61C10C2F200000078B0FA80F040094C
:1013B0000690FFE70698C0070028DED1FFE71298E5
:1013C000012801D0FFE7EAE001201190FFE73FE0AC
:1013D000FFE715980CA9FDF7ABFF1290FFE71299F4
:1013E00000200229059011D1FFE70D99481E0D90AC
:1013F0000020059051B1FFE740F61C10C2F200003A
:101400000078B0FA80F040090590FFE70598C00722
:101410000028DED1FFE71298012801D0FFE7BEE0E7
:101420000C9818994A1C189208700C98000A189980
:101430004A1C18920870BDF8320018994A1C18927C
:1014400008709DF8330018994A1C18920870FFE73D
:10145000FFE70020109092E01198002848D0FFE7A5
:1014600040F60010C2F20000008A0D90FFE70E2047
:101470000CA9FDF75DFF1290FFE7129900200229E9
:10148000049011D1FFE70D99481E0D9000200490A3
:1014900051B1FFE740F61C10C2F200000078B0FA2C
:1014A00080F040090490FFE70498C0070028DED1CF
:1014B000FFE71298012801D0FFE770E00C98189917
:1014C0004A1C189208700C98000A18994A1C189225
:1014D0000870BDF8320018994A1C189208709DF8DF
:1014E000330018994A1C1892087000201190FFE7E9
:1014F000199800680C901998043019909DF85400C0
:101500008006002809D5FFE70C9840F60011C2F2CA
:10151000000148610120129030E040F60010C2F254
:101520000000008A0D90FFE715980CA9FDF700FF59
:101530001290FFE7129900200229039011D1FFE7D2
:101540000D99481E0D900020039051B1FFE740F621
:101550001C10C2F200000078B0FA80F0400903903D
:10156000FFE70398C0070028DED1FFE712980128A3
:1015700001D0FFE713E001201090FFE7FFE7139889
:101580000130139040F61C10C2F20000007808B140
:10159000FFE704E0FFE7169801381690A6E5FFE79D
:1015A0001698F8B1FFE71998411C19910078159029
:1015B0009DF85400800700280BD5FFE79DF85400E4
:1015C000C006002804D5FFE7199804301990FFE7FA
:1015D00003E0199804301990FFE7FFE716980138E7
:1015E0001690DDE71298012879D1FFE711980028BD
:1015F00046D0FFE740F60010C2F20000008A0D90CE
:10160000FFE70E200CA9FDF793FE1290FFE7129959
:1016100000200229029011D1FFE70D99481E0D907C
:101620000020029051B1FFE740F61C10C2F200000A
:101630000078B0FA80F040090290FFE70298C007F6
:101640000028DED1FFE71298012801D0FFE747E02C
:101650000C9818994A1C189208700C98000A18994E
:101660004A1C18920870BDF8320018994A1C18924A
:1016700008709DF8330018994A1C189208702DE0E4
:10168000109850B3FFE740F60010C2F20000008A45
:101690000D90FFE70E200021FDF74AFE1290FFE7B4
:1016A000129900200229019011D1FFE70D99481EDF
:1016B0000D900020019051B1FFE740F61C10C2F2DE
:1016C00000000078B0FA80F040090190FFE701982F
:1016D000C0070028DED1FFE7FFE7FFE7FFE7FFE7EE
:1016E00013981499087012981499487019981799BA
:1016F000411A1898149A801A40EA01401AB080BD25
:1017000080B58EB00D900C910020099008900C9936
:1017100007910C9903310C9140F61C11C2F20001A3
:1017200008700D9801300D900D9800880B900D9861
:1017300002300D900B9808B9FFE704E10D98411CA9
:101740000D9100780A909DF828008007002840F14C
:101750009180FFE79DF82800C00778B3FFE740F6C7
:101760000010C2F20000008A0690FFE70A980021EC
:10177000FDF7DEFD0890FFE708990020022904909C
:1017800011D1FFE70699481E06900020049051B140
:10179000FFE740F61C10C2F200000078B0FA80F0BB
:1017A00040090490FFE70498C0070028DED1FFE756
:1017B0000898012801D0FFE7C5E0FFE7FFE70B9895
:1017C000411E0B91002854D0FFE70B9840B9FFE76A
:1017D0009DF82800C00718B1FFE70E200A90FFE728
:1017E00040F60010C2F20000008A0690FFE70A9857
:1017F00005A9FDF79DFD0890FFE708990020022943
:10180000039011D1FFE70699481E0690002003902F
:1018100051B1FFE740F61C10C2F200000078B0FAA8
:1018200080F040090390FFE70398C0070028DED14D
:10183000FFE70898012801D0FFE784E005980C999C
:101840004A1C0C9208700598000A0C994A1C0C92CC
:101850000870BDF816000C994A1C0C9208709DF88F
:1018600017000C994A1C0C920870099801300990D5
:10187000A5E767E0FFE70B98411E0B91C0B3FFE7B8
:101880000D98006805900D9804300D9040F60010FA
:10189000C2F20000008A0690FFE70A9805A9FDF74A
:1018A00047FD0890FFE7089900200229029011D116
:1018B000FFE70699481E06900020029051B1FFE70D
:1018C00040F61C10C2F200000078B0FA80F0400927
:1018D0000290FFE70298C0070028DED1FFE70898D2
:1018E000012801D0FFE72EE0099801300990C2E7F6
:1018F00040F60010C2F20000008A0690FFE70E20BA
:101900000021FDF715FD0890FFE708990020022946
:10191000019011D1FFE70699481E06900020019022
:1019200051B1FFE740F61C10C2F200000078B0FA97
:1019300080F040090190FFE70198C0070028DED140
:10194000FFE7FFE7FFE70998079908700998000A81
:10195000079948700898079988700C980799401A59
:101960000EB080BD80B584B0039002910398D0F88A
:10197000010001900020009001A9FDF7D9FC00981A
:1019800002990870012004B080BD000080B586B0C7
:1019900004900391049800680290029840B9FFE710
:1019A0000399FF2008700120C0F2040005900AE0AE
:1019B000029801F037FC0399002008700120C0F262
:1019C00004000590FFE7059806B080BD80B590B093
:1019D0000C900B910C9800780A900C984078099024
:1019E0000C98D0F8020008909DF82400C00740B180
:1019F000FFE79DF82800C00708B1FFE700E0FFE718
:101A0000FFE79DF824008007002809D5FFE79DF82F
:101A100028008007002801D5FFE700E0FFE7FFE787
:101A20009DF824004007002804D5FFE70A988008A5
:101A30000D90FFE79DF824008006002804D5FFE7FD
:101A40000A9840090E90FFE79DF824000006002840
:101A50001FD5FFE70A98C0090F90092006900021C2
:101A600000F0B8FD0698012100F0A2FA0F9828B105
:101A7000FFE70920002100F09FF909E00920059007
:101A8000002100F0EBF90598012100F095F9FFE73E
:101A9000FFE70898002861D0FFE70120089001F0D7
:101AA00059FC0790FFE79DF82400C00760B1FFE7ED
:101AB0000A980490072000F057F90146049848401E
:101AC00001D0FFE741E0FFE79DF8240080070028F0
:101AD0000CD5FFE70A980390082000F045F9039918
:101AE00090EA510F01D0FFE72FE0FFE79DF82400B7
:101AF0004007002808D5FFE70A990020B0EB910FB6
:101B000001D0FFE721E0FFE79DF8240080060028D0
:101B100008D5FFE70A990020B0EB511F01D0FFE77D
:101B200013E0FFE79DF82400000600280CD5FFE72E
:101B30000A980290092000F017F9029990EAD11F43
:101B400001D0FFE701E0FFE707E001F003FC0799A0
:101B5000401A08998842A6D3FFE7FFE7072000F064
:101B600003F90090082000F0FFF80146009840EAD1
:101B700041000190092000F0F7F80146019840EA81
:101B8000C1100A900A980B9908700120C0F2060053
:101B900010B080BD80B584B0039002910398411CC1
:101BA000039100780190019820B9FFE74FF480700D
:101BB0000190FFE701980399FEF756F8029900207B
:101BC000087001980730C008019001994FF001108A
:101BD00000EB014004B080BD80B540F60011C2F2B8
:101BE000000100200870087364220A82488248615C
:101BF00001220A76487649F28060C0F2980001F02E
:101C000011FBFFF7B1F980BD80B584B0039002915C
:101C100040F60010C2F200000078012806D1FFE76C
:101C200003980299FFF744FA019005E0039802999E
:101C3000FEF7A6FE0190FFE7019804B080BD00000A
:101C400080B584B00390029140F60010C2F200000B
:101C50000078012806D1FFE703980299FFF750FDAD
:101C6000019009E0029900200870029948700299D9
:101C7000887003200190FFE70398C0788007002850
:101C800005D5FFE7019840F4802001900BE0039810
:101C900041788078800640EA814000F580210198F3
:101CA00008430190FFE7019804B080BD82B0019025
:101CB00000910198007840F60011C2F2000108730B
:101CC000019A5078927840EA02200882019AD078EE
:101CD000127940EA02204882009900200870012011
:101CE000C0F2050002B0704780B584B00390029145
:101CF00040F60010C2F200000078012806D1FFE78C
:101D000003980299FFF72EFE019005E00299FF204B
:101D1000087001200190FFE7019840F4A02004B072
:101D200080BD00007047000082B001908DF8031064
:101D30008DF802209DF8020050B1FFE79DF80310D6
:101D4000012000FA01F2019908681043086009E0D7
:101D50009DF80310012000FA01F2019908689043F0
:101D60000860FFE702B0704784B08DF80F009DF85F
:101D70000F1045F20000C4F201001429C4BF46F25E
:101D80000000C4F2010002909DF80F00152805DB49
:101D9000FFE79DF80F001538009003E09DF80F0055
:101DA0000090FFE7009801900298006A0199C840EE
:101DB00000F0010004B0704780B586B08DF81700C0
:101DC0008DF816109DF8171045F20000C4F20100BE
:101DD0001429C4BF46F20000C4F2010004909DF82B
:101DE0001700152805DBFFE79DF81700153802904E
:101DF00003E09DF817000290FFE7029803909DF81A
:101E00001600032817D0FFE7049828309DF80C101F
:101E10009DF81620002A18BF0122FFF785FF0498BD
:101E200034309DF80C109DF81620B2FA82F2520957
:101E3000FFF77AFF0FE0049828309DF80C1000227D
:101E40000192FFF771FF019A049834309DF80C104D
:101E5000FFF76AFFFFE706B080BD000084B08DF891
:101E60000F008DF80E109DF80F1045F20000C4F21F
:101E700001001429C4BF46F20000C4F20100029020
:101E80009DF80F00152805DBFFE79DF80F001538BA
:101E9000009003E09DF80F000090FFE7009801908C
:101EA0009DF80E0048B1FFE70199012000FA01F208
:101EB0000299086B1043086308E00199012000FAB9
:101EC00001F20299C86A1043C862FFE704B0704784
:101ED00080B54EF2E060C0F201200BF061FCFFE73C
:101EE000FEE7000081B00090009840B1FFE745F2A6
:101EF0003001C4F201014FF48020086007E045F290
:101F00002C01C4F201014FF480200860FFE701B00A
:101F10007047000081B0009001B07047FFE7FEE716
:101F2000FFE7FEE780B586B08DF817009DF8170033
:101F30000021019100F04EFB01999DF8170000F07F
:101F400037F815208DF816009DF817109DF816200B
:101F500045F20000C4F201009142A4BF46F2000025
:101F6000C4F2010004909DF817009DF816108842F5
:101F700007DBFFE79DF817009DF81610401A009048
:101F800003E09DF817000090FFE700980390039985
:101F900001208840C0430290029A0499886A104048
:101FA0008862029A0499486B1040486306B080BD6D
:101FB00086B08DF817008DF816109DF81700049064
:101FC000049900201F29C8BF01200390049800F045
:101FD0001F01012088400290039946F28000C4F25C
:101FE000000000EB81000190039946F28800C4F2E2
:101FF000000000EB810000909DF8160030B9FFE76B
:10200000029A019908689043086016E09DF816004E
:10201000012806D1FFE7029A00990868104308607A
:1020200005E0029A0099086890430860FFE7029A69
:102030000199086810430860FFE7002006B0704768
:1020400080B586B0DDF820C08DF8130003910292B0
:1020500001939DF813007F2812D1FFE7029946F201
:102060004000C4F2000000EB81009DF804209DF8C0
:1020700020304FF0FF3105F051FE0020059024E0A4
:1020800003989DF8131004F0D7FB00900098B0F16E
:10209000FF3F03DCFFE70098059016E0029946F247
:1020A0004000C4F2000000EB810000999DF804207C
:1020B0009DF8203005F032FE9DF813009DF80C10BD
:1020C00000F088FA00200590FFE7059806B080BD73
:1020D000B0B584B094468E4604460A980999089A89
:1020E0008DF80B408DF80AE08DF809C08DF80830A6
:1020F0008DF807208DF806108DF805009DF80A0070
:102100009DF80B1001EB410C4EF2B001C0F2012121
:1021100011F81C104EF2A402C0F2012212F81C2089
:102120004EF29803C0F2012313F81C30EC46CCF8B1
:1021300000300523FFF784FF20B1FFE74FF0FF30A9
:102140000390C5E09DF809009DF80B1001EB410CD0
:102150004EF2B001C0F2012101EB4C0149784EF280
:10216000A402C0F2012202EB4C0252784EF2980314
:10217000C0F2012303EB4C035B78EC46CCF8003053
:102180000523FFF75DFF20B1FFE76FF0010003902B
:102190009EE09DF808009DF80B1001EB410C4EF2FB
:1021A000B001C0F2012101EB4C0189784EF2A4028A
:1021B000C0F2012202EB4C0292784EF29803C0F278
:1021C000012303EB4C039B78EC46CCF8003005234D
:1021D000FFF736FF20B1FFE76FF00200039077E0D2
:1021E0009DF807009DF80B1001EB410C4EF2B00179
:1021F000C0F2012101EB4C01C9784EF2A402C0F2F9
:10220000012202EB4C02D2784EF29803C0F2012375
:1022100003EB4C03DB78EC46CCF800300523FFF7EA
:102220000FFF20B1FFE76FF00300039050E09DF82F
:1022300006009DF80B1001EB410C4EF2B001C0F20C
:10224000012101EB4C0109794EF2A402C0F20122F6
:1022500002EB4C0212794EF29803C0F2012303EB19
:102260004C031B79EC46CCF800300523FFF7E8FE61
:1022700020B1FFE76FF00400039029E09DF805000E
:102280009DF80B1001EB410C4EF2B001C0F20121A0
:1022900001EB4C0149794EF2A402C0F2012202EB9B
:1022A0004C0252794EF29803C0F2012303EB4C0327
:1022B0005B79EC46CCF800300523FFF7C1FE20B176
:1022C000FFE76FF00500039002E000200390FFE7B6
:1022D000039804B0B0BD0000B0B588B094468E46F7
:1022E00004460E980D990C9A8DF81B408DF81AE053
:1022F0008DF819C08DF818308DF817208DF816104C
:102300008DF815009DF81B009DF81A109DF81920F6
:102310009DF818309DF817C09DF816409DF815508F
:10232000EE46CEF80850CEF80440CEF800C0FFF7D5
:10233000CFFE0490049818B1FFE7049807907FE05F
:102340009DF81A009DF81B1001EB41024EF2BC01F2
:10235000C0F2012111F8121000F03CF920B1FFE7A2
:102360004FF0FF3007906BE09DF819009DF81B10AF
:1023700001EB41024EF2BC01C0F2012101EB42012E
:10238000497800F027F920B1FFE76FF001000790CE
:1023900056E09DF818009DF81B1001EB41024EF22B
:1023A000BC01C0F2012101EB4201897800F012F971
:1023B00020B1FFE76FF00200079041E09DF81700A1
:1023C0009DF81B1001EB41024EF2BC01C0F201214D
:1023D00001EB4201C97800F0FDF820B1FFE76FF092
:1023E000030007902CE09DF816009DF81B1001EBF0
:1023F00041024EF2BC01C0F2012101EB4201097918
:1024000000F0E8F820B1FFE76FF00400079017E054
:102410009DF815009DF81B1001EB41024EF2BC0126
:10242000C0F2012101EB4201497900F0D3F820B15B
:10243000FFE76FF00500079002E000200790FFE73C
:10244000079808B0B0BD000080B584B08DF80B00CF
:102450008DF80A109DF80B00102805D1FFE79DF8B4
:102460000A00112804D0FFE74FF0FF3003901BE073
:1024700046F26400C4F2000000900122019203239E
:10248000114605F04BFC0098019A0423114605F013
:1024900045FC9DF80B00FFF745FD9DF80A00FFF78E
:1024A00041FD00200390FFE7039804B080BD0000C9
:1024B00080B584B08DF80B008DF80A108DF80920D6
:1024C0009DF80B000146019120B1FFE7019801281A
:1024D00021D040E09DF80A006A460F211160662174
:1024E00003220523FFF7ACFD20B1FFE74FF0FF30DB
:1024F000039034E09DF809006A46142111606721B9
:1025000003220523FFF79CFD20B1FFE74FF0FF30CA
:10251000039024E020E09DF80A006A460021116043
:10252000682104220523FFF78BFD20B1FFE74FF060
:10253000FF30039013E09DF80900694605230B6006
:1025400069210422FFF77CFD20B1FFE74FF0FF3047
:10255000039004E000E0FFE700200390FFE703980A
:1025600004B080BD86B08DF817008DF816109DF868
:102570001700000904909DF8170000F00F00039069
:10258000039841000320884002909DF816000399AB
:102590004900884001909DF81700012805D1FFE708
:1025A000019880F004000190FFE7049946F20810BA
:1025B000C4F2000000EB81000090029A00990868C4
:1025C00090430860019A009908681043086006B0BB
:1025D0007047000080B584B08DF80B008DF80A10AC
:1025E0009DF80B007F2803D1FFE700200390C9E08E
:1025F0009DF80B009DF80A1005F0D0FB01900198A2
:10260000B0F1FF3F03DCFFE701980390BAE09DF8CB
:102610000B00112812DCFFE79DF80B2002F0FC00F4
:1026200046F20001C4F200010843019902F00302DE
:10263000C2EBC203072205F071FBA0E09DF80B007E
:10264000142810DCFFE701999DF80B206FF01500AE
:1026500000EB4200C3B246F21000C4F200000222B6
:1026600005F05CFB8AE09DF80B0015280AD1FFE716
:10267000019946F21000C4F200000722142305F06D
:102680004DFB7AE09DF80B0016280AD1FFE701996F
:1026900046F21400C4F200000722002305F03EFBBE
:1026A0006AE09DF80B001E2810DCFFE701999DF8F9
:1026B0000B206FF0260000EB4200C3B246F214007C
:1026C000C4F20000022205F029FB54E09DF80B0043
:1026D0001F280AD1FFE7019946F21400C4F2000056
:1026E0000722172305F01AFB44E09DF80B00202871
:1026F0000AD1FFE7019946F21400C4F20000022259
:102700001E2305F00BFB34E09DF80B0021280AD1B5
:10271000FFE7019946F21800C4F2000002220023EC
:1027200005F0FCFA24E09DF80B0023280FDCFFE7FE
:1027300001999DF80B00C0EBC000EC38C3B246F223
:102740001800C4F20000072205F0E8FA0FE0019932
:102750009DF80B206FF0370000EB4200C3B246F249
:102760001800C4F20000022205F0D8FAFFE7FFE7E4
:10277000FFE7FFE7FFE7FFE7FFE7FFE7FFE70020EF
:102780000390FFE7039804B080BD000080B584B0DB
:102790000720019000210291FFF71CFF02990820F9
:1027A0000390FFF717FF02990198FFF705FB0299C5
:1027B0000398FFF701FB03980121FFF7F9FB04B031
:1027C00080BD000080B505F05FFB80BD000000000B
:1027D000EFF30980BFF36F8F154B1A681EF0100FCF
:1027E00008BF20ED108A20E9F04F10602DE90900A4
:1027F0004FF0080080F31188BFF34F8FBFF36F8F46
:1028000009F0DEFE4FF0000080F31188BDE80900FA
:1028100019680868B0E8F04F1EF0100F08BFB0EC60
:10282000108A80F30988BFF36F8F704700BF00BF25
:10283000580D002080B505F0A7FB80BD000000000A
:10284000074B19680868B0E8F04F80F30988BFF3B8
:102850006F8F4FF0000080F31188704700BF00BFFA
:10286000580D002080B582B08DF807008DF8061055
:102870009DF8070000F08CFB9DF8060000F0DCFAE4
:1028800002B080BD80B582B001908DF803108DF844
:1028900002209DF8030030B1FFE7019800210122DA
:1028A00005F022FAFFE79DF803109DF8023028207A
:1028B000C4F20000012205F053FA9DF8030048B964
:1028C000FFE7019800F008F801980122114605F091
:1028D0000BFAFFE702B080BD81B0009000990420A0
:1028E000C8F20000886501B07047000080B582B072
:1028F0008DF807009DF80700012100F025F802B0CF
:1029000080BD000080B582B0019000208DF80300EA
:10291000FFE79DF80300182813DCFFE701989DF8F6
:102920000310C840C00728B1FFE79DF80300FFF778
:10293000DDFFFFE7FFE79DF8030001308DF803009E
:10294000E7E702B080BD000080B586B08DF81700C3
:102950008DF816109DF8170001460491182800F212
:10296000B3810499DFE811F019002A003B004C0004
:102970005D006E007F009000A100B200CA00E3007D
:10298000F4000D011E012F014001510162016B0194
:1029900074017D0186019701A7019DF816100C2096
:1029A000C4F20000152205F09FF99DF816101420BE
:1029B000C4F20000122205F097F986E19DF8161086
:1029C0000C20C4F20000162205F08EF99DF81610B6
:1029D0001420C4F20000122205F086F975E19DF87A
:1029E00016100C20C4F20000022205F07DF99DF8BB
:1029F00016101420C4F20000002205F075F964E1FD
:102A00009DF816100C20C4F20000032205F06CF9AA
:102A10009DF816101420C4F20000012205F064F99C
:102A200053E19DF816100C20C4F20000042205F0BA
:102A30005BF99DF816101420C4F20000022205F084
:102A400053F942E19DF816100C20C4F20000012257
:102A500005F04AF99DF816101420C4F20000112266
:102A600005F042F931E19DF816100C20C4F2000087
:102A7000052205F039F99DF816101420C4F2000063
:102A80000A2205F031F920E19DF816100C20C4F25D
:102A90000000082205F028F99DF816101420C4F251
:102AA0000000092205F020F90FE19DF816100C2016
:102AB000C4F20000092205F017F99DF81610542001
:102AC000C4F200000C2205F00FF9FEE09DF816108C
:102AD0000C20C4F200000A2205F006F99DF8161039
:102AE0001420C4F200000390132205F0FDF80398AF
:102AF0009DF81610142205F0F7F8E6E09DF8161080
:102B00000C20C4F200000B22019205F0EDF8019AAE
:102B10009DF816101420C4F20000029005F0E4F8AD
:102B200002989DF81610102205F0DEF8CDE09DF811
:102B300016100C20C4F200000C2205F0D5F89DF808
:102B400016100820C4F20000002205F0CDF8BCE009
:102B50009DF816100820C4F200000C2205F0C4F8FD
:102B60009DF816100C20C4F200000D2205F0BCF8F0
:102B70009DF816101420C4F20000062205F0B4F8E7
:102B8000A3E09DF816100C20C4F200000E2205F000
:102B9000ABF89DF816101420C4F20000072205F0CF
:102BA000A3F892E09DF816100C20C4F200000F224A
:102BB00005F09AF89DF816101420C4F200000C22BB
:102BC00005F092F881E09DF816100C20C4F2000088
:102BD000102205F089F89DF816101420C4F20000A8
:102BE000082205F081F870E09DF816100C20C4F260
:102BF0000000112205F078F89DF816101420C4F298
:102C00000000042205F070F85FE09DF816100C201B
:102C1000C4F20000122205F067F89DF81610142087
:102C2000C4F20000052205F05FF84EE09DF8161092
:102C30000C20C4F20000132205F056F845E09DF880
:102C400016100C20C4F20000142205F04DF83CE0F0
:102C50009DF816100C20C4F20000002205F044F884
:102C600033E09DF816100C20C4F20000062205F097
:102C70003BF82AE09DF816100C20C4F20000172241
:102C800005F032F89DF816101420C4F200000E2250
:102C900005F02AF819E09DF816108020C4F2000013
:102CA0000090052205F020F800989DF816100722E4
:102CB00005F01AF809E09DF816100C20C4F2000087
:102CC000192205F011F800E0FFE706B080BD000012
:102CD00080B58AB008900791069200F007F94DF68A
:102CE0008361C4F21B31A0FB0110800C0899B0FB7A
:102CF000F1F005900598012803D8FFE7012009901D
:102D000096E000F0F3F80799A0FB010144F240229D
:102D1000C0F20F0200230193FDF7C4FA019B089A49
:102D2000FDF7C0FA01460198049103900498B0F5AC
:102D3000E67F08D3FFE70498B0F5167F03D8FFE7D6
:102D40000720039050E00498B0F5BE7F08D3FFE75A
:102D50000498B0F5027F03D8FFE70620039042E015
:102D60000498B0F5967F08D3FFE70498B0F5DC7FB0
:102D700003D8FFE70520039034E00498DC2808D34B
:102D8000FFE70498B0F5B47F03D8FFE70420039071
:102D900027E00498A02808D3FFE70498B0F58C7FBB
:102DA00003D8FFE7032003901AE00498642807D3B0
:102DB000FFE70498C82803D8FFE7022003900EE03D
:102DC00004983C2807D3FFE70498782803D8FFE746
:102DD0000120039002E00220099029E0FFE7FFE7CD
:102DE000FFE7FFE7FFE7FFE74021C4F200010868C3
:102DF00002909DF80B000006029008984000079A88
:102E000040EAC210069A40EAC230039A40EA4252AF
:102E10000298104302900298086040F2A811C4F290
:102E20001001086840F48010086000200990FFE756
:102E300009980AB080BD000080B582B08DF8070007
:102E40009DF8071041F20000C4F214000022FFF7C1
:102E500019FD02B080BD000080B582B00420C4F22C
:102E600000000068400400280DD5FFE700F012F8CC
:102E700000900021084603F049FB01460098B0FB92
:102E8000F1F0019003E000F031F80190FFE70198C4
:102E900002B080BD80B584B040F2A810C4F210002A
:102EA0000068C00200281AD5FFE74021C4F20001E3
:102EB00001910868C0F345000968C1F3C531484372
:102EC000029000F013F801990968C1F3C711A0FB43
:102ED0000101029A0023FDF7E5F9039002E00020CA
:102EE0000390FFE7039804B080BD000083B042F276
:102EF0001000C4F210000068C0F300208DF8070035
:102F00009DF8070030B1FFE743F20060C0F26E1099
:102F1000029039E040F27C10C4F210000068C0F367
:102F20000430014600910F2828D80099DFE801F00D
:102F3000080E26142626261A26262626262626208B
:102F400041F20020C0F27A0002901DE042F20040FF
:102F5000C0F2F400029017E043F20060C0F26E107D
:102F6000029011E044F60000C0F2E81002900BE07D
:102F700046F60040C0F2DC20029005E049F2000075
:102F8000C0F2D0300290FFE7029803B07047000013
:102F900080B582B08DF807009DF807100020C4F2BC
:102FA00014000122FFF76EFC02B080BD80B584B032
:102FB00003F0A8F90190019818B9FFE701200390E8
:102FC0007FE0019800787E280BDCFFE7019801780C
:102FD00042F20800C4F210000722042304F0C0FEED
:102FE000FFE71C20C4F2000040F2EE210C22142363
:102FF00004F0B6FE00200290FFE702980F2826D8C2
:10300000FFE70198029900EB4100808840F21451DB
:10301000884203DBFFE70420039052E00198029905
:1030200000EB4100808840F2A64188420ADBFFE7BE
:10303000029942F20000C4F2100004221C2304F0A2
:103040008FFE04E0FFE7029801300290D5E7029876
:10305000102803D3FFE70220039032E00120029002
:10306000FFE702980F2822D8FFE70198029900EBAA
:103070004100808C40F61D41884203DBFFE70520BC
:1030800003901EE00198029900EB4100808C40F211
:103090009D41884206DBFFE702980138C0B200F08C
:1030A00091F804E0FFE7029801300290D9E7029816
:1030B000102803D3FFE70320039002E000200390D1
:1030C000FFE7039804B080BD80B584B08DF80F0091
:1030D000ADF80C109DF80F000146029120B1FFE7FA
:1030E0000298012831D03BE0BDF80C10002918BF30
:1030F00001210420C4F20000152204F0F5FDBDF802
:103100000C00012810DBFFE7BDF80C104FF08040E9
:103110000422142304F024FE0420C4F20000012140
:103120001E2204F0E1FD0FE04FF0804001210191EB
:103130000422142304F014FE01990420C4F20000B8
:103140001E2204F0D1FDFFE70BE0BDF80C0000F0FB
:1031500001010420C4F20000162204F0C5FD00E0C5
:10316000FFE704B080BD000080B584B0ADF80E006C
:10317000BDF80E108020C4F20000019004220292DB
:10318000002304F0EDFD0198029A012104F0ACFD4A
:1031900004B080BD80B582B08DF80700ADF8041092
:1031A000BDF8040000F001019DF80700142200287A
:1031B00008BF13220420C4F2000004F095FD02B001
:1031C00080BD000080B582B08DF807009DF8070033
:1031D00000F00F0142F20000C4F2100004220123AB
:1031E00004F0BEFD02B080BD81B08DF803008DF803
:1031F00002109DF8030060B1FFE79DF80210012066
:10320000884040F0710040F27411C4F2100108606F
:1032100006E040F27411C4F2100100200860FFE7DC
:1032200001B0704780B582B0019040F60011C2F243
:103230000001012048704860019804F091FE02B03E
:1032400080BD000080B540F20010C4F2100000689C
:103250004008C00798B1FFE742F20C01C4F2100128
:10326000086840F00400086042F21401C4F2100142
:103270004EF6C700CEF69420086000F0D7FD42F26B
:103280000300C0F23000FFF73DFB0520462101227C
:10329000FFF71EFD03F048F8FFF788FE4FF200002D
:1032A000C0F200204EF60851CEF200010860FFF790
:1032B000F1FD40F62011C2F20001086080BD00005F
:1032C00080B582B0009000980138B0F1807F03D3C0
:1032D000FFE70120019019E0009801384EF2140137
:1032E000CEF2000108604FF0FF301F2100F038FDE2
:1032F0004EF21801CEF20001002008604EF21002DA
:10330000CEF20002072111600190FFE7019802B0A0
:1033100080BD000080B582B04FF0080080F31188B6
:10332000BFF36F8FBFF34F8F009009F033FF40B1B1
:10333000FFE74EF60451CEF200014FF080500860D6
:10334000FFE700200190019880F3118802B080BD52
:10335000002070470020704781B0009000980068FE
:10336000C0B201B07047000082B001908DF8031028
:103370009DF803000199086002B0704780B58EB0D7
:103380008DF837009DF8370002F040FA0C909DF858
:10339000371040F6E440C2F2000000EBC100406884
:1033A0004069C007002840F05B84FFE70C9810B923
:1033B000FFE700F055BC9DF83000C006002876D528
:1033C000FFE79DF8371040F6E440C2F2000000EB42
:1033D000C1014A68916921F0100191619DF837108F
:1033E00000EBC1004068006A0B900B9800F00F00E2
:1033F0000A900B9800F4F0110220B0EB514F2AD143
:10340000FFE70B98C0F30A100790079810B3FFE787
:103410009DF83700C0EBC00240F60021C2F2000167
:10342000059101EB42110A9A01EB0211C96FBDF837
:103430001C2002F0ADF80598079A9DF83710C1EBF3
:10344000C10100EB41100A9900EB0111C86F104453
:10345000C867FFE71DE00B9800F4F0110620B0EB01
:10346000514F14D1FFE70B98C0F30A1007909DF855
:103470003700C0EBC00240F60021C2F2000101EBB0
:1034800042112031BDF81C2002F082F800E0FFE775
:10349000FFE79DF8371040F6E440C2F2000000EB71
:1034A000C1004168886940F010008861FFE79DF81D
:1034B00032000007002840F1EA80FFE700200A9070
:1034C0009DF8370002F04CFA0990FFE709980028B0
:1034D00000F0DC80FFE79DF82400C007002800F022
:1034E000CE80FFE79DF837009DF8281002F00AFA19
:1034F00008909DF82000C007002800F0AB80FFE78F
:103500000A98002862D1FFE79DF83700C0EBC001A0
:1035100040F60020C2F2000000EB41100A9900EBD7
:103520000110D0F8800070B9FFE79DF83700C0EBBC
:10353000C00240F60021C2F2000101EB421120312D
:1035400001F0F2FF41E09DF837C0CCEBCC0040F633
:103550000022C2F2000202EB40100A9B00EB0310B3
:10356000D0F8800040F6E441C2F2000101EBCC014A
:10357000496801EB4311D1F8101B6FF3DF41401A8A
:103580009DF83710C1EBC10102EB41110A9B01EB21
:103590000311C1F884009DF83700C0EBC00002EBB6
:1035A00040100A9900EB01100021C0F880109DF82E
:1035B0003700C0EBC00302EB43120A9B02EB03127D
:1035C000D2F8842007F0ECF8FFE742E09DF837C01E
:1035D000CCEBCC0040F60022C2F2000202EB40101D
:1035E0000A9B00EB0310D0F8800040F6E441C2F2E1
:1035F000000101EBCC01496801EB4311D1F8101B2C
:103600006FF3DF41401A9DF83710C1EBC10102EBA7
:1036100041110A9B01EB0311C1F884009DF83700AA
:10362000C0EBC00002EB40100A9900EB0111002032
:10363000C1F880009DF837000A99C0EBC00302EB87
:10364000431202EB0112D2F88420C9B207F0A8F8A5
:10365000FFE7FFE79DF82000000700280ED5FFE7F1
:103660009DF83700C0EBC00240F60021C2F2000115
:1036700001EB4211203107F041F8FFE7FFE709981D
:10368000400809900A9801300A901FE7FFE79DF86B
:1036900032004007002840F10481FFE700200A9033
:1036A0009DF8370002F010F90990FFE7099800280B
:1036B00000F0F680FFE79DF82400C007002800F026
:1036C000E880FFE79DF837009DF8281002F0B8F871
:1036D00008909DF82000C007002800F0CC80FFE78C
:1036E0000A98002840F08580FFE79DF837C0CCEBB2
:1036F000CC0040F60021C2F20001049101EB401021
:103700000A9B00EB0310006B40F6E442C2F2000299
:1037100002EBCC02526802EB4312D2F810296FF38D
:10372000DF42801A9DF83720C2EBC20201EB421241
:103730000A9B02EB031250639DF83700C0EBC000F8
:1037400001EB40100A9A00EB0212002010639DF872
:103750003700C0EBC00201EB42110A9A01EB0211E3
:103760004A6B802106F0E6FF04989DF83710C1EB04
:10377000C10100EB4110C08CF0B1FFE79DF83700AC
:10378000C0EBC00140F60020C2F2000000EB411087
:1037900090F82000000600280ED4FFE79DF83700BF
:1037A000C0EBC00240F60021C2F2000101EB421161
:1037B000203101F0B9FE1BE09DF83700C0EBC001DD
:1037C00040F60020C2F2000000EB4110C08C70B93E
:1037D000FFE79DF83700C0EBC00240F60021C2F2BF
:1037E000000101EB4211203101F09EFEFFE7FFE7EF
:1037F00040E09DF837C0CCEBCC0040F60022C2F28E
:10380000000202EB40100A9B00EB0310006B40F635
:10381000E441C2F2000101EBCC01496801EB431124
:10382000D1F810196FF3DF41401A9DF83710C1EB42
:10383000C10102EB41110A9B01EB031148639DF8A2
:103840003700C0EBC00002EB40100A9900EB0111F9
:10385000002008639DF837000A9B43F08001C0EB0D
:10386000C00C02EB4C1202EB0312526BC9B206F011
:1038700061FFFFE7FFE79DF820000006002807D55D
:10388000FFE79DF837009DF8281002F00BFBFFE7DB
:10389000FFE70998400809900A9801300A9005E767
:1038A000FFE79DF83100C006002840F12D81FFE7B9
:1038B0009DF8371040F6E440C2F2000000EBC10171
:1038C0004A684FF4805151619DF8371000EBC100F8
:1038D0004168D1F8040820F00100C1F804089DF8FF
:1038E0003700102101F00CFF9DF8370001F0B2FE07
:1038F00000208DF81B00FFE79DF81B00042800F353
:10390000C780FFE79DF81B00E8B9FFE79DF8370087
:1039100040F6E441C2F2000101EBC00040689DF8AE
:103920001B2000EB42124FF00060C2F800099DF826
:10393000372001EBC20149689DF81B2001EB4211C1
:10394000C1F8000B6AE09DF8371040F6E440C2F27F
:10395000000000EBC10040689DF81B1000EB411017
:10396000D0F80009C00F90B1FFE79DF8371040F67E
:10397000E440C2F2000000EBC10040689DF81B105B
:1039800000EB41114FF09040C1F8000910E09DF8A4
:10399000371040F6E440C2F2000000EBC10040687E
:1039A0009DF81B1000EB41110020C1F80009FFE752
:1039B0009DF8371040F6E440C2F2000000EBC10071
:1039C00040689DF81B1000EB4110D0F8000BC00FB1
:1039D00090B1FFE79DF8371040F6E440C2F20000D6
:1039E00000EBC10040689DF81B1000EB41114FF047
:1039F0009040C1F8000B10E09DF8371040F6E4400D
:103A0000C2F2000000EBC10040689DF81B1000EB03
:103A100041110020C1F8000BFFE7FFE79DF83700D8
:103A200040F6E441C2F2000101EBC00040689DF89D
:103A30001B2000EB42100022C0F810299DF837002F
:103A400001EBC00040689DF81B3000EB43134FF6BC
:103A5000FF30C3F808099DF8373001EBC3035B68FA
:103A60009DF81BC003EB4C13C3F8102B9DF83720B7
:103A700001EBC20149689DF81B2001EB4211C1F81E
:103A8000080BFFE79DF81B0001308DF81B0033E7A2
:103A90009DF8371040F6E440C2F2000000EBC1018F
:103AA0004A68D2F81C1841F00111C2F81C189DF8A0
:103AB000371000EBC1014A680921C2F814189DF8BB
:103AC000371000EBC10041680120C1F810089DF8D3
:103AD0003700C0EBC00140F60020C2F200000390A6
:103AE00000EB4110E021FCF727FC9DF8370006F0C1
:103AF0006BFF03999DF83700C0EBC00201EB421148
:103B0000203101F011FDFFE79DF83100800600280B
:103B10002AD5FFE79DF8371040F6E440C2F20000D6
:103B2000029000EBC10041684FF4005048619DF8DD
:103B30003700019040F62011C2F20001096800919F
:103B400001F036FE00990246019802F02DF8029825
:103B50009DF8371000EBC1004168D1F8040840F42B
:103B60008070C1F80408FFE79DF832008006002845
:103B70000DD5FFE79DF8371040F6E440C2F2000093
:103B800000EBC10041684FF400104861FFE79DF869
:103B90003200C00600280DD5FFE79DF8371040F62B
:103BA000E440C2F2000000EBC10041684FF4801015
:103BB0004861FFE79DF831000007002811D5FFE7B5
:103BC0009DF8371040F6E440C2F2000000EBC1005F
:103BD00041684FF4006048619DF8370006F06CFFC3
:103BE000FFE79DF833000006002811D5FFE79DF898
:103BF000371040F6E440C2F2000000EBC10041681B
:103C00004FF0004048619DF8370006F039FFFFE7AC
:103C10009DF830004007002821D5FFE79DF83710B8
:103C200040F6E440C2F2000000EBC100406840688A
:103C30000B909DF82C004007002801D5FFE700E01D
:103C4000FFE70B9A9DF8371040F6E440C2F20000FF
:103C500000EBC1004168486810434860FFE7FFE798
:103C60000EB080BDFFE7FEE781B08DF803009DF93F
:103C7000030000280ED4FFE79DF9031001F01F0296
:103C8000012090404A094EF28021CEF2000141F815
:103C90002200FFE701B0704781B08DF803009DF965
:103CA000030000280ED4FFE79DF9031001F01F0266
:103CB000012090404A094EF28021CEF2000141F8E5
:103CC0002200FFE701B0704781B08DF803009DF935
:103CD0000300002812D4FFE79DF9031001F01F0232
:103CE000012090404A094EF28011CEF2000141F8C5
:103CF0002200BFF34F8FBFF36F8FFFE701B0704714
:103D000081B08DF803009DF9030000280ED4FFE771
:103D10009DF9031001F01F02012090404A094EF264
:103D20000011CEF2000141F82200FFE701B0704718
:103D300081B08DF803009DF9030000280ED4FFE741
:103D40009DF9031001F01F02012090404A094EF234
:103D50000011CEF2000141F82200FFE701B07047E8
:103D600082B08DF8070000919DF9070000280AD461
:103D7000FFE70098C0009DF907104EF20042CEF216
:103D8000000288540BE00098C0009DF8071001F075
:103D90000F014EF61452CEF200028854FFE702B033
:103DA0007047000082B08DF8070000919DF9070070
:103DB00000280AD4FFE70098C0009DF907104EF2D2
:103DC0000042CEF2000288540BE00098C0009DF83B
:103DD000071001F00F014EF61452CEF20002885483
:103DE000FFE702B07047000082B08DF80700009135
:103DF0009DF9070000280AD4FFE70098C0009DF94C
:103E000007104EF20042CEF2000288540BE00098F8
:103E1000C0009DF8071001F00F014EF61452CEF2CB
:103E200000028854FFE702B070470000BFF34F8FD5
:103E30004EF60C51CEF20001086800F4E060042256
:103E4000C0F2FA5210430860BFF34F8FFFE700BF84
:103E5000FDE7000080B586B08DF817000491049846
:103E6000C088B0F5807F21DDFFE704980078000668
:103E700000281AD4FFE7FFE74EF6A240C0F2012067
:103E800009F08EFC4EF66E30C0F2012009F088FC7D
:103E90004EF6E120C0F2012009F082FCFFE79DF818
:103EA0001700802105F004FE4CE1FFE79DF81700A4
:103EB00040F6F022C2F200024FF4FA7110FB012327
:103EC00003F11C0098600498C0889DF8173013FB1C
:103ED0000123D8600498C0889DF8173013FB012394
:103EE00018619DF8170010FB0123002018759DF83C
:103EF000170010FB0120806803900498C088F0B17F
:103F0000FFE7049800780006002818D4FFE79DF822
:103F1000170040F6F022C2F200024FF4FA7110FBD3
:103F20000123022083F81E019DF8170010FB0121D8
:103F30008A680499CB88002105F04AFE02E19DF8C9
:103F40001700049940F6F023C2F200034FF4FA720E
:103F500010FB023202F1100303AA07F0CDFA98B960
:103F6000FFE79DF8170040F6F022C2F200024FF47E
:103F7000FA7110FB0121002081F81E019DF8170045
:103F8000802105F095FDDDE09DF8170040F6F02258
:103F9000C2F200024FF4FA7110FB0120006904998B
:103FA000C98888420DD2FFE79DF8170040F6F0223D
:103FB000C2F200024FF4FA7110FB01200069029076
:103FC00003E00498C0880290FFE702989DF817303C
:103FD00040F6F022C2F200024FF4FA7113FB012303
:103FE000D8609DF8170010FB0120C068B0F5807FF5
:103FF00027D9FFE7FFE74EF6A240C0F2012009F003
:10400000CFFB4EF66E30C0F2012009F0C9FB4EF630
:10401000E120C0F2012009F0C3FBFFE79DF8170083
:1040200040F6F022C2F200024FF4FA7110FB0121B7
:10403000002081F81E019DF81700802105F038FD51
:1040400080E003989DF8171040F6F023C2F20003B9
:104050004FF4FA7211FB02318968884210D0FFE7F1
:104060009DF8170040F6F022C2F200024FF4FA71F8
:1040700010FB012203999068D26804F075FC00E0FF
:10408000FFE79DF8170040F6F022C2F200024FF45D
:10409000FA7110FB0120C06870B1FFE79DF81700AE
:1040A00040F6F022C2F200024FF4FA7110FB012137
:1040B000012081F81E010DE09DF8170040F6F02266
:1040C000C2F200024FF4FA7110FB0121032081F8C3
:1040D0001E01FFE79DF8170040F6F022C2F2000231
:1040E00000924FF4FA71019110FB01218A68CB68AC
:1040F000802105F08FFF009B019A0498C0889DF8ED
:10410000171011FB0231096988421BD9FFE79DF89E
:10411000170040F6F022C2F200024FF4FA7110FBD1
:104120000120007C800668B9FFE79DF8170040F683
:10413000F022C2F200024FF4FA7110FB01210120BB
:104140000875FFE706B080BD80B582B00190009190
:10415000019800F04FF80099487891F802C0CB78A8
:104160000A7940EA4C0040EAC30040EA02204A795A
:1041700040EA82008A7C40EA0240C97C40EA0110A1
:10418000019908610099887991F807C00B7B4A7BF7
:10419000000640EA8C50B1F808C0ACF1010C6FF396
:1041A0005F2C40EA0C30B1F80AC0ACF1010C6FF39F
:1041B0005F2C604440EA437040EA8270497C40EAE8
:1041C000C1700199086201980099C97B00F07CF8E0
:1041D00001980099097C00F053F80198009909783A
:1041E00000F060F801980099897B00F01BF802B09C
:1041F00080BD000080B582B001900199086B40F04D
:1042000001000863FFE70198006BC00708B1FFE7F2
:10421000F9E7019800F022F8019800F00DF802B0DB
:1042200080BD000082B001900091009A0199886BD6
:104230001043886302B0704781B000900099086B0A
:1042400040F002000863FFE70098006B4008C007D9
:1042500008B1FFE7F8E701B07047000081B00090B7
:104260000099086B40F004000863FFE70098006BBA
:104270008008C00708B1FFE7F8E701B07047000009
:1042800082B001908DF803100199086B20F47F40F3
:1042900008639DF803200199086B40EA0220086337
:1042A00002B0704782B001908DF803100199086C3C
:1042B00020F0FF0008649DF803200199086C10436A
:1042C000086402B07047000082B001908DF80310BE
:1042D0000199086B20F47F0008639DF80320019981
:1042E000086B40EA0240086302B0704787B005904F
:1042F000049103920498C0000399B0FBF1F002907E
:104300000298C009019001990298A0EBC110029097
:104310000298013040080090019805994862BDF864
:10432000060018B9FFE7019820B9FFE74FF0FF300A
:10433000069018E001984FF6FF71884204D1FFE71C
:1043400005990020886207E001990298401A0290BE
:10435000009805998862FFE70598C06A0599C862C8
:1043600000200690FFE7069807B0704781B00090E4
:1043700000988069C0F3001001B0704781B00090D0
:1043800000988069C0F3401001B0704781B0009080
:104390000099886B20F02000886301B0704700000E
:1043A00081B000900099886B40F02000886301B0D4
:1043B0007047000080B584B002900191009202998C
:1043C0000020086302994864029988630299486052
:1043D00002994862029988620299C8620298019A19
:1043E000D1681269FFF782FF20B1FFE74FF0FF307D
:1043F000039031E0019890F800C041788378C2784A
:10440000802000EA411040EA4C1040EA031040EAE4
:10441000C20001F0030140EA41000299C86201981C
:10442000B0F8090040BA029948630098029988637D
:104430000199087991F805C08B79CA79400240EA60
:104440000C20184440EAC230097A40EA81300299CF
:10445000086300200390FFE7039804B080BD0000CC
:1044600080B588B0ADF81E00BDF81E00800700289A
:104470000BD5FFE71320059001210691FDF7EEFC17
:1044800005980699FDF798FC0AE013200390002197
:104490000491FDF791FC03980499FDF7DFFCFFE719
:1044A000BDF81E00C00750B1FFE7142002900021A4
:1044B000FDF7D4FC02980121FDF77EFC09E01420F1
:1044C00001900021FDF778FC01980121FDF7C6FC61
:1044D000FFE708B080BD000080B582B00190009178
:1044E0000199009A4EF2B160C0F2012009F058F92A
:1044F000FFE7FEE783B00290019100200090FFE704
:104500000198411E019140B1FFE70298011D0291FF
:104510000168009808440090F2E7009803B07047E3
:1045200080B541F20000C0F200209221FFF7E2FFC7
:1045300080BD000080B582B001900091FFE741F29C
:104540000000C4F20100FFF719FF012801D1FFE7C5
:10455000F5E70198017841F20000C4F20100FEF78E
:1045600003FF002002B080BD80B58CB08DF82B0019
:10457000099108920793099880888DF8120009988C
:104580004078203801460391032851D80399DFE889
:1045900001F002341348089801680998C2880DF1A7
:1045A0001500029004F0DCFA029A9DF82B009DF8A9
:1045B000121004F0FBFC55E00998807800F001002F
:1045C0008DF8140009984088C0F340008DF813005E
:1045D0009DF82B009DF812109DF8142002F00102A6
:1045E00004F0BEFC9DF82B009DF812109DF81320DE
:1045F00002F0010204F002FD34E09DF82B009DF86A
:1046000012100DF11502009204F07CFC009908983C
:1046100000680722019204F0A3FA01980799086044
:1046200020E09DF82B009DF8121004F091FC19E099
:10463000FFE74EF6F040C0F2012009F0B1F809980A
:1046400041784EF6CA40C0F2012009F0A9F84EF6B2
:10465000E120C0F2012009F0A3F8FFE74FF0FF309E
:104660000B9002E000200B90FFE70B980CB080BD90
:1046700080B582B040F6E020C2F2000000F036FAC9
:1046800001900198412803D3FFE740200190FFE704
:10469000019898B1FFE7019A40F6E020C2F20000CD
:1046A00040F64411C2F20001009100F099FA009A1C
:1046B000019B0020822105F0ADFC06E045F2F4618B
:1046C000C2F2000101200870FFE702B080BD0000C7
:1046D00080B596B0149013911292FFE71298A8B388
:1046E000FFE700200190FFE712990020009039B108
:1046F000FFE701990020102938BF01200090FFE753
:104700000098C00788B1FFE7139803F05DFA019A9B
:1047100002A941F822000198013001901298013855
:104720001290139804301390DEE7149801998A00D0
:1047300002A9FBF713FE18B1FFE70120159008E06E
:104740000199149800EB81001490C7E700201590A0
:10475000FFE7159816B080BD80B584B0FFE740F242
:104760002000C2F2000000F0D3FC039040F25C4055
:10477000C2F2000000F0CCFC01460398084303900D
:10478000FFE703980028EAD1FFE740F22000C2F2D9
:104790000000019000F050FE40F25C40C2F20000C8
:1047A000029000F049FE019800F0E6FD029800F04A
:1047B000E3FD04B080BD000080B584B08DF80F002B
:1047C000029140F6E020C2F2000040F6A061C2F281
:1047D00000014FF48052009200F090F9009A40F6E8
:1047E000EC40C2F2000044F2F461C2F2000100F0B9
:1047F00085F903F03DFAFDF7EFF94EF2D411C0F25E
:1048000001210020019004F027FD019840F6D41109
:10481000C2F2000104F0F4FA019840F6A001C2F2DD
:10482000000104F099FA019840F69801C2F20001E3
:1048300004F092FA019840F61851C2F2000104F017
:1048400073FB0146019804F0DBFA019840F63451FD
:10485000C2F2000104F068FB0146019804F0D0FAAE
:10486000019840F21801C2F2000104F075FA0198B3
:1048700040F21001C2F2000104F06EFA019840F615
:10488000FC41C2F200014EF2B812C0F201221B2319
:1048900006F0B0FB0146019804F0B2FA019840F628
:1048A000B001C2F2000104F057FA019840F6B801D5
:1048B000C2F2000104F050FA9DF80F0002994AF686
:1048C0000D02C0F2012206F0D7FB04B080BD00004B
:1048D00080B582B0019003F0D7FA00200021C4F225
:1048E0001801FFF769FF4EF2C060C0F2012008F026
:1048F00057FFFFE702F0AAF802F026F8FFF72CFFB7
:1049000000F002F8F6E7000080B582B040F68410AF
:10491000C2F200000078E8B1FFE740F68411C2F26D
:1049200000010020087040F6A800C2F2000000F06C
:1049300079F845F2F461C2F200010120087041F6F5
:10494000A061C2F20001087040F68511C2F20001B8
:104950000870FFE740F68510C2F20000007808B941
:10496000FFE75CE045F2F460C2F20000007890B12D
:10497000FFE740F6E020C2F2000000F0B7F848B1CF
:10498000FFE745F2F461C2F2000100200870FFF772
:104990006FFEFFE7FFE741F6A060C2F2000000787B
:1049A000E8B1FFE740F6EC40C2F2000000F09EF8EC
:1049B000A0B1FFE741F6A061C2F20001002008703B
:1049C00040F6EC40C2F2000001A900F0D1F80090DE
:1049D0000098BDF80410FAF79BFBFFE7FFE744F2ED
:1049E000F060C2F200000078C8B1FFE740F6EC408A
:1049F000C2F2000000F06EF840280FD3FFE744F247
:104A0000F061C2F200010020087044F2B062C2F20C
:104A100000020221402305F0DBF8FFE7FFE702B0C8
:104A200080BD000080B582B00190019800F07EF951
:104A300002B080BD80B584B00390039940F6EC408D
:104A4000C2F20000019000F089F8019800F04EF8E1
:104A500070B1FFE740F6EC40C2F2000003A900F09D
:104A600087F802900298BDF80C10FAF751FB06E0A7
:104A700041F6A061C2F2000101200870FFE704B016
:104A800080BD000080B582B00190019800F02EF842
:104A90000146019882680020914288BF012002B03F
:104AA00080BD000083B002900191029908684968B6
:104AB000401A009001980099884203D9FFE70098B6
:104AC0000190FFE7019A02994868104448600198F4
:104AD00003B0704781B00090009802684168806818
:104AE000891A0844013001B07047000081B000907D
:104AF000009908684968401A01B0704784B0029074
:104B000001910092029820B9FFE74FF0FF30039027
:104B100021E0019820B9FFE74FF0FF3003901AE041
:104B20000098022805D3FFE70098411E084204D0F0
:104B3000FFE74FF0FF3003900DE00299002008607E
:104B40000299486000990139029A91600199029A8C
:104B5000D1600390FFE7039804B0704780B582B03E
:104B60000190009101980099FFF79CFF02B080BD71
:104B700087B005900491059908684968401A039028
:104B800005994868896808400290059880680299EC
:104B9000401A0130019001980399884203D9FFE738
:104BA0000398009002E001980090FFE700980190C0
:104BB000019848B1FFE70198049908600598C0681A
:104BC00002990844069008E003980199401A049954
:104BD00008600598C0680690FFE7069807B0704720
:104BE00080B588B0079006910592079908684968D2
:104BF000401A049005980499884203D9FFE7049865
:104C00000590FFE70799486889680840039007986E
:104C100080680399401A01300290029805998842F1
:104C200003D9FFE70598019002E002980190FFE7A1
:104C30000198029006980799C968039A1144029A4C
:104C4000FBF761FB0698029B18440799C968059A0F
:104C5000D21AFBF758FB059808B080BD80B588B024
:104C60000790069105920798026841688068891A42
:104C700008440130049005980499884203D9FFE75D
:104C800004980590FFE70799086889680840039031
:104C9000079880680399401A01300290029805999C
:104CA000884203D9FFE70598019002E0029801903D
:104CB000FFE7019802900798C06803990844069995
:104CC000029AFBF720FB0798C0680699029B1944DB
:104CD000059AD21AFBF717FB059A07990868104442
:104CE0000860059808B080BD80B584B002908DF84A
:104CF00007100298FFF7C6FE20B1FFE700208DF8ED
:104D00000F000FE09DF8070002990A688B68C968D8
:104D10001A408854029908680130086001208DF813
:104D20000F00FFE79DF80F0004B080BD80B58AB08A
:104D30000990099880798DF80F009DF80F000528DB
:104D400005D3FFE79DF80F00092804D3FFE70820EB
:104D50008DF80F00FFE79DF80F0005388DF8100063
:104D600009984079013801460291032814D8029924
:104D7000DFE801F002060A0E01208DF811000FE0B5
:104D800003208DF811000BE005208DF8110007E0DD
:104D900007208DF8110003E000208DF81100FFE7D7
:104DA00001208DF8120009990979002918BF012105
:104DB0008DF813108DF814008DF815008DF816007D
:104DC00000218DF817108DF818108DF819008DF846
:104DD0001A00FEF741F807900998006820B1FFE734
:104DE00009980068019003E04FF4E1300190FFE77B
:104DF0000198089012200090FEF766FF40F64011DF
:104E0000C2F200010020088040F64211C2F2000107
:104E1000088042F23C01C4F20101096842F24402F6
:104E2000C4F20102116042F23001C4F201010860D3
:104E300042F20000C4F2010004A91022FFF7BAFAFE
:104E40000098FEF711FF00980321FEF7ABFF0098D2
:104E5000FEF756FF0AB080BD81B08DF803004EF218
:104E6000F810C0F2012001B07047000080B596B084
:104E7000159014911392FFE7139880B3FFE7002079
:104E80000290FFE713990020019039B1FFE70299E2
:104E90000020102938BF01200190FFE70198C007CA
:104EA00088B1FFE7149802F08FFE029A03A941F837
:104EB0002200029801300290139801381390149840
:104EC00004301490DEE7159802998A0003A907F0D0
:104ED000D5FB0299159800EB81001590CCE716B030
:104EE00080BD000080B582B08DF807008DF80610F7
:104EF000009240F25C40C2F2000000F033F802B0D1
:104F000080BD000080B582B08DF807008DF80610D6
:104F10000092009940F25C40C2F2000000F05AF8A2
:104F200002B080BD80B582B08DF807008DF8061004
:104F3000009240F22000C2F2000000F013F802B02C
:104F400080BD000080B582B08DF807008DF8061096
:104F50000092009940F22000C2F2000000F03AF8FE
:104F600002B080BD80B582B0019000F025F80090BD
:104F70000198807CA8B1FFE701990020887401990D
:104F800088890130888101988089082804D1FFE749
:104F9000019900208881FFE70199088A0130088281
:104FA000FFE7009800F086FA019800F045FA0198B2
:104FB00000F0E2F902B080BD83B0EFF31080019001
:104FC00001980090EFF3108072B60290009803B041
:104FD0007047000080B586B00590049105990120C6
:104FE000087244F2A860C2F20000007820B9FFE71E
:104FF0000599002008837FE0049820B9FFE7059811
:1050000000F0BAF978E004980599098BC1F14001E4
:10501000884207D9FFE70598008BC0F1400080B2B5
:10502000029003E0BDF810000290FFE70298ADF88F
:105030000E000599088BBDF80E20104408830598D2
:10504000817E0120019089B1FFE7BDF80E1005981F
:10505000C28A01209142019008DBFFE70598008B8E
:105060004038B0FA80F040090190FFE7019800F065
:1050700001008DF80D009DF80D0020B9FFE705989F
:1050800000F07AF938E001F03FFC0599088B0A88B6
:1050900001EB4201A1F81C02059900200883059844
:1050A000018800EB8110007F072809D1FFE70599EF
:1050B0000120C87440F61C11C2F20001087011E012
:1050C000059908880130088005980088082804D1CF
:1050D000FFE7059900200880FFE7059988880130DF
:1050E0008880FFE7059800F009F8072804D8FFE753
:1050F000059800F041F9FFE706B080BD81B000904F
:10510000009880880099098A401A80B201B07047DF
:1051100080B58AB0089044F2A860C2F2000000781E
:1051200068B1FFE7089880880899C988884206D046
:10513000FFE7089800F016F9082803D3FFE70020DE
:105140000990E4E044F2AC60C2F20000006807900D
:1051500008984088ADF81600089880880899C98892
:10516000401AADF81400FFE7BDF8141000200290BB
:1051700061B1FFE70898BDF8161000EB8110007FC1
:105180007E38B0FA80F040090290FFE70298C0072D
:10519000D8B1FFE70898BDF8161000EB81117F2009
:1051A0000877BDF816000130ADF81600BDF81600FE
:1051B000082804D1FFE70020ADF81600FFE7BDF88E
:1051C00014000138ADF81400CEE70898C07C50B147
:1051D000FFE740F61C11C2F2000101200870089997
:1051E0000020C874FFE70898418800EB811000F1A7
:1051F0001C0140F69410C2F20000402203F0B8FAFD
:1052000044F2A860C2F20000007848B1FFE70798B6
:1052100044F2AC61C2F200010968884203D0FFE7A2
:105220000120099073E00898408904900898049937
:1052300000EB811000F50B704021FBF77DF808981A
:10524000049900EB811000F50B7140F69410C2F246
:105250000000FBF7D1FB80B203900898C07E20B11C
:10526000FFE70898C08A019003E0BDF80C000190A8
:10527000FFE701980899049A01EB4201A1F82C0478
:10528000FFF79AFE069044F2A860C2F20000007890
:1052900048B1FFE7079844F2AC61C2F20001096827
:1052A000884206D0FFE7069800F004F90120099033
:1052B0002DE00899488801304880089840880828DF
:1052C00004D1FFE7089900204880FFE70899C888C3
:1052D0000130C88008994889013048810898408980
:1052E000082804D1FFE7089900204881FFE70899C2
:1052F000C8890130C881069800F0DCF8089800F0F1
:105300009BF8089800F038F801200990FFE7099809
:105310000AB080BD81B000900099002008800099FB
:105320004880009988800099C880009A01211172F4
:1053300000994881009988810099C8810099088264
:10534000009988740099C874009908830099C1F87D
:105350002802C1F82402C1F82002C1F81C0201B0E1
:105360007047000081B000900098C0890099098AB8
:10537000401A80B201B0704780B584B003900398A2
:10538000008BC0F14000ADF802000398C08AADF870
:105390000000FFF711FE029044F2A860C2F2000084
:1053A000007850B1FFE70398007A30B1FFE7039827
:1053B000FFF7A4FE082804D3FFE7029800F07AF86C
:1053C00038E00399002008720398008B48B9FFE782
:1053D0000398018800EB81101C304021FAF7ACFFE4
:1053E000FFE7BDF80000BDF80210884205DDFFE7C9
:1053F000BDF80200ADF80000FFE70398017D0288C8
:1054000000EB8210039A128B104400F11C02BDF8CD
:105410000030002004F0DCFB01900198B0F1FF3F68
:1054200004DCFFE7039901200872FFE7029800F00F
:1054300041F8FFE704B080BD80B584B00390FFF76A
:10544000BBFD029044F2A860C2F20000007848B1AF
:10545000FFE70398807C28B9FFE70398FFF782FFF6
:1054600020B9FFE7029800F025F820E00399012019
:1054700088740398417D828900EB821000F50B72DD
:105480000398838900EB4300B0F82C34002004F02B
:10549000C1FD01900198B0F1FF3F04DCFFE70399E3
:1054A00000208874FFE7029800F004F8FFE704B0DA
:1054B00080BD000081B00090BFF35F8F009810B9ED
:1054C000FFE762B6FFE701B07047000081B08DF8DA
:1054D00003004EF27C20C0F2012001B070470000B2
:1054E00081B08DF803004EF28E20C0F2012001B091
:1054F0007047000080B582B08DF807009DF8071056
:1055000040F6E440C2F2000000EBC1004168C86808
:1055100040F04000C8609DF8070000F03FFA00909E
:10552000009802B080BD000082B08DF807000091A5
:105530009DF8071040F6E440C2F2000000EBC10104
:105540004A680021C2F8101B9DF8071000EBC1014A
:105550004A68D2F8101B41F40021C2F8101B9DF8D4
:10556000071000EBC1014A68D2F8101B41F0180186
:10557000C2F8101B9DF8071000EBC1004168D1F87C
:10558000100B40F0C040C1F8100B02B07047000093
:1055900086B08DF817000491ADF80E2004980290A3
:1055A000BDF80E0003308008009000200190FFE756
:1055B00001980099884216D2FFE79DF8171040F62F
:1055C000E440C2F2000000EBC10040684FF480519B
:1055D000405802990860029804300290FFE7019851
:1055E00001300190E4E706B07047000086B08DF806
:1055F00017008DF816100492ADF80E300498029042
:10560000BDF80E0003308008019000200090FFE7F5
:105610000098019988421AD2FFE7029800689DF825
:10562000172040F6E441C2F2000101EBC2014968D3
:105630009DF8162001EB02314FF4805288500298F9
:1056400004300290FFE7009801300090E0E706B0D8
:105650007047000083B08DF8070000200090FFE73E
:1056600000980130009040F64151C0F20301884299
:1056700004D3FFE74FF0FF3002903DE0FFE79DF8D5
:10568000071040F6E440C2F2000000EBC1004068A1
:105690000069C00F0028E3D0FFE7002000909DF8CC
:1056A000071040F6E440C2F2000000EBC100416880
:1056B00010200861FFE700980130009040F641514A
:1056C000C0F20301884204D3FFE74FF0FF3002909D
:1056D00012E0FFE79DF8071040F6E440C2F2000038
:1056E00000EBC1004068006900F010001028E2D013
:1056F000FFE700200290FFE7029803B07047000028
:1057000084B08DF80B00019100200090FFE7009815
:105710000130009040F64151C0F20301884204D3A9
:10572000FFE74FF0FF3003903FE0FFE79DF80B10DD
:1057300040F6E440C2F2000000EBC100406800699E
:10574000C00F0028E3D0FFE70020009001988001FF
:1057500020309DF80B2040F6E441C2F2000101EB3D
:10576000C20149680861FFE700980130009040F6E7
:105770004151C0F20301884204D3FFE74FF0FF30EC
:10578000039012E0FFE79DF80B1040F6E440C2F2F0
:10579000000000EBC1004068006900F020002028F4
:1057A000E2D0FFE700200390FFE7039804B07047C2
:1057B00082B08DF807009DF8071040F6E440C2F271
:1057C000000000EBC1004068D0F8080800F00600B7
:1057D0000090009820B9FFE700208DF8060010E047
:1057E0000098022804D0FFE70098062804D1FFE7BC
:1057F00003208DF8060003E00F208DF80600FFE778
:10580000FFE79DF8060002B07047000082B08DF8F7
:1058100007009DF8071040F6E440C2F2000000EBDC
:10582000C1014968496900919DF8071000EBC1006A
:1058300040688169009808400090009802B0704765
:1058400084B08DF80F008DF80E109DF80F0040F613
:10585000E441C2F2000101EBC0004068D0F810083A
:1058600001909DF80F0001EBC0004068D0F83408AB
:10587000009000989DF80E2002F00F02D04000F03A
:105880000102019840EAC21001909DF80F0001EB5F
:10589000C00040689DF80E2000EB4210D0F80809C7
:1058A000029002989DF80F2001EBC20149689DF813
:1058B0000E2001EB4211C1F8080902980199084035
:1058C0000290029804B0704782B08DF807009DF8EE
:1058D000071040F6E440C2F2000000EBC101496845
:1058E000D1F8181800919DF8071000EBC10040682E
:1058F000D0F81C18009808400090BDF8000002B0D5
:105900007047000082B08DF807008DF806109DF8F2
:10591000070040F6E441C2F2000101EBC00040681C
:105920009DF8062000EB4210D0F8080B009000987C
:105930009DF8072001EBC20252689DF8063002EB89
:105940004312C2F8080B00989DF8072001EBC20132
:105950004968D1F8141808400090009802B07047C8
:1059600082B08DF807009DF8071040F6E440C2F2BF
:10597000000000EBC1014968D1F8181800919DF8AA
:10598000071000EBC1004068D0F81C1800980840D0
:105990000090BDF8020002B07047000080B584B0EE
:1059A0008DF80B0000200190FFE701980130019075
:1059B00040F64151C0F20301884204D3FFE74FF0A3
:1059C000FF300390AEE0FFE79DF80B1040F6E44097
:1059D000C2F2000000EBC10040680069C00F00285F
:1059E000E3D0FFE7002001909DF80B1040F6E44063
:1059F000C2F2000000EBC1004168086940F00100FC
:105A000008619DF80B00C0EBC000410140F600208A
:105A1000C2F20000405844F20921C4F65471884291
:105A200034D8FFE7FFE701980130019040F641517B
:105A3000C0F20301884218D3FFE7FFE74EF6B81023
:105A4000C0F2012007F0ACFE4EF6F800C0F20120D3
:105A500007F0A6FE4EF6E120C0F2012007F0A0FEFE
:105A6000FFE74FF0FF3003905CE0FFE79DF80B107D
:105A700040F6E440C2F2000000EBC100406800695B
:105A800000F001000128CED0FFE748E0FFE70198D1
:105A90000130019040F64151C0F20301884218D311
:105AA000FFE7FFE74EF6B810C0F2012007F078FEDE
:105AB0004EF6F800C0F2012007F072FE4EF6E1202B
:105AC000C0F2012007F06CFEFFE74FF0FF300390BB
:105AD00028E0FFE79DF80B1040F6E440C2F200001A
:105AE00000EBC1004068006980000028CFD5FFE7C7
:105AF0009DF80B1040F6E440C2F2000000EBC1013B
:105B00004A68116921F0010111619DF80B1000EB49
:105B1000C1004168086940F000500861FFE70020BB
:105B20000390FFE7039804B080BD000080B582B009
:105B30008DF807008DF806109DF8071040F6E44038
:105B4000C2F2000000EBC1004168C86820F0C0400C
:105B5000C8609DF8060001280ED1FFE79DF80710E8
:105B600040F6E440C2F2000000EBC1004168C868A2
:105B700040F00050C86012E09DF8060070B9FFE7E1
:105B80009DF8071040F6E440C2F2000000EBC100AF
:105B90004168C86840F08040C860FFE7FFE73220F6
:105BA00003F0A0FB02B080BD84B08DF80F0002911D
:105BB0008DF807209DF80700032840F0B880FFE724
:105BC00002984AF6C041C0F2D80188420BD3FFE7E1
:105BD00002984EF2BF11C0F2E401884203D8FFE7F9
:105BE0000F200090A2E002984EF2C011C0F2E40132
:105BF00088420BD3FFE7029842F2FF31C0F2F40172
:105C0000884203D8FFE70E2000908EE0029842F20F
:105C10000041C0F2F40188420BD3FFE7029847F23B
:105C20007F31C0F20611884203D8FFE70D200090B3
:105C30007AE0029847F28031C0F2061188420BD315
:105C4000FFE7029844F69F11C0F21A11884203D868
:105C5000FFE70C20009066E0029844F6A011C0F225
:105C60001A1188420BD3FFE7029842F6FF41C0F2B7
:105C70003111884203D8FFE70B20009052E00298D0
:105C800042F60051C0F2311188420BD3FFE702986F
:105C90004AF23F41C0F24C11884203D8FFE70A2084
:105CA00000903EE002984AF24041C0F24C11884216
:105CB0000BD3FFE7029843F2FF51C0F26E11884206
:105CC00003D8FFE7092000902AE0029843F2006120
:105CD000C0F26E1188420BD3FFE702984AF61F31DB
:105CE000C0F2A611884203D8FFE70820009016E012
:105CF00002984AF62031C0F2A61188420BD3FFE782
:105D0000029844F2FF71C0F2E811884203D8FFE71D
:105D10000720009002E006200090FFE7FFE7FFE782
:105D2000FFE7FFE7FFE7FFE7FFE7FFE70AE09DF890
:105D3000070018B9FFE70920009002E00920009051
:105D4000FFE7FFE79DF80F1040F6E440C2F20000C5
:105D500000EBC1014A68D16841F00701D1609DF8AC
:105D60000F1000EBC1014A68D16821F47051D16075
:105D7000009901F00F029DF80F1000EBC10041687F
:105D8000C86840EA8220C86004B0704780B584B01B
:105D90008DF80F008DF80E10ADF80C209DF80F1047
:105DA00040F6E440C2F2000000EBC1004068406AE7
:105DB00001909DF80E0080B9FFE7BDF80C10019826
:105DC00040EA01409DF80F2040F6E441C2F2000194
:105DD00001EBC2014968886248E09DF80F1040F667
:105DE000E440C2F2000000EBC1004068816A019803
:105DF00000EB1140019000208DF80B00FFE79DF8AB
:105E00000B009DF80E10013988421AD2FFE79DF869
:105E10000F1040F6E440C2F2000000EBC100406801
:105E20009DF80B1000EB8100D0F80411019800EBF5
:105E300011400190FFE79DF80B0001308DF80B0039
:105E4000DDE7BDF80C10019840EA01409DF80F20F5
:105E500040F6E441C2F2000101EBC20149689DF83D
:105E60000E2001EB8201C1F80001FFE7FFE74EF6CB
:105E7000C610C0F2012007F093FC9DF80E10BDF88B
:105E80000C20019B4EF64210C0F2012007F088FC66
:105E90004EF6E120C0F2012007F082FCFFE704B0DB
:105EA00080BD000080B586B08DF817008DF8161003
:105EB0009DF81700C0EBC00040F60021C2F20001BF
:105EC00001EB40109DF8162000EB0212106B526B94
:105ED000801A049004989DF81720C2EBC20201EBCF
:105EE00042119DF8162001EB0211098D884211D94B
:105EF000FFE79DF81700C0EBC00140F60020C2F29A
:105F0000000000EB41109DF8161000EB0110008D11
:105F10000490FFE70498033080080390FFE79DF8A2
:105F2000171040F6E440C2F2000000EBC1004068E8
:105F30009DF8161000EB4110D0F8180981B2039AB1
:105F400000209142019029D3FFE79DF81700C0EB94
:105F5000C00140F60020C2F2000000EB41109DF8A5
:105F6000161000EB0110026B416B00209142019072
:105F700014D2FFE79DF81700C0EBC00140F60020E7
:105F8000C2F2000000EB41109DF8161000EB01106A
:105F9000006B002818BF01200190FFE70198C0079F
:105FA000002800F0F080FFE79DF81700C0EBC0006C
:105FB00040F60021C2F2000101EB40109DF81620CE
:105FC00000EB0212106B526B801A049004989DF83B
:105FD0001720C2EBC20201EB42119DF8162001EB23
:105FE0000211098D884211D9FFE79DF81700C0EB17
:105FF000C00140F60020C2F2000000EB41109DF805
:10600000161000EB0110008D0490FFE79DF81700BB
:10601000C0EBC00140F60020C2F2000000EB4110CE
:106020009DF8161000EB011090F82A00012878D195
:10603000FFE79DF8171040F6E440C2F2000000EBC5
:10604000C1004068D0F80808C005002823D4FFE745
:106050009DF8171040F6E440C2F2000000EBC101C9
:1060600049689DF8162001EB4212D2F8001921F080
:106070008051C2F800199DF8171000EBC10040686C
:106080009DF8161000EB4111D1F8000940F00050C6
:10609000C1F8000922E09DF8171040F6E440C2F272
:1060A000000000EBC10149689DF8162001EB421287
:1060B000D2F8001921F00051C2F800199DF817100C
:1060C00000EBC10040689DF8161000EB4111D1F8BB
:1060D000000940F08050C1F80009FFE79DF8171053
:1060E00040F6E440C2F2000000EBC10149689DF8AF
:1060F000162001EB4212D2F8101921F0C041C2F86B
:1061000010199DF8171000EBC10040689DF816109B
:1061100000EB4111D1F8100940F00050C1F810090E
:10612000FFE79DF817009DF81610C0EBC00340F67E
:106130000022C2F20002009202EB431202EB0112B3
:10614000D26ABDF81030FFF751FA0098049B9DF811
:106150001710C1EBC10100EB41119DF8162001EBB6
:106160000212D16A1944D162049A9DF81710C1EB4A
:10617000C10100EB41109DF8161000EB0111486BB6
:1061800010444863CBE69DF81700C0EBC00140F611
:106190000020C2F2000000EB41109DF8161000EB49
:1061A0000111086B496B884217D8FFE79DF816006C
:1061B00000F00F01012088400290029A9DF817100C
:1061C00040F6E440C2F2000000EBC1004168D1F8A3
:1061D00034089043C1F83408FFE706B080BD0000E2
:1061E00082B0019000910098019908700098000A0F
:1061F00001994870BDF80200019988709DF803006C
:106200000199C87002B0704782B001900091009867
:10621000019908700098000A01994870BDF80200C1
:10622000019988709DF803000199C87002B0704709
:1062300082B0019000910098019908700098000ABE
:1062400001994870BDF80200019988709DF803001B
:106250000199C87002B0704780B582B001904FF0CC
:10626000FF30009001986946042200F033FC02B030
:1062700080BD000080B586B08DF80F008DF80E103F
:10628000EFF31080049004980290EFF3108072B640
:10629000059040F2C970804740F64D008047ADF848
:1062A0000600BDF80600ADF80400BDF806004BF688
:1062B00083710840ADF806009DF80E0080039DF83C
:1062C0000F1040EA8101BDF806000843ADF8060052
:1062D000BDF80400BDF80610884206D0FFE7BDF8FF
:1062E000060040F601318847FFE740F251608047E1
:1062F00040F60D008047029810B9FFE762B6FFE74D
:1063000006B080BD80B582B000F00EF830B9FFE76E
:1063100041F27800C0F20020019002E000200190DC
:10632000FFE7019802B080BD80B586B000F0A4F907
:1063300018B1FFE70020059084E04FF4805001F091
:1063400043FC0490049844F24371C4F64E11884211
:1063500003D0FFE70120059074E041F2040001F052
:1063600033FC0490049845F25301C4F64901884275
:1063700003D0FFE70220059064E00DF10F000DF15E
:106380000E0100F063F800210846FFF773FF41F2A9
:106390000000C0F200200090FFF75EFF00984FF46D
:1063A000805101911E220292FEF760FD41F27800B9
:1063B000C0F200204FF488512422FEF757FD41F22D
:1063C0000810C0F200204FF400515022FEF74EFD9D
:1063D00000980199029AFEF77BF908B1FFE722E0E5
:1063E00041F27800C0F200204FF488512422FEF7D9
:1063F0006FF908B1FFE716E041F20810C0F2002083
:106400004FF400515022FEF763F908B1FFE70AE0AC
:1064100006F0BEF99DF80F009DF80E10FFF72AFF59
:10642000002005900EE041F20000C0F20020FFF7CE
:1064300013FF9DF80F009DF80E10FFF71BFF0320C0
:106440000590FFE7059806B080BD000080B586B0D6
:1064500003900291EFF31080049004980190EFF301
:10646000108072B6059040F2C970804740F64D002A
:106470008047ADF80200BDF80200C0F380300299F9
:106480000870BDF80200C0F384000399087040F260
:106490005160804740F60D008047019810B9FFE732
:1064A00062B6FFE706B080BD80B584B00190EFF31F
:1064B0001080029002980090EFF3108072B6039063
:1064C00040F2C9708047019840F64121884740F268
:1064D0005160804740F60D008047009810B9FFE7F3
:1064E00062B6FFE704B080BD80B582B00190009134
:1064F00001A80021FEF71EF8019802B080BD00003F
:1065000041F24B20C0F200200068704784B0039035
:10651000029103994FF0804050F821000299C84041
:1065200000F00F000190019818B9FFE701200090DA
:1065300002E001980090FFE7009804B07047000067
:1065400010B58AB08DF8230007910692059307983D
:1065500080888DF813000798407801380146039130
:106560000A2863D80399DFE801F006192861616100
:106570006161354D58009DF823009DF81310079A6E
:106580005388DAB21B0ADDF818C0059CEE46CEF837
:106590000440CEF800C004F017FD61E09DF8230030
:1065A0009DF81310079A927804F0FCFC069909688C
:1065B000087005990120086052E09DF823009DF8BD
:1065C000131004F0F9FC0699096808700599012078
:1065D000086045E09DF823009DF81310079A538842
:1065E000DAB21B0ADDF818C0DCF800C0DDF814E0F0
:1065F000DEF80040EE46CEF80440CEF800C004F0CD
:106600002BFD2DE09DF823009DF81310079A538869
:10661000DAB21B0A04F00AFD22E09DF823009DF87F
:106620001310079A927804F00DFD19E0FFE74EF67B
:10663000F040C0F2012007F0B3F8079841784EF619
:106640000650C0F2012007F0ABF84EF6E120C0F290
:10665000012007F0A5F8FFE74FF0FF30099002E0B6
:1066600000200990FFE709980AB010BD80B500200E
:106670000121FCF7F7F880BD80B584B041F200003D
:10668000C0F2002002900298006844F24371C4F600
:106690004E11884209D1FFE70298406845F2530144
:1066A000C4F64901884203D0FFE7002003900FE0C1
:1066B000FFF726FF0190FDF733FF0146019888425E
:1066C00003D0FFE70020039002E001200390FFE7E2
:1066D000039804B080BD000081B08DF803009DF8E0
:1066E000030040F6F022C2F200024FF4FA7110FBF0
:1066F000012090F81C01002818BF012001B070474C
:1067000045F22C01C4F201014FF48020086070476B
:1067100045F23001C4F201014FF480200860704757
:1067200080B582B00320C0F23000FCF7EBF84FF4E4
:106730008020019045F22803C4F201031968019AF0
:10674000914341F48021196045F23402C4F2010200
:106750001168DDF804C021EA0C01116045F22C013A
:10676000C4F2010108604FF480600190D3F800C0CA
:10677000DDF804E02CEA0E0C4CF4806CC3F800C089
:10678000D2F800C0DDF804E02CEA0E0CC2F800C01C
:1067900008604FF4004001901968DDF804C021EA58
:1067A0000C0141F4004119601168019B994311608B
:1067B00045F23001C4F20101086002B080BD000062
:1067C00080B584B0002002900390FCF73BFDFCF7FD
:1067D00043FB800AFCF774FD00F0DCF8FFF7A0FF34
:1067E0004EF29360C0F2012006F0DAFF029B694688
:1067F0004B600E20086044F6D100C0F201204EF23A
:10680000D761C0F201214FF4007206F051FC05F08F
:1068100079FEFFE7FEE7000080B50020FCF7AEFD43
:1068200080BD000081B08DF803004EF2B850C0F278
:10683000012001B07047000088B006908DF8171055
:106840000698C11700EB5170C0100490069800F034
:1068500007018020C8400390002002909DF8170097
:10686000013801909DF817004EF29822C0F20122E3
:10687000132110FB0120009000980499405C0399BB
:10688000084204D1FFE74FF0FF30079020E0FFE718
:106890000198002819D4FFE701984EF29822C0F21F
:1068A0000122132100FB0120009000980499405C14
:1068B0000399084204D0FFE7029801300290FFE7F5
:1068C000FFE7019801380190E2E702980790FFE79F
:1068D000079808B07047000080B540F63211C2F248
:1068E00000010020088040F63011C2F2000108705B
:1068F000FDF7B6FD80BD000040F62411C2F2000194
:10690000086801300860704740F68811C2F2000143
:10691000086801300860704740F68811C2F2000133
:10692000002008604860087240F62411C2F200019D
:1069300008604860087245F22C01C4F201014FF46E
:10694000044008607047000080B582B006F018FC73
:106950000190019840F65051C2F200010968401AB6
:106960001E2815D3FFE7019840F65051C2F20001EE
:10697000086040F68810C2F200000A2101F04AFBCC
:1069800040F62410C2F200000F2101F043FBFFE7A4
:1069900002B080BD80B58AB00120C0F22300FBF7B1
:1069A000B1FF0020029001210091FCF7F3FB009859
:1069B000029903228DF814208DF815108DF8160019
:1069C0008DF817108DF818008DF819008DF81A0041
:1069D0008DF81B108DF81C108DF81D008DF81E0011
:1069E000FCF73AFA029A08904FF46120099041F2BC
:1069F0000000C4F2010005A9FDF7DCFC009908467F
:106A0000FCF7C8FB00980B2101917F22FBF750FD9A
:106A10000C201621FBF7DEFD00990198FBF7C8FA60
:106A200002991320FBF7D6FD02991420FBF7D2FD43
:106A3000FFF752FF4FF00060CDF80F004FF4E13048
:106A4000039003A8FEF772F90AB080BD80B586B046
:106A50000020ADF80C00EFF310810491049901912E
:106A6000EFF3108172B6059140F63811C2F20001C1
:106A70000A88ADF80E20088040F63010C2F20000FF
:106A800000788DF80B009DF80B0090B1FFE740F601
:106A90003210C2F200000088ADF80C0040F6301150
:106AA000C2F2000100200870BDF80C00FDF7D8FC10
:106AB000FFE7019810B9FFE762B6FFE7BDF80E00E7
:106AC00028B1FFE7BDF80E00FDF7B4FFFFE706B001
:106AD00080BD000080B584B00390029101920398BC
:106AE0000299019A43F69B33984704B080BD000099
:106AF00080B584B00390029145F2C070C2F20000EC
:106B00000068009040F65850C2F20000006804305F
:106B100005F08EFA88B9FFE740F65850C2F200003F
:106B20000068C16A012000FA01F245F20C71C2F25C
:106B3000000108689043086000E0FFE70398013017
:106B400080B9FFE7029868B1FFE740F65850C2F2FB
:106B500000000068011D45F29870C2F2000005F0C7
:106B6000E1FA3DE00098039908440190019840F64D
:106B70005851C2F2000109684860019800998842A2
:106B80000ED2FFE740F66850C2F20000006840F6FF
:106B90005851C2F200010968043105F08DFA1EE077
:106BA00040F66050C2F20000006840F65851C2F250
:106BB00000010968043105F07FFA019845F270710F
:106BC000C2F200010968884207D2FFE7019845F246
:106BD0007071C2F20001086000E0FFE7FFE7FFE725
:106BE00004B080BD80B582B0019005F0C3FA45F2D3
:106BF000F861C2F2000108680130086040F65850A0
:106C0000C2F20000006898B9FFE7019840F65851B9
:106C1000C2F20001086045F2F860C2F200000068AC
:106C2000012803D1FFE700F0A9FA00E0FFE71CE02C
:106C300045F28C70C2F200000068A0B9FFE740F690
:106C40005850C2F200000068C06A0199C96A8842BF
:106C500007D8FFE7019840F65851C2F200010860DA
:106C600000E0FFE700E0FFE7FFE745F20871C2F24E
:106C700000010868013008600198C16A012000FA2B
:106C800001F245F20C71C2F200010868104308607D
:106C90000199C86A00EB800240F67050C2F2000011
:106CA00000EB8200043105F03DFA05F08DFA45F263
:106CB0008C70C2F200000068C8B1FFE740F658507F
:106CC000C2F200000068C06A0199C96A88420CD209
:106CD000FFE74EF60451CEF200014FF080500860FD
:106CE000BFF34F8FBFF36F8F00E0FFE700E0FFE7D8
:106CF00002B080BD80B582B005F03CFA45F2C470A8
:106D0000C2F20000006828BBFFE745F21070C2F233
:106D10000000009005F0B0F945F22470C2F20000C6
:106D2000019005F0A9F90099019840F65C52C2F271
:106D30000002116040F66C51C2F2000108600A20A6
:106D40000C21002205F0EAFD45F2C471C2F20001F7
:106D5000086000E0FFE705F037FA02B080BD0000F0
:106D600080B582B0FFE745F2FC60C2F20000006827
:106D700008B3FFE705F0FEF945F2AC70C2F200007F
:106D8000C068C06801900198043005F051F945F2DF
:106D9000F861C2F2000108680138086045F2FC6140
:106DA000C2F2000108680138086005F00DFA019888
:106DB00000F08CF8D7E702B080BD000080B582B04B
:106DC000019000910198006CB8B1FFE70199C86883
:106DD0000A6C1044C86001988168C068884204D376
:106DE000FFE701990868C86000E0FFE70098019A92
:106DF000D168126CF9F787FAFFE702B080BD000096
:106E000080B586B005900491039200200290059809
:106E1000806B01900598006C78B9FFE705980068D1
:106E200048B9FFE70598806806F08EFA0290059948
:106E30000020886000E0FFE741E00398B8B9FFE771
:106E4000059A04995068126CF9F75DFA059948683B
:106E50000A6C10444860059948688968884204D3E0
:106E6000FFE705990868486000E0FFE726E0059A1B
:106E70000499D068126CF9F746FA0599C8680A6C4B
:106E8000801AC86005980168C068884206D2FFE78A
:106E9000059988680A6C801AC86000E0FFE70398CB
:106EA000022809D1FFE7019820B1FFE701980138D6
:106EB000019000E0FFE700E0FFE7FFE7FFE7019850
:106EC000013005998863029806B080BD80B582B014
:106ED00001900198006B05F09BF9019805F098F975
:106EE00002B080BD82B0019040F65C50C2F200005A
:106EF00000680068B0FA80F04009019908600198C4
:106F0000006848B9FFE740F65C50C2F20000006834
:106F1000C0680068009002E000200090FFE7009841
:106F200002B0704784B04FF42050009041F6A16049
:106F3000C2F2000001909DF80400400788B1FFE70D
:106F4000019807300190019820F007000190019A04
:106F500041F6A161C2F200010098891A084400902C
:106F6000FFE701980290029945F29070C2F200008A
:106F70000160002141600298009A1044019001983C
:106F800008380190019820F007000190019A40F61E
:106F90006450C2F200000260026851600268116031
:106FA000029903910199039A891A51600068039923
:106FB00008600398406845F26C71C2F200010860F5
:106FC0000398406845F26471C2F20001086045F21E
:106FD0003871C2F200014FF00040086004B0704701
:106FE00080B582B00190FFE7FFF7BAFE40F670501F
:106FF000C2F20000006802280CD3FFE74EF60451ED
:10700000CEF200014FF080500860BFF34F8FBFF306
:107010006F8F00E0FFE7E7E780B584B0DDF818C0C8
:107020000390029101928DF80330029818B9FFE79E
:107030000698006003E0019806990860FFE703984E
:107040000699C8630298069908640698012105F01C
:10705000A1FC06990020886404B080BD80B588B08A
:10706000DDF834C0DDF830C0DDF82CC0DDF828C014
:1070700007900691059204930C98006B059989007E
:10708000A522F9F752F90C98006B059900EB8100E5
:1070900004380390039820F0070003909DF80C003B
:1070A000400748B1FFE74EF64550C0F2012040F2DC
:1070B0006131FDF711FAFFE70698F8B1FFE700200C
:1070C0000290FFE702980F2813D8FFE70698029A6C
:1070D000805C0C99114481F8340006980299405C58
:1070E00008B9FFE705E0FFE7FFE7029801300290EB
:1070F000E8E70C99002081F8430004E00C99002097
:1071000081F83400FFE70A980F2803D3FFE70E2029
:107110000A9000E0FFE70A980C99C8620A980C9957
:1071200048640C990020019088640C98043004F0A5
:10713000BBFF0C98183004F0B7FF01980C99096157
:107140000A99C1F10F010C9A91610C9949620C994D
:10715000C8640C9981F8500003980799049A00F0CC
:1071600003FD0C9908600B9820B1FFE70C980B9970
:10717000086000E0FFE708B080BD000080B584B083
:1071800000200390FFE703980E2810D8FFE703982C
:1071900000EB800140F67050C2F2000000EB81006D
:1071A00004F06AFFFFE7039801300390EBE745F234
:1071B0003C70C2F20000019004F05EFF45F2507096
:1071C000C2F20000029004F057FF45F27870C2F25C
:1071D000000004F051FF45F2AC70C2F2000004F070
:1071E0004BFF45F29870C2F2000004F045FF019990
:1071F000029840F66052C2F20002116040F66851F7
:10720000C2F20001086004B080BD000083B00290AB
:1072100045F29070C2F200000190FFE7019800680B
:107220000299884205D2FFE7FFE7019800680190C4
:10723000F4E7019800900098019949680844029980
:10724000884209D1FFE702984268019948681044D2
:1072500048600198029000E0FFE7029800900098D3
:1072600002994968084401990968884220D1FFE7DA
:107270000198006840F66451C2F200010968884232
:107280000DD0FFE7019800684268029948681044F1
:1072900048600198006800680299086007E040F6BD
:1072A0006450C2F20000006802990860FFE704E041
:1072B0000198006802990860FFE7019802998842E6
:1072C00004D0FFE702980199086000E0FFE703B0EF
:1072D0007047000080B586B0059004910392029338
:1072E0000020019004980599486005980061049871
:1072F0000399884216D8FFE703980299401A059926
:107300008969884203D3FFE70120019009E040F634
:107310006C50C2F2000000680599043104F0CCFE04
:10732000FFE717E003980299884208D2FFE7049824
:107330000299884203D3FFE70120019009E040F65B
:107340005C50C2F2000000680599043104F0B4FEFC
:10735000FFE7FFE7019806B080BD000080B582B06E
:10736000019004F007FF0198806B18B9FFE7012036
:10737000009002E000200090FFE704F025FF009855
:1073800002B080BD80B582B0019004F0F3FE019898
:10739000806B0199C96B884203D1FFE701200090FF
:1073A00002E000200090FFE704F00EFF009802B01A
:1073B00080BD000080B586B0059004910598806C72
:1073C000039000200290039848B9FFE74EF62C5036
:1073D000C0F2012040F64531FDF77EF8FFE7039843
:1073E000806B0399C96B884209D3FFE74EF62C5096
:1073F000C0F2012040F64631FDF76EF8FFE7039832
:10740000806B0399C96B884229D2FFE7039890F8F3
:1074100045008DF807000398049A05A9FFF7F0FCD2
:1074200002909DF90700013088B9FFE70398406A90
:1074300058B1FFE70398243006F00EF818B1FFE7C3
:107440000120029000E0FFE700E0FFE706E09DF882
:1074500007000130039981F84500FFE700E0FFE7EE
:10746000029806B080BD0000074880F308884FF0FE
:10747000000080F3148862B661B6BFF34F8FBFF38C
:107480006F8F00DF00BF0000D05B002080B586B0AA
:107490000590049140F65C50C2F200000068C0689C
:1074A000C06802900298043004F0C2FD029890F87F
:1074B00024004007002821D5FFE70298059B816939
:1074C0001944049AFFF706FFB0B1FFE70298059A46
:1074D000694600230B60194606F00CF903900398E7
:1074E00048B9FFE74EF65950C0F201204FF4FC7145
:1074F000FCF7F2FFFFE700E0FFE707E0029991F8F1
:10750000240000F0FE0081F82400FFE70298016AE1
:10751000884706B080BD000080B58AB0FFE745F21D
:10752000C470C2F20000006807A9002205F076FCD2
:10753000002800F09780FFE70798002800F191806D
:10754000FFE7099806900698406928B1FFE706987A
:10755000043004F06DFD00E0FFE705A800F0F6F848
:10756000039007980290092800F279800299DFE8D9
:1075700001F00505053B436205053B43069991F87B
:10758000240040F0010081F824000698089B8169DE
:107590001944039AFFF79EFE20B3FFE70698016A9D
:1075A0008847069890F824004007002818D5FFE780
:1075B0000698089982690A44694600230B601946B7
:1075C00006F098F80490049848B9FFE74EF6595031
:1075D000C0F2012040F21331FCF77EFFFFE700E02C
:1075E000FFE700E0FFE73BE0069991F8240000F098
:1075F000FE0081F8240033E0069991F8240040F061
:10760000010081F82400089806998861069880692D
:1076100048B9FFE74EF65950C0F2012040F22B3135
:10762000FCF75AFFFFE70698039B816919441A4645
:10763000FFF750FE14E0069890F824008007002819
:1076400004D4FFE7069804F0E3FD07E0069991F8FB
:10765000240000F0FE0081F82400FFE700E0FFE7CF
:10766000FFE75CE70AB080BD80B584B0039002916B
:1076700004F09EFF684600F069F801900098D8BBBE
:10768000FFE7029860B9FFE703980199884207D89D
:10769000FFE705F041FF03980199FFF7F7FE2AE0A5
:1076A000029858B1FFE740F66C50C2F20000006843
:1076B0000068B0FA80F040090290FFE745F2C4701C
:1076C000C2F2000000680399019A891A029A04F034
:1076D0004FFE05F021FF60B9FFE74EF60451CEF2F0
:1076E00000014FF080500860BFF34F8FBFF36F8FE2
:1076F00000E0FFE7FFE702E005F00EFFFFE704B060
:1077000080BD000081B040F66050C2F20000006809
:10771000006840B9FFE745F27071C2F200014FF016
:10772000FF3008600FE040F66050C2F200000068D1
:10773000C068C06800900098406845F27071C2F25D
:1077400000010860FFE701B07047000080B582B01B
:10775000019005F015FD0090009840F65451C2F2DA
:1077600000010968884206D2FFE700F011F801998C
:107770000120086003E0019900200860FFE70098FD
:1077800040F65451C2F200010860009802B080BD7A
:1077900080B586B0FFE740F65C50C2F2000000689A
:1077A000006800284CD0FFE740F65C50C2F20000B1
:1077B0000168C968096805910068C068C0680290DE
:1077C0000298043004F034FC0298016A8847029859
:1077D00090F824004007002830D5FFE7059802996B
:1077E0008969084404900498059988420FD9FFE7F5
:1077F0000498029948600298006140F65C50C2F219
:10780000000000680299043104F056FC15E002986B
:10781000059A694600230B60194605F06BFF01903D
:10782000019848B9FFE74EF65950C0F201204FF4D5
:107830006171FCF751FEFFE7FFE700E0FFE7AAE711
:1078400040F65C52C2F200021068039040F66C51A0
:10785000C2F20001086810600398086006B080BD9D
:1078600080B582B00020009040F6F000C2F2000027
:107870000068013040B1FFE74EF69C50C0F2012095
:10788000E321FCF729FEFFE74FF0080080F31188A1
:10789000BFF36F8FBFF34F8F0190FFE7009808B9D8
:1078A000FFE7FBE702B080BD80B584B00390FFE73F
:1078B00001A8FFF717FB029002980199FFF7D4FE89
:1078C000FFF72AFEF4E7000080B582B0019004F0D3
:1078D00051FC019890F845008DF80300FFE79DF9F1
:1078E0000300012826DBFFE70198806C58B1FFE711
:1078F00001980021FFF75EFD18B1FFE704F0B2FD2B
:1079000000E0FFE710E00198406A58B1FFE70198F6
:10791000243005F0A1FD18B1FFE704F0A3FD00E05D
:10792000FFE700E006E0FFE79DF8030001388DF86F
:107930000300D4E70199FF2081F8450004F044FCDE
:1079400004F018FC019890F844008DF80200FFE75D
:107950009DF90200012816DBFFE70198006980B15C
:10796000FFE70198103005F077FD18B1FFE704F04C
:1079700079FD00E0FFE79DF8020001388DF8020074
:1079800000E000E0E4E70199FF2081F8440004F002
:107990001BFC02B080BD000080B586B005900020C1
:1079A000019004F005FE40F66450C2F20000006849
:1079B00018B9FFE7FFF7B6FA00E0FFE7059845F2D0
:1079C0003871C2F200010968084240F0B880FFE750
:1079D0000598E8B1FFE70598083005909DF8140078
:1079E000400798B1FFE7059820F0070008300590A0
:1079F0009DF81400400740B1FFE74EF67650C0F204
:107A000001209521FCF768FDFFE700E0FFE700E0BB
:107A1000FFE70598002800F09080FFE7059845F201
:107A20006471C2F200010968884200F28680FFE7B3
:107A300045F29070C2F20000039000680490FFE7E6
:107A400004984168059A00209142009007D2FFE710
:107A500004980068002818BF01200090FFE70098F4
:107A6000C00730B1FFE704980390049800680490C1
:107A7000E6E7049840F66451C2F2000109688842C2
:107A800059D0FFE703980068083001900498006817
:107A900003990860049840680599401A11281ED37C
:107AA000FFE704980599084402909DF808004007F4
:107AB00040B1FFE74EF67650C0F20120C221FCF73C
:107AC0000BFDFFE7049840680599401A0299486049
:107AD0000598049948600298FFF798FB00E0FFE7DB
:107AE0000498426845F26470C2F200000168891A85
:107AF0000160006845F26C71C2F2000109688842B9
:107B00000BD2FFE745F26470C2F20000006845F254
:107B10006C71C2F20001086000E0FFE745F23870C6
:107B2000C2F2000002680499486810434860049952
:107B30000020086000E0FFE700E0FFE700E0FFE76B
:107B400005F0EAFC9DF80400400748B1FFE74EF657
:107B50007650C0F201204FF48171FCF7BDFCFFE7C5
:107B6000019806B080BD000083B0029001910092A0
:107B700002980438029002994FF0807008600298D1
:107B800004380290019820F00100029908600298E0
:107B900004380290029947F66100C0F201200860A3
:107BA00002981438029000980299086002980438EC
:107BB000029002996FF0020008600298203802904B
:107BC000029803B07047000080B596B0149002A9E7
:107BD0000020B0EB917F06D1FFE7149802A900F0D6
:107BE00017F8159011E00020C2F20100009001206A
:107BF000FBF7CEF91498009900F00AF801900020E4
:107C0000FBF7C6F901981590FFE7159816B080BDEF
:107C100080B586B00390029102984EF23A61C0F2AC
:107C200001214822F8F76FFBEFF3108004900498CD
:107C30000090EFF3108072B6059040F2C970804753
:107C40000398029900F010F8019040F251608047CB
:107C500040F60D008047009810B9FFE762B6FFE7D5
:107C6000019806B080BD000001F101010847000045
:107C700080B588B000200190079006900590049090
:107C800004A8FEF711FC01980499DDF814C0069BC6
:107C9000079A81EA0C015940514003910290FFE795
:107CA0000298072817D8FFE70398029A1C21A1EB36
:107CB0008201C84000F00F014EF28260C0F2012044
:107CC000405C40F6C801C2F200018854FFE7029808
:107CD00001300290E4E740F6C801C2F20001002042
:107CE000087208B080BD000083B002908DF80710C4
:107CF0008DF806209DF8061001208840009002981B
:107D00000068009988439DF807109DF8062091406F
:107D100008430299086003B07047000085B00490E2
:107D200003918DF80B208DF80A309DF80B1001207F
:107D300088400138019001989DF80A108840C0439E
:107D4000009004980068009908400399019A114036
:107D50009DF80A20914008430499086005B07047D7
:107D600084B0039002918DF807208DF806309DF8BD
:107D700007100120884001389DF8061088400090C7
:107D8000039800680099884302999DF80620914065
:107D900008430399086004B07047000085B08DF86F
:107DA0000F008DF80E109DF80F002A2804DBFFE766
:107DB0004FF0FF3004903EE09DF80F004EF2982205
:107DC000C0F20122132110FB01200290002001903B
:107DD0009DF80E000138009002989DF80E10CA0818
:107DE000805C01F007028021D140084204D1FFE706
:107DF0004FF0FF3004901EE0FFE70098002817D4F2
:107E0000FFE702980099CA1701EB5272D210805C0A
:107E100001F007028021D140084204D0FFE7019819
:107E200001300190FFE7FFE7009801380090E4E798
:107E300001980490FFE7049805B0704782B08DF870
:107E400003008DF802109DF80200032806D1FFE719
:107E500040F6C800C2F20000019011E09DF8020057
:107E6000072803D3FFE70020019009E09DF80210E6
:107E700040F6D400C2F2000050F821000190FFE764
:107E8000019802B07047000080B58EB041F200004A
:107E9000C0F22000FAF736FD002108910846FBF7F2
:107EA00013F908986946082203928A607F234B6081
:107EB0000B60072104911A46FAF70EFA0398022183
:107EC000F9F77AFF039803210591FAF74BFB049821
:107ED0000599FAF747FB0899FF208DF82400012047
:107EE00007908DF826008DF825008DF827000422D4
:107EF0008DF828208DF829108DF82A008DF82B1088
:107F0000ADF82C10ADF82E108DF830108DF8311022
:107F10008DF834208DF833208DF835108DF836101B
:107F20008DF832108DF837000020C4F2160009A930
:107F3000FCF70AF9089909200690FAF74BFB089913
:107F40000698F9F739FF06980799FAF731F8089873
:107F500040F69C61C2F2000108700EB080BD0000C6
:107F600080B582B00190019949F28060C0F298001A
:107F7000B0FBF1F00238C1B20020C4F21600FCF7E9
:107F800091F902B080BD000080B582B00020009061
:107F900008206946F7F7CCF9012803D0FFE7002055
:107FA000019034E05220C2F2003000900120694676
:107FB000F7F7BEF9012803D0FFE70020019026E083
:107FC0004EF60C50CEF20000009005206946F7F7FF
:107FD000AFF9012803D0FFE70020019017E004204B
:107FE000C0F2FA5000900D206946F7F7A1F9012878
:107FF00003D0FFE70020019009E00E206946F7F763
:1080000097F90138B0FA80F040090190FFE7019834
:1080100002B080BD82B0019000910198007A60B1F9
:10802000FFE701990020087200990120884045F27D
:108030002C01C4F20101086015E001994868096843
:1080400088420FD0FFE701980068019948600199C4
:10805000012008720099884045F23001C4F2010104
:108060000860FFE7FFE702B07047000080B58CB002
:108070008DF82F009DF82F00C0EBC00140F60020C6
:10808000C2F2000000EB4110E021F8F755F99DF82D
:108090002F0000F03DFB9DF82F1040F6E440C2F2A7
:1080A000000000EBC1014968896CC1F301218DF822
:1080B00027109DF82F1000EBC1014968896CC9B2E7
:1080C00089098DF826109DF82F1000EBC101496831
:1080D000896CC1F3C1018DF825109DF82F1000EBBC
:1080E000C1004068806C00F47051012000EB9120C9
:1080F0008DF82400FFE74EF6C610C0F2012005F00F
:108100004FFB4EF24A70C0F2012005F049FB4EF6DB
:10811000E120C0F2012005F043FBFFE7FFE74EF648
:10812000C610C0F2012005F03BFB9DF82F1040F671
:10813000E440C2F2000000EBC1004068C16B4EF6A3
:108140009E10C0F2012005F02BFB4EF6E120C0F29C
:10815000012005F025FBFFE7FFE74EF6C610C0F251
:10816000012005F01DFB9DF82F1040F6E440C2F2FF
:10817000000000EBC1004068016C4EF6A910C0F28F
:10818000012005F00DFB4EF6E120C0F2012005F0C4
:1081900007FBFFE7FFE74EF6C610C0F2012005F02F
:1081A000FFFA9DF82F1040F6E440C2F2000000EB09
:1081B000C1004068416C4EF66210C0F2012005F02B
:1081C000EFFA4EF6E120C0F2012005F0E9FAFFE7F0
:1081D000FFE74EF6C610C0F2012005F0E1FA9DF867
:1081E0002F1040F6E440C2F2000000EBC1004068EE
:1081F000816C4EF67110C0F2012005F0D1FA4EF6F6
:10820000E120C0F2012005F0CBFAFFE7FFE74EF6D0
:10821000C610C0F2012005F0C3FA9DF82F1040F6F9
:10822000E440C2F2000000EBC1004068C16C4EF6B1
:108230008010C0F2012005F0B3FA4EF6E120C0F242
:10824000012005F0ADFAFFE7FFE74EF6C610C0F2D9
:10825000012005F0A5FA9DF82F1040F6E440C2F287
:10826000000000EBC1004068016D4EF68F10C0F2B7
:10827000012005F095FA4EF6E120C0F2012005F04C
:108280008FFAFFE7FFE74EF6C610C0F2012005F0B7
:1082900087FA9DF827109DF826209DF825304EF28C
:1082A000B170C0F2012005F07BFA4EF6E120C0F279
:1082B000012005F075FAFFE7FFE74EF6C610C0F2A1
:1082C000012005F06DFA9DF824109DF82F2040F64E
:1082D000E440C2F2000000EBC2004068C06C020C37
:1082E0004EF69E00C0F20120052305F059FA4EF625
:1082F000E120C0F2012005F053FAFFE7FFE74EF658
:10830000C610C0F2012005F04BFA4EF27270C0F2B6
:10831000012005F045FA4EF6E120C0F2012005F0FB
:108320003FFAFFE7FFE79DF82400042834DCFFE76D
:10833000FFE74EF6B810C0F2012005F031FA4EF218
:108340009670C0F201204EF69A21C0F201214EF63D
:10835000BC22C0F2012240F2292305F021FA4EF698
:10836000E120C0F2012005F01BFAFFE7FFE74EF61F
:10837000B810C0F2012005F013FA4EF63D00C0F22D
:10838000012005F00DFA4EF6E120C0F2012005F0C3
:1083900007FAFFE7FFE7FEE7FFE79DF82F1040F63B
:1083A000E440C2F20000059000EBC1014968096C8D
:1083B0009DF82F20C2EBC202530140F60022C2F208
:1083C0000002D1509DF82F1000EBC1014A68D2F88D
:1083D000041841F00201C2F804189DF82F1000EBB8
:1083E000C1014A68916821F0010191609DF82F1048
:1083F00000EBC100406802F0A1FD05999DF82F2017
:1084000001EBC201496888639DF82F00FDF772F8FF
:108410000A909DF82F0000210691FDF787FB069832
:108420008DF81F00FFE79DF81F000E2817D8FFE703
:108430009DF82F1040F6E440C2F2000000EBC100AE
:1084400040689DF81F1000EB81010020C1F8040175
:10845000FFE79DF81F0001308DF81F00E3E79DF84E
:108460002F1040F6E440C2F2000000EBC1014A6860
:108470000021C2F8001E9DF82F1000EBC1004168DA
:10848000D1F8000820F00300C1F800089DF826008C
:1084900080B9FFE79DF82F1040F6E440C2F20000DB
:1084A00000EBC1004168D1F8000840F00300C1F8BA
:1084B00000080FE09DF82F1040F6E440C2F20000E3
:1084C00000EBC1004168D1F8000840F00100C1F89C
:1084D0000008FFE79DF82F1040F6E440C2F20000CC
:1084E000019000EBC1014A680021C2F810189DF804
:1084F0002F2000EBC2025268C2F814189DF82F20FA
:1085000000EBC2025268C2F81C189DF82F2000EB45
:10851000C202526891619DF82F2000EBC20253689D
:108520006FF080425A619DF82F2000EBC202536821
:1085300043F60002C8F20C029A619DF82F2000EB6E
:10854000C20253689A6942F010029A619DF82F2086
:1085500000EBC20042688020039050629DF82F001B
:1085600010220492FDF712FC9DF82F000121202219
:108570000292FDF70BFC029A9DF82F000221FDF7F5
:1085800005FC9DF82F0003210822FDF7FFFB03984F
:10859000049A0890089810300890089820300890A5
:1085A0000898203008900898083008909DF82F000F
:1085B0000421FDF7EBFB089810300890FFE70898BE
:1085C0009DF82F2040F6E441C2F2000101EBC20108
:1085D0004968C96CB0EB114F34D9FFE7FFE74EF69D
:1085E000B810C0F2012005F0DBF84EF29670C0F230
:1085F00001204EF61621C0F201214EF6BC22C0F237
:1086000001224FF4237305F0CBF84EF6E120C0F2BF
:10861000012005F0C5F8FFE7FFE74EF6B810C0F2FD
:10862000012005F0BDF84EF67100C0F2012005F002
:10863000B7F84EF6E120C0F2012005F0B1F8FFE7EF
:10864000FFE7FEE7FFE7FFE79DF82600C8BBFFE76F
:108650000898B0F5A07F34D9FFE7FFE74EF6B810D1
:10866000C0F2012005F09CF84EF29670C0F2012095
:108670004EF6D411C0F201214EF6BC22C0F2012206
:1086800040F28E2305F08CF84EF6E120C0F2012076
:1086900005F086F8FFE7FFE74EF6B810C0F20120BC
:1086A00005F07EF84EF60800C0F2012005F078F8DB
:1086B0004EF6E120C0F2012005F072F8FFE7FFE777
:1086C000FEE7FFE79DF82F001021FDF719F80A904B
:1086D0009DF82F00FCF7BEFF0A909DF82F1040F682
:1086E000E440C2F2000000EBC1014A68916841F029
:1086F000010191609DF82F1000EBC1004168D1F895
:10870000040820F00200C1F804080A980CB080BDEB
:1087100080B582B08DF80700FAF7BCFB40F6201157
:10872000C2F2000108600120C0F2A000FAF7EAF8E6
:10873000FAF7B0FB49F68171C1F25E61A0FB01104E
:10874000800DFAF711FD1F2000900221FBF74CFB72
:108750000098FBF7A1FA0098FBF7EAFA1020112124
:10876000F9F772FE01210846FAF73EFD02B080BD1E
:1087700080B58AB0099008910792099806900898E8
:108780000590069800F00300059901F00301884266
:1087900070D1FFE7FFE700209DF8181089070290CD
:1087A00031B1FFE70798002818BF01200290FFE7CA
:1087B0000298C00760B1FFE70598411C0591007859
:1087C00006994A1C06920870079801380790E2E75C
:1087D0000698049005980390FFE70798102824D383
:1087E000FFE70398011D0391006804990A1D049294
:1087F00008600398011D0391006804990A1D049202
:1088000008600398011D0391006804990A1D0492F1
:1088100008600398011D0391006804990A1D0492E1
:108820000860079810380790D7E7FFE707980428F3
:108830000CD3FFE70398011D0391006804990A1DFA
:1088400004920860079804380790EFE704980690B0
:1088500003980590FFE70798411E079148B1FFE78D
:108860000598411C0591007806994A1C06920870EB
:10887000F1E776E0FFE707990020019049B1FFE7B3
:108880009DF8140000F00300002818BF012001909B
:10889000FFE70198C00760B1FFE70598411C05910B
:1088A000007806994A1C06920870079801380790CC
:1088B000E1E705980390FFE7079810282CD3FFE71E
:1088C000069803990A1D03920968FDF789FC06982A
:1088D00004300690069803990A1D03920968FDF773
:1088E0007FFC069804300690069803990A1D0392AF
:1088F0000968FDF775FC0698043006900698039900
:108900000A1D03920968FDF76BFC06980430069077
:10891000079810380790CFE7FFE7079804280ED391
:10892000FFE7069803990A1D03920968FDF758FCB2
:10893000069804300690079804380790EDE70398EE
:108940000590FFE70798411E079148B1FFE705989A
:10895000411C0591007806994A1C06920870F1E7BF
:10896000FFE709980AB080BD80B58AB009900891E8
:1089700007920998069008980590069800F0030061
:10898000059901F00301884270D1FFE7FFE700205D
:108990009DF818108907029031B1FFE70798002869
:1089A00018BF01200290FFE70298C00760B1FFE7FF
:1089B0000598411C0591007806994A1C069208709A
:1089C000079801380790E2E706980490059803900D
:1089D000FFE70798102824D3FFE70398011D0391B0
:1089E000006804990A1D049208600398011D039110
:1089F000006804990A1D049208600398011D039100
:108A0000006804990A1D049208600398011D0391EF
:108A1000006804990A1D04920860079810380790AE
:108A2000D7E7FFE7079804280CD3FFE70398011D59
:108A30000391006804990A1D04920860079804389D
:108A40000790EFE70498069003980590FFE70798D2
:108A5000411E079148B1FFE70598411C0591007838
:108A600006994A1C06920870F1E776E0FFE707993D
:108A70000020019049B1FFE79DF8140000F00300C9
:108A8000002818BF01200190FFE70198C00760B1DE
:108A9000FFE70598411C0591007806994A1C06924B
:108AA0000870079801380790E1E705980390FFE701
:108AB000079810282CD3FFE7069803990A1D039204
:108AC0000968FDF7A1FB0698043006900698039903
:108AD0000A1D03920968FDF797FB0698043006907B
:108AE000069803990A1D03920968FDF78DFB069805
:108AF00004300690069803990A1D03920968FDF751
:108B000083FB069804300690079810380790CFE74B
:108B1000FFE7079804280ED3FFE7069803990A1D7C
:108B200003920968FDF770FB0698043006900798D9
:108B300004380790EDE703980590FFE70798411E7A
:108B4000079148B1FFE70598411C05910078069907
:108B50004A1C06920870F1E7FFE709980AB080BD49
:108B600080B58AB0099008910792099806900898F4
:108B70000590069800F00300059901F00301884272
:108B800070D1FFE7FFE700209DF8181089070290D9
:108B900031B1FFE70798002818BF01200290FFE7D6
:108BA0000298C00760B1FFE70598411C0591007865
:108BB00006994A1C06920870079801380790E2E768
:108BC0000698049005980390FFE70798102824D38F
:108BD000FFE70398011D0391006804990A1D0492A0
:108BE00008600398011D0391006804990A1D04920E
:108BF00008600398011D0391006804990A1D0492FE
:108C000008600398011D0391006804990A1D0492ED
:108C10000860079810380790D7E7FFE707980428FF
:108C20000CD3FFE70398011D0391006804990A1D06
:108C300004920860079804380790EFE704980690BC
:108C400003980590FFE70798411E079148B1FFE799
:108C50000598411C0591007806994A1C06920870F7
:108C6000F1E776E0FFE707990020019049B1FFE7BF
:108C70009DF8140000F00300002818BF01200190A7
:108C8000FFE70198C00760B1FFE70598411C059117
:108C9000007806994A1C06920870079801380790D8
:108CA000E1E705980390FFE7079810282CD3FFE72A
:108CB000069803990A1D03920968FDF7B9FA069808
:108CC00004300690069803990A1D03920968FDF77F
:108CD000AFFA069804300690069803990A1D03928D
:108CE0000968FDF7A5FA06980430069006980399DE
:108CF0000A1D03920968FDF79BFA06980430069056
:108D0000079810380790CFE7FFE7079804280ED39D
:108D1000FFE7069803990A1D03920968FDF788FA90
:108D2000069804300690079804380790EDE70398FA
:108D30000590FFE70798411E079148B1FFE70598A6
:108D4000411C0591007806994A1C06920870F1E7CB
:108D5000FFE709980AB080BD82B08DF80700009146
:108D6000009800780006002824D5FFE700980078D6
:108D70009DF8071040F6F02CC2F2000C4FF4FA7385
:108D800011FB03C100F07F0202EB420201EB820102
:108D900081F87801009A50689DF8071011FB03C113
:108DA000127802F07F0202EB420201EB8201C1F86D
:108DB000800123E0009800789DF8071040F6F02C21
:108DC000C2F2000C4FF4FA7311FB03C100F07F02F2
:108DD00002EB420201EB820181F8B401009A506873
:108DE0009DF8071011FB03C1127802F07F0202EB1D
:108DF000420201EB8201C1F8BC01FFE702B07047FB
:108E000082B08DF8070000919DF8070040F6F0222F
:108E1000C2F200024FF4FA7110FB012090F87401C5
:108E2000009B187600989DF8073013FB012393F8F8
:108E300074C103EB8C03C3F824019DF8070010FBF9
:108E4000012191F87401013081F8740102B070477A
:108E500080B582B08DF807008DF80610009200985A
:108E600018B1FFE7FDF748FDFFE7009940F6E02065
:108E7000C2F20000FBF716FE9DF80000800650B914
:108E8000FFE7009838B1FFE78221002318461A4611
:108E900001F0C0F802E0FBF7EBFBFFE702B080BD9A
:108EA00080B584B08DF80F008DF80E1002920298F4
:108EB00018B1FFE7FDF720FDFFE7029A40F6EC400E
:108EC000C2F20000019044F2B061C2F20001FBF76F
:108ED000C5FE0198FBF7FEFD40280AD3FFE744F2E8
:108EE000B062C2F2000200200221402300F070FEB6
:108EF00006E044F2F061C2F2000101200870FFE7D1
:108F000004B080BD80B582B08DF807008DF80610E2
:108F10000092009840F6A801C2F200010722FFF774
:108F200027FC02B080BD000082B08DF807000091E0
:108F3000009944F26950C0F20120086000990020B5
:108F40004860009988600099C860009802B0704736
:108F500081B08DF803008DF8021001B07047000059
:108F600081B08DF803008DF802108DF801209DF876
:108F70000100C00748B1FFE740F63211C2F200011C
:108F8000088840F00100088008E040F63211C2F283
:108F90000001088820F001000880FFE740F630114A
:108FA000C2F200010120087001B0704780B582B0A4
:108FB0008DF807008DF806100092009840F6A80181
:108FC000C2F200010722F7F7C9F9A8B1FFE700993B
:108FD00040F6A800C2F200000722FFF7C9FB40F6E6
:108FE0008411C2F200010120087040F68511C2F21E
:108FF000000100200870FFE702B080BD81B08DF84D
:1090000003008DF802108DF801209DF80100C007C3
:1090100048B1FFE740F63211C2F20001088840F083
:109020000200088008E040F63211C2F20001088810
:1090300020F002000880FFE740F63011C2F2000184
:109040000120087001B0704780B586B08DF8170018
:109050008DF81610049200208DF80F00FFE79DF8A0
:109060000F009DF8171040F6F023C2F200034FF4F2
:10907000FA7211FB023191F87411884246DAFFE767
:109080009DF8170040F6F022C2F200024FF4FA7188
:1090900010FB01209DF80F1000EB8100D0F8240197
:1090A00002900498D0B1FFE7049801900298A0B113
:1090B000FFE70298C06880B1FFE7019880780299C5
:1090C000097E884209D1FFE70298C3689DF817001E
:1090D0009DF81610049A9847FFE710E0029868B1CF
:1090E000FFE70298C06848B1FFE70298C3689DF89F
:1090F00017009DF81610049A9847FFE7FFE7FFE76F
:109100009DF80F0001308DF80F00A8E706B080BD74
:1091100080B58AB08DF823000791069205930798D1
:10912000007800F00300012847D1FFE700208DF808
:109130001300FFE79DF813009DF8231040F6F0237D
:10914000C2F200034FF4FA7211FB023191F874116C
:10915000884231DAFFE79DF8230040F6F022C2F2A0
:1091600000024FF4FA7110FB01209DF8131000EB80
:109170008100D0F8240103900398B0B1FFE7039871
:10918000006890B1FFE70398007E0799097988424B
:109190000BD1FFE70398D0F800C09DF82300079992
:1091A000069A059BE047099053E0FFE79DF81300FE
:1091B00001308DF81300BDE747E00798007800F014
:1091C0000300022840D1FFE700208DF80B00FFE7E5
:1091D0009DF80B009DF8231040F6F023C2F2000327
:1091E0004FF4FA7211FB023191F8741188422ADAB5
:1091F000FFE79DF8230040F6F022C2F200024FF490
:10920000FA7110FB01209DF80B1000EB8100D0F8E3
:1092100024010190019878B1FFE70198406858B1A6
:10922000FFE70198D0F804C09DF823000799069A3B
:10923000059BE04709900CE0FFE79DF80B0001302B
:109240008DF80B00C4E7FFE7FFE74FF0FF30099010
:10925000FFE709980AB080BD80B584B08DF80F0093
:1092600002919DF80F0040F6F022C2F20002009237
:109270004FF4FA71019110FB0120F7F75DF8009AA5
:10928000019902989DF80F3013FB012398619DF816
:109290000F0010FB0123002083F874019DF80F30AC
:1092A00013FB012C80238CF878319DF80F3013FBD1
:1092B000012C4AF28D43C0F20123CCF880319DF895
:1092C0000F3013FB012383F8B4019DF80F0010FB4E
:1092D00001214AF2C950C0F20120C1F8BC0104B01A
:1092E00080BD000080B582B08DF807009DF80700B2
:1092F00003F070F802B080BD81B08DF803008DF8E6
:1093000002109DF8020000F07F008DF801009DF82A
:109310000200000600284ED4FFE79DF8031040F637
:10932000E440C2F2000000EBC10040689DF801106B
:1093300000EB4111D1F8000B20F40010C1F8000B34
:109340009DF80300C0EBC00140F60020C2F200000F
:1093500000EB41109DF8011000EB011090F87A002D
:10936000032813D0FFE79DF80300C0EBC00140F6CF
:109370000020C2F2000000EB41109DF8011000EB4C
:10938000011090F87A00022814D1FFE79DF803102D
:1093900040F6E440C2F2000000EBC10040689DF8D6
:1093A000011000EB4111D1F8000B40F08050C1F8E2
:1093B000000BFFE74DE09DF8031040F6E440C2F2D9
:1093C000000000EBC10040689DF8011000EB411166
:1093D000D1F8000920F40010C1F800099DF803003D
:1093E000C0EBC00140F60020C2F2000000EB4110CB
:1093F0009DF8011000EB011090F82A00032813D00B
:10940000FFE79DF80300C0EBC00140F60020C2F268
:10941000000000EB41109DF8011000EB011090F8E6
:109420002A00022814D1FFE79DF8031040F6E4401B
:10943000C2F2000000EBC10040689DF8011000EB93
:109440004111D1F8000940F08050C1F80009FFE750
:10945000FFE7002001B0704782B08DF807008DF85B
:1094600006109DF8060000F07F008DF80500002032
:1094700000909DF806000006002800F19B80FFE7A1
:109480009DF8071040F6E440C2F2000000EBC10076
:1094900040689DF8051000EB4110D0F8000BC00F9C
:1094A000002853D0FFE79DF8071040F6E440C2F2D1
:1094B000000000EBC10149689DF8052001EB421254
:1094C000D2F8001B41F00061C2F8001B9DF80710A4
:1094D00000EBC10040689DF8051000EB4111D1F888
:1094E000000B40F08040C1F8000B00200090FFE727
:1094F0000098013000904CF25131884201D3FFE7CF
:1095000013E0FFE79DF8071040F6E440C2F20000C8
:1095100000EBC10040689DF8051000EB4110D0F849
:10952000080B80070028E3D5FFE79DF8071040F6F9
:10953000E440C2F2000000EBC10040689DF8051055
:1095400000EB41110220C1F8080BFFE79DF8050070
:1095500000F00700012101FA00FC9DF8072040F609
:10956000E440C2F2000000EBC2025368D3F83C288A
:1095700022EA0C42C3F83C289DF8052002F00702BD
:1095800001FA02F39DF8071000EBC1014A68D2F816
:109590001C1821EA0341C2F81C189DF8071000EBC3
:1095A000C10040689DF8051000EB41110020C1F892
:1095B000000B98E09DF8071040F6E440C2F200006E
:1095C00000EBC10040689DF8051000EB4110D0F899
:1095D0000009C00F002853D0FFE79DF8071040F6A0
:1095E000E440C2F2000000EBC10149689DF805208B
:1095F00001EB4212D2F8001941F00061C2F80019E3
:109600009DF8071000EBC10040689DF8051000EBC5
:109610004111D1F8000940F08040C1F80009002054
:109620000090FFE70098013000904CF251318842E1
:1096300001D3FFE713E0FFE79DF8071040F6E44091
:10964000C2F2000000EBC10040689DF8051000EB7D
:109650004110D0F8080980070028E3D5FFE79DF8FE
:10966000071040F6E440C2F2000000EBC100406881
:109670009DF8051000EB41110220C1F80809FFE731
:109680009DF8050000F00700012101FA00FC9DF89B
:10969000072040F6E440C2F2000000EBC20253682B
:1096A000D3F83C2822EA0C02C3F83C289DF8052098
:1096B00002F0070201FA02F39DF8071000EBC10166
:1096C0004A68D2F81C189943C2F81C189DF8071074
:1096D00000EBC10040689DF8051000EB411100202F
:1096E000C1F80009FFE7002002B0704783B08DF891
:1096F0000B008DF80A1001929DF80A0000F07F001F
:109700008DF803009DF80A00000600281CD4FFE72E
:109710009DF80B1040F6E440C2F2000000EBC100DF
:1097200040689DF8031000EB4110D0F8000B800258
:10973000002804D5FFE701990120087003E0019992
:1097400000200870FFE71BE09DF80B1040F6E44096
:10975000C2F2000000EBC10040689DF8031000EB6E
:109760004110D0F800098002002804D5FFE70199D4
:109770000120087003E0019900200870FFE7FFE76F
:10978000002003B07047000080B584B08DF80F0052
:1097900002910298807800F07F008DF80700FFE7C3
:1097A0009DF80700052836DBFFE7FFE74EF6B81007
:1097B000C0F2012003F0F4FF4EF29670C0F20120D7
:1097C0004EF67C21C0F201214EF6BC22C0F20122ED
:1097D0004FF4367303F0E4FF4EF6E120C0F20120AF
:1097E00003F0DEFFFFE7FFE74EF6B810C0F20120FE
:1097F00003F0D6FF029881784EF62A10C0F20120BD
:1098000003F0CEFF4EF6E120C0F2012003F0C8FFC6
:10981000FFE7FFE7FEE7FFE70298807800060028F1
:109820006DD4FFE7029880886FF3DF209DF80F105A
:10983000C1EBC10240F60021C2F2000101EB42126D
:109840009DF8073002EB0312A2F878000298C07866
:1098500000F003009DF80F20C2EBC20201EB4211A1
:109860009DF8072001EB021181F87A009DF80700AE
:1098700000F11001012088404FF6FF7120EA01033A
:109880009DF80F1040F6E440C2F2000000EBC10169
:109890004A68D2F81C181943C2F81C189DF80F101A
:1098A00000EBC10040689DF8071000EB4110D0F8B4
:1098B000000B0004002821D4FFE7029988886FF389
:1098C000DF20C97801F0030140EA81409DF80F20B4
:1098D00040F6E441C2F2000101EBC20149689DF883
:1098E000072001EB4211D1F8002B104348F200028F
:1098F000C1F200021043C1F8000BFFE7D5E09DF86C
:10990000070070B9FFE79DF80F1040F6E440C2F27F
:10991000000000EBC1004068806A000CADF8040054
:1099200012E09DF80F1040F6E440C2F2000000EB98
:10993000C10040689DF8071000EB8100D0F80001DD
:10994000000CADF80400FFE7FFE7BDF80410029833
:1099500080886FF3DF20B0EB810F36DDFFE7FFE794
:109960004EF6B810C0F2012003F01AFF4EF29670C6
:10997000C0F201204EF63F21C0F201214EF6BC227A
:10998000C0F2012240F2EE2303F00AFF4EF6E1207E
:10999000C0F2012003F004FFFFE7FFE74EF6B81026
:1099A000C0F2012003F0FCFE029881784EF60D1003
:1099B000C0F2012003F0F4FE4EF6E120C0F20120D7
:1099C00003F0EEFEFFE7FFE7FEE7FFE7029880887F
:1099D0006FF3DF209DF80F10C1EBC10240F60021AC
:1099E000C2F2000101EB42129DF8073002EB0312B4
:1099F00010850298C07800F003009DF80F20C2EB9C
:109A0000C20201EB42119DF8072001EB021181F81F
:109A10002A009DF807100120884083B29DF80F109E
:109A200040F6E440C2F2000000EBC1014A68D2F8FF
:109A30001C181943C2F81C189DF80F1000EBC10048
:109A400040689DF8071000EB4110D0F800090004B1
:109A5000002823D4FFE7029988886FF3DF20C978B4
:109A600001F0030140EA81409DF8072040EA82505E
:109A70009DF80F3040F6E441C2F2000101EBC30152
:109A8000496801EB4211D1F80029104348F2000265
:109A9000C1F200021043C1F80009FFE79DF80F0072
:109AA0009DF80710FBF72CFEFFE7002004B080BDF7
:109AB00081B08DF803008DF802109DF8020000F0CF
:109AC0007F008DF801009DF80200000600283ED4BA
:109AD000FFE79DF8031040F6E440C2F2000000EBFF
:109AE000C10040689DF8011000EB4110D0F8000B58
:109AF000C00FC0B9FFE79DF80100A0B1FFE79DF8D6
:109B0000031040F6E440C2F2000000EBC1004068E0
:109B10009DF8011000EB4111D1F8000B20F08040BE
:109B2000C1F8000BFFE79DF8031040F6E440C2F2D5
:109B3000000000EBC10040689DF8011000EB4111EE
:109B4000D1F8000B40F40010C1F8000B3DE09DF887
:109B5000031040F6E440C2F2000000EBC100406890
:109B60009DF8011000EB4110D0F80009C00FC0B9FA
:109B7000FFE79DF80100A0B1FFE79DF8031040F654
:109B8000E440C2F2000000EBC10040689DF8011003
:109B900000EB4111D1F8000920F08040C1F8000924
:109BA000FFE79DF8031040F6E440C2F2000000EB2E
:109BB000C10040689DF8011000EB4111D1F8000987
:109BC00040F40010C1F80009FFE7002001B0704721
:109BD00080B586B08DF813008DF8121003920293B1
:109BE0009DF8120000F07F008DF807000020009023
:109BF000FFE79DF80C008007A0B3FFE7FFE74EF6F4
:109C0000B810C0F2012003F0CBFD4EF29670C0F206
:109C100001204EF6FD11C0F201214EF6BC22C0F229
:109C2000012240F2B93303F0BBFD4EF6E120C0F251
:109C3000012003F0B5FDFFE7FFE74EF6B810C0F2D4
:109C4000012003F0ADFD4EF2E570C0F2012003F0FB
:109C5000A7FD4EF6E120C0F2012003F0A1FDFFE7D1
:109C6000FFE7FEE7FFE7039838B9FFE7029820B166
:109C7000FFE74FF0FF300590C9E19DF80700B0B154
:109C8000FFE79DF8131040F6E440C2F2000000EB3D
:109C9000C10040689DF8071000EB4110D0F8000BA0
:109CA000400520B9FFE76FF001000590AFE103998F
:109CB0009DF81300C0EBC00240F60020C2F2000085
:109CC00000EB42129DF8073002EB0312D1670299B4
:109CD0009DF81320C2EBC20200EB42129DF8073040
:109CE00002EB0312C2F880109DF81310C1EBC10102
:109CF00000EB41109DF8071000EB01110020C1F8A6
:109D000084009DF8131040F6E440C2F2000000EB1E
:109D1000C10149689DF8072001EB4212D2F8101BDF
:109D20006FF3DC41C2F8101B9DF8131000EBC1006B
:109D300040689DF8071000EB4111D1F8100B6FF34C
:109D40001200C1F8100B029800283FD1FFE79DF8E0
:109D5000131040F6E440C2F2000000EBC101496874
:109D60009DF8072001EB4212D2F8101B41F40021AC
:109D7000C2F8101B9DF81310C1EBC10340F600227E
:109D8000C2F2000202EB43139DF8072003EB02131B
:109D9000B3F8783000EBC101496801EB4212D2F808
:109DA000101B1943C2F8101B9DF8131000EBC100E3
:109DB00040689DF8071000EB4111D1F8000B40F00E
:109DC0000440C1F8000B0020059020E19DF8070039
:109DD00000285CD1FFE702989DF81310C1EBC10287
:109DE00040F60021C2F2000101EB42119DF807206C
:109DF00001EB0211B1F87810884212D9FFE79DF803
:109E00001300C0EBC00140F60020C2F2000000EBDE
:109E100041109DF8071000EB0110B0F87800029097
:109E2000FFE702989DF81310C1EBC10240F6002134
:109E3000C2F2000101EB42119DF8072001EB021173
:109E4000C1F880009DF8131040F6E440C2F2000013
:109E500000EBC10149689DF8072001EB4212D2F8DE
:109E6000101B41F40021C2F8101B029A6FF3DF426D
:109E70009DF8131000EBC10040689DF8071000EB3F
:109E80004111D1F8100B1043C1F8100B40E00298BB
:109E90009DF81310C1EBC10240F60021C2F200018F
:109EA00001EB42119DF8072001EB0211B1F8781087
:109EB00008440138B0FBF1F080B200900099002016
:109EC000C1F6F87000EAC1439DF8131040F6E44073
:109ED000C2F2000000EBC10149689DF8072001EBC8
:109EE0004212D2F8101B1943C2F8101B029A6FF3EA
:109EF000DF429DF8131000EBC10040689DF8071089
:109F000000EB4111D1F8100B1043C1F8100BFFE723
:109F10009DF81300C0EBC00140F60020C2F2000023
:109F200000EB41109DF8071000EB011090F87A004B
:109F3000012856D1FFE79DF8131040F6E440C2F225
:109F4000000000EBC1004068D0F80808C0050028F8
:109F500023D4FFE79DF8131040F6E440C2F200005E
:109F600000EBC10149689DF8072001EB4212D2F8CD
:109F7000001B21F08051C2F8001B9DF8131000EB6C
:109F8000C10040689DF8071000EB4111D1F8000BAB
:109F900040F00050C1F8000B22E09DF8131040F68D
:109FA000E440C2F2000000EBC10149689DF80720BF
:109FB00001EB4212D2F8001B21F00051C2F8001B45
:109FC0009DF8131000EBC10040689DF8071000EBEE
:109FD0004111D1F8000B40F08050C1F8000BFFE7B1
:109FE000FFE79DF8131040F6E440C2F2000000EBDA
:109FF000C10040689DF8071000EB4111D1F8000B3B
:10A0000040F00440C1F8000B00200590FFE70598E0
:10A0100006B080BD80B586B08DF813008DF81210A3
:10A02000039202939DF8120000F07F008DF8070064
:10A0300000200090FFE79DF80C008007A0B3FFE729
:10A04000FFE74EF6B810C0F2012003F0A9FB4EF274
:10A050009670C0F201204EF6FD11C0F201214EF6BD
:10A06000BC22C0F2012240F2753303F099FB4EF698
:10A07000E120C0F2012003F093FBFFE7FFE74EF67B
:10A08000B810C0F2012003F08BFB4EF2E570C0F275
:10A09000012003F085FB4EF6E120C0F2012003F021
:10A0A0007FFBFFE7FFE7FEE7FFE7039838B9FFE72D
:10A0B000029820B1FFE74FF0FF300590E3E19DF8F3
:10A0C0000700B0B1FFE79DF8131040F6E440C2F27C
:10A0D000000000EBC10040689DF8071000EB411044
:10A0E000D0F80009400520B9FFE76FF001000590A6
:10A0F000C9E103999DF81300C0EBC00240F60020AF
:10A10000C2F2000000EB42129DF8073002EB03128E
:10A11000D16202999DF81320C2EBC20200EB4212F9
:10A120009DF8073002EB031211639DF81310C1EB89
:10A13000C10100EB41109DF8071000EB0111002058
:10A1400048639DF8131040F6E440C2F2000000EBB3
:10A15000C10149689DF8072001EB4212D2F810199D
:10A160006FF3DC41C2F810199DF8131000EBC10029
:10A1700040689DF8071000EB4111D1F810096FF30A
:10A180001200C1F81009029828BBFFE79DF81310D0
:10A1900040F6E440C2F2000000EBC10149689DF8BE
:10A1A000072001EB4212D2F8101941F40021C2F845
:10A1B00010199DF8131000EBC10040689DF80710BE
:10A1C00000EB4111D1F8000940F00440C1F800094A
:10A1D0000020059057E19DF80700002859D1FFE7BE
:10A1E00002989DF81310C1EBC10240F60021C2F2A3
:10A1F000000101EB42119DF8072001EB0211098DCE
:10A20000884211D9FFE79DF81300C0EBC00140F66A
:10A210000020C2F2000000EB41109DF8071000EB97
:10A220000110008D0290FFE702989DF81310C1EB1A
:10A23000C10240F60021C2F2000101EB42119DF87B
:10A24000072001EB021108639DF8131040F6E4406B
:10A25000C2F2000000EBC10149689DF8072001EB44
:10A260004212D2F8101941F40021C2F81019029AD2
:10A270006FF3DF429DF8131000EBC10040689DF8BA
:10A28000071000EB4111D1F810091043C1F8100973
:10A290003FE002989DF81310C1EBC10240F6002187
:10A2A000C2F2000101EB42119DF8072001EB0211FF
:10A2B000098D08440138B0FBF1F080B2009000999C
:10A2C0000020C1F6F87000EAC1439DF8131040F673
:10A2D000E440C2F2000000EBC10149689DF807208C
:10A2E00001EB4212D2F810191943C2F81019029A60
:10A2F0006FF3DF429DF8131000EBC10040689DF83A
:10A30000071000EB4111D1F810091043C1F81009F2
:10A31000FFE79DF81300C0EBC00140F60020C2F239
:10A32000000000EB41109DF8071000EB011090F8C1
:10A330002A00012878D1FFE79DF8131040F6E44089
:10A34000C2F2000000EBC1004068D0F80808C00568
:10A35000002823D4FFE79DF8131040F6E440C2F232
:10A36000000000EBC10149689DF8072001EB421293
:10A37000D2F8001921F08051C2F800199DF813108D
:10A3800000EBC10040689DF8071000EB4111D1F8C7
:10A39000000940F00050C1F8000922E09DF81310B8
:10A3A00040F6E440C2F2000000EBC10149689DF8AC
:10A3B000072001EB4212D2F8001921F00051C2F837
:10A3C00000199DF8131000EBC10040689DF80710BC
:10A3D00000EB4111D1F8000940F08050C1F80009AC
:10A3E000FFE79DF8131040F6E440C2F2000000EBD6
:10A3F000C10149689DF8072001EB4212D2F81019FB
:10A4000021F0C041C2F810199DF8131000EBC100F3
:10A4100040689DF8071000EB4111D1F8100940F099
:10A420000050C1F81009FFE79DF8131040F6E44012
:10A43000C2F2000000EBC10040689DF8071000EB7D
:10A440004111D1F8000940F00440C1F80009029818
:10A45000B0B1FFE79DF8070000F00F01012000FAFE
:10A4600001F29DF8131040F6E440C2F2000000EB48
:10A47000C1004168D1F834081043C1F83408FFE73F
:10A4800000200590FFE7059806B080BD80B584B038
:10A490008DF80F008DF80E1002929DF80F0040F617
:10A4A000F022C2F200024FF4FA7110FB0120019079
:10A4B000DDF808C09DF80F0010FB01239868604488
:10A4C0009860DDF808C09DF80F0010FB0123D868E4
:10A4D000A0EB0C00D8609DF80F0010FB0120C068B5
:10A4E00080B1FFE79DF80F0040F6F022C2F20002B3
:10A4F0004FF4FA7110FB01218A68CB688021FFF7C5
:10A5000089FD5EE09DF80F0040F6F022C2F20002E5
:10A510004FF4FA7110FB0120007DC00798B1FFE7EE
:10A520009DF80F0040F6F022C2F200024FF4FA71DB
:10A5300010FB0120002303759DF80F0080211A46AF
:10A54000FFF768FD3CE00198C088D8B1FFE70198AB
:10A5500000780006002815D5FFE79DF80F0040F6AB
:10A56000F022C2F200024FF4FA7110FB0121042024
:10A5700081F81E019DF80F00002319461A46FFF7C7
:10A5800027FB1EE09DF80F0040F6F022C2F2000209
:10A590004FF4FA7110FB012090F81E0103280ED130
:10A5A000FFE79DF80F0040F6F022C2F200024FF4E0
:10A5B000FA7110FB0121002081F81E01FFE7FFE77F
:10A5C000FFE704B080BD000080B584B08DF80F00B7
:10A5D0008DF80E1002929DF80F0040F6F022C2F2A4
:10A5E00000024FF4FA7110FB01200190029800283C
:10A5F00073D0FFE7DDF808C09DF80F0040F6F022A9
:10A60000C2F200024FF4FA7110FB01239868604413
:10A610009860DDF808C09DF80F0010FB0123D86892
:10A62000A0EB0C00D8609DF80F0010FB0120C06863
:10A63000002841D1FFE79DF80F0040F6F023C2F259
:10A6400000034FF4FA7210FB023101F11C00886024
:10A650009DF80F00019910FB023303F1080210333B
:10A6600000F04AFF98B9FFE79DF80F0040F6F0228E
:10A67000C2F200024FF4FA7110FB0121002081F8B0
:10A680001E019DF80F008021FFF712FA33E09DF8BC
:10A690000F0040F6F022C2F200024FF4FA7110FBF4
:10A6A0000121032081F81E019DF80F008021002365
:10A6B0001A46FFF7AFFC0FE09DF80F0040F6F022BE
:10A6C000C2F200024FF4FA7110FB01218A68CB68D4
:10A6D0000021FFF77DFAFFE70DE09DF80F0040F63F
:10A6E000F022C2F200024FF4FA7110FB01210020A7
:10A6F00081F81E01FFE704B080BD000080B584B082
:10A700008DF80F0002919DF80F0040F6F022C2F282
:10A7100000024FF4FA7110FB012001900198029998
:10A720000822FEF721F99DF80F000199F9F792FB35
:10A7300004B080BD80B582B08DF807008DF806109A
:10A7400000929DF8070040F6F022C2F200024FF49A
:10A75000FA7110FB01209DF8061001F07F0101EB5A
:10A76000410100EB8100D0F88001B8B1FFE79DF80E
:10A77000070040F6F022C2F200024FF4FA7110FB1B
:10A7800001229DF8061001F07F0303EB430302EB67
:10A790008302D2F88031009A9847FFE702B080BD6B
:10A7A00080B582B08DF807008DF8061000929DF8F4
:10A7B000070040F6F022C2F200024FF4FA7110FBDB
:10A7C00001209DF8061001F07F0101EB410100EB33
:10A7D0008100D0F8BC01B8B1FFE79DF8070040F652
:10A7E000F022C2F200024FF4FA7110FB01229DF830
:10A7F000061001F07F0303EB430302EB8302D2F860
:10A80000BC31009A9847FFE702B080BD80B588B0A0
:10A810008DF81F008DF81E109DF81E0001380146AE
:10A820000691092800F2CC800699DFE801F005C9FD
:10A830004E517A797BC9C7C844F2A861C2F20001BF
:10A84000002005900870BFF35F8F44F2AC61C2F244
:10A85000000108680130086040F61C11C2F20001D6
:10A8600001200870FBF74CFFFCF756F840F220007F
:10A87000C2F20000FAF74EFD40F25C40C2F2000066
:10A88000FAF748FD059844F2F061C2F20001087041
:10A8900045F2F461C2F20001087041F6A061C2F213
:10A8A0000001087040F68511C2F20001087040F600
:10A8B000A801C2F200014FF4E1320A600871487148
:10A8C00008208871FCF708F87BE0FBF721FF78E0AF
:10A8D00044F2A861C2F2000100200870BFF35F8F4C
:10A8E00044F2AC61C2F2000108680130086040F631
:10A8F0001C11C2F200010120087040F22000C2F2D7
:10A900000000FAF707FD40F25C40C2F20000FAF7DF
:10A9100001FDFBF7F5FEFBF7FFFFFBF7DDFF50E066
:10A920004FE04EE044F2A861C2F200010091002025
:10A9300004900870BFF35F8F44F2AC61C2F2000173
:10A9400008680130086040F61C11C2F200010120C5
:10A950000190087040F22000C2F200000290FAF765
:10A96000D9FC40F25C40C2F200000390FAF7D2FC3E
:10A97000FBF7CEFE009A0199029840F68513C2F2C9
:10A980000003197045F2F463C2F20003197041F636
:10A99000A063C2F200031970BFF35F8F1170FAF762
:10A9A000EBFC0398FAF7E8FC049844F2B062C2F2B8
:10A9B000000202214023FFF70BF902E001E000E072
:10A9C000FFE708B080BD000080B588B08DF81F009B
:10A9D0009DF81F000021029100F0DEFB02989DF817
:10A9E0001F1040F6F023C2F2000303934FF4FA72F3
:10A9F000049211FB023181F81D019DF81F1011FB1B
:10AA0000023181F81C019DF81F1011FB023181F801
:10AA10001E019DF81F1011FB023181F8230107214F
:10AA20008DF8181005218DF819104021ADF81C1073
:10AA30008DF81B0080218DF81A108DF81E009DF8EE
:10AA40001F0006A90191FEF79FFE019902988DF85B
:10AA50001A009DF81F00FEF797FE029A9DF81F004E
:10AA600001210591FEF7F0FA039B049A05999DF8E0
:10AA70001F0010FB0232D2F8F021904708B080BDD1
:10AA800080B582B08DF807009DF8070040F6F022EF
:10AA9000C2F200024FF4FA7110FB0123002083F888
:10AAA00022019DF8070010FB0121D1F8F0210621B9
:10AAB000904702B080BD000080B582B08DF80700DD
:10AAC0009DF8070040F6F022C2F200024FF4FA713E
:10AAD00010FB012090F81D01012816DBFFE79DF80F
:10AAE000070040F6F022C2F200024FF4FA7110FBA8
:10AAF0000123012083F822019DF8070010FB0121AA
:10AB0000D1F8F02105219047FFE702B080BD000099
:10AB100080B58AB08DF82600ADF82410089207930E
:10AB200000208DF81B008DF81A0001218DF81910F6
:10AB30000590049003909DF825008DF81B00BDF84A
:10AB400024008DF81A009DF81B0001380146009181
:10AB50000E2800F2BF810099DFE811F00F004600D7
:10AB60008D00BC01BC0162016601BC01BC01BC01DD
:10AB7000BC01BC01BC01BC0193019DF8260000F0A2
:10AB8000E3F99DF8263040F6F022C2F200024FF4BD
:10AB9000FA7113FB012383F823019DF8260010FBB3
:10ABA00001208069006820B9FFE700208DF81900B6
:10ABB00094E19DF8260040F6F022C2F200024FF424
:10ABC000FA7110FB01208169096890F82301884718
:10ABD0000390039820B9FFE700208DF819007DE16C
:10ABE00003980078059079E19DF8260040F6F02260
:10ABF000C2F200024FF4FA7110FB01208069406834
:10AC000020B9FFE700208DF8190067E19DF82600C4
:10AC100040F6F022C2F200024FF4FA7110FB01205C
:10AC20008169496890F8230188470390039820B907
:10AC3000FFE700208DF8190050E103984088059047
:10AC40000398C079C0F380109DF8261040F6F023D9
:10AC5000C2F200034FF4FA7211FB023181F81F01B6
:10AC60000398C079C0F340109DF8261011FB023103
:10AC700081F8200132E19DF81A00EE282AD1FFE781
:10AC80009DF8260040F6F022C2F200024FF4FA715D
:10AC900010FB01208069406920B9FFE700208DF892
:10ACA00019001BE19DF8260040F6F022C2F20002D6
:10ACB0004FF4FA7110FB012080694069006803902D
:10ACC0009DF8260010FB012080694069006800782B
:10ACD0000590A4E09DF8260040F6F022C2F20002A2
:10ACE0004FF4FA7110FB01208069006920B9FFE779
:10ACF00000208DF81900F1E09DF8260040F6F022C2
:10AD0000C2F200024FF4FA7110FB012081690A6956
:10AD100090F823019DF81A1090470490049820B9E8
:10AD2000FFE700208DF81900D8E09DF81A00C0B99F
:10AD3000FFE7089801680420087008990A68032151
:10AD4000517004990978089A1268917004994978A9
:10AD5000089A1268D1700799086001208DF82700C1
:10AD6000E8E00498F5F7F3FAADF80A00BDF80A1028
:10AD7000022000EB4100ADF80800BDF80800B0F576
:10AD8000807F18DDFFE7FFE74EF6A240C0F201200A
:10AD900002F006FD4EF61F40C0F2012002F000FD59
:10ADA0004EF6E120C0F2012002F0FAFCFFE700209D
:10ADB0008DF82700BEE09DF8080008990968087022
:10ADC00008980168032048700020ADF80600FFE7EE
:10ADD000BDF80600BDF80A10884218DAFFE70498AB
:10ADE000BDF80620805C0899096801EB4201887073
:10ADF00008980068BDF8061000EB41010020C870FB
:10AE0000FFE7BDF806000130ADF80600E0E7BDF849
:10AE100008000799086001208DF827008AE05DE0AE
:10AE200000208DF8270085E09DF8260040F6F022EE
:10AE3000C2F200024FF4FA7110FB01208069C06871
:10AE400020B9FFE700208DF8190047E09DF82600A3
:10AE500040F6F022C2F200024FF4FA7110FB01201A
:10AE60008169C96890F8230188470390039820B945
:10AE7000FFE700208DF8190030E003984088059026
:10AE80002CE09DF8260040F6F022C2F200024FF4BA
:10AE9000FA7110FB01208069006A20B9FFE70020E9
:10AEA0008DF819001AE09DF8260040F6F022C2F253
:10AEB00000024FF4FA7110FB01208069006A0068FB
:10AEC00003909DF8260010FB01208069006A40680D
:10AED000059003E000208DF81900FFE79DF81900A8
:10AEE000C007C8B9FFE7FFE74EF6A240C0F2012055
:10AEF00002F056FC9DF81B109DF81A204EF6E62035
:10AF0000C0F2012002F04CFC4EF6E120C0F201201C
:10AF100002F046FCFFE706E00398089908600598F0
:10AF200007990860FFE79DF8190000F001008DF80F
:10AF30002700FFE79DF827000AB080BD81B0009090
:10AF40004FF4041001B0704782B08DF807009DF8EF
:10AF5000071040F6E440C2F2000000EBC100406878
:10AF6000D0F8080800F006000090009820B9FFE72C
:10AF700003208DF8060010E00098022804D0FFE7B7
:10AF80000098062804D1FFE702208DF8060003E0B0
:10AF900002208DF80600FFE7FFE79DF8060002B0EB
:10AFA0007047000081B08DF803008DF802108DF815
:10AFB0000120002001B0704781B08DF803008DF8AA
:10AFC0000210002001B0704781B0DDF808C0DDF844
:10AFD00004C08DF803008DF802108DF801208DF863
:10AFE0000030019801680020087002990120086073
:10AFF00001B0704784B08DF80F0002910192009368
:10B00000029946F24150C0F20120086002990020E6
:10B010004860029988600299C860019802990861A5
:10B02000009802994861029804B0704781B08DF889
:10B0300003008DF802108DF801208DF8003001B06A
:10B040007047000081B08DF803008DF802108DF874
:10B05000012001B07047000081B0DDF808C0DDF8C4
:10B0600004C08DF803008DF802108DF801208DF8D2
:10B07000003001B07047000080B588B08DF81F0027
:10B08000069105929DF81F00012816DBFFE7FFE7F8
:10B090004EF6A240C0F2012002F082FB4EF636408E
:10B0A000C0F2012002F07CFB4EF6E120C0F201204C
:10B0B00002F076FBFFE7FFE7FEE79DF81F1040F682
:10B0C000E440C2F2000000EBC1000390069803992F
:10B0D000486005989DF81F1040F6F023C2F2000367
:10B0E00000934FF4FA72019211FB0231C1F8F001A2
:10B0F0009DF81F00FCF7BAFF04909DF81F000B217C
:10B1000002910022FDF7A0FF009B019A02999DF891
:10B110001F0010FB0232D2F8F0219047049808B0CB
:10B1200080BD000080B584B00390FFE74EF6B640C6
:10B13000C0F2012002F034FBDDF80CC09CF80010D6
:10B140009CF80120BCF80230BCF80400BCF806E012
:10B15000EC46CCF804E0CCF800004EF64540C0F2D6
:10B16000012002F01DFB4EF6E120C0F2012002F0AA
:10B1700017FBFFE704B080BD80B582B08DF80700F3
:10B1800000919DF8070000998978FEF765F9B0FAFB
:10B1900080F0400902B080BD81B08DF803008DF8C9
:10B1A00002109DF8031040F6E440C2F2000000EBEC
:10B1B000C1014A68D2F8001821F4FE61C2F80018F3
:10B1C0009DF8021001F07F029DF8031000EBC10012
:10B1D0004168D1F8000840EA0210C1F800080020D8
:10B1E00001B0704780B586B08DF817008DF8161045
:10B1F0008DF81520FF208DF814008DF81300002025
:10B200008DF81200029001909DF8170040F6F02290
:10B21000C2F200024FF4FA7110FB01208169496803
:10B2200090F8230188470390FFE7039800780028EF
:10B2300054D0FFE70398407801460091022808D0D7
:10B24000FFE70098042819D0FFE7009805281AD0D6
:10B2500030E0039840798DF813009DF813009DF8B5
:10B260001610884209D1FFE701208DF81200002056
:10B270000190039840880290FFE71CE00398C07893
:10B280008DF8140017E09DF813009DF81610884201
:10B2900007D1FFE79DF814009DF81510884201D0F2
:10B2A000FFE708E09DF81700039900F01DF88DF8FE
:10B2B000120000E0FFE7039801780198084401902C
:10B2C000039801780844039001980299884204D3B6
:10B2D000FFE7029808B1FFE700E0A6E79DF812003B
:10B2E00000F0010006B080BD80B582B08DF8070087
:10B2F0000091009880780006002829D5FFE7009A81
:10B3000090886FF3DF209DF8071040F6F02CC2F212
:10B31000000C4FF4FA7311FB03C1927802F07F0224
:10B3200002EB420201EB8201A1F87A01009A9088B7
:10B33000C0F3C1209DF8071011FB03C1927802F001
:10B340007F0202EB420201EB820181F8790128E0E1
:10B35000009A90886FF3DF209DF8071040F6F02CDC
:10B36000C2F2000C4FF4FA7311FB03C1927802F0A1
:10B370007F0202EB420201EB8201A1F8B601009AC2
:10B380009088C0F3C1209DF8071011FB03C192788B
:10B3900002F07F0202EB420201EB820181F8B5016B
:10B3A000FFE79DF807000099FEF7EEF9B0FA80F08C
:10B3B000400902B080BD000080B588B08DF81F0044
:10B3C0008DF81E108DF81D2000200690FF218DF8AD
:10B3D00013108DF812108DF81100029001909DF855
:10B3E0001F0040F6F022C2F200024FF4FA7110FB87
:10B3F00001208169496890F8230188470390FFE79D
:10B400000398007800286BD0FFE703984078014646
:10B410000091022808D0FFE7009804280AD0FFE72F
:10B420000098052820D047E000200190039840882C
:10B43000029042E00398C0788DF81300039880785A
:10B440008DF812009DF812009DF81E1088420AD156
:10B45000FFE79DF813009DF81D10884203D1FFE718
:10B4600003980690FFE728E09DF812009DF81E1053
:10B47000884220D1FFE7039805909DF81D0040B950
:10B48000FFE79DF81F000599FFF776FE8DF8110084
:10B4900010E09DF813009DF81D10884208D1FFE7C9
:10B4A0009DF81F000599FFF71FFF8DF8110000E0C0
:10B4B000FFE7FFE7FFE700E0FFE703980178019867
:10B4C0000844019003980178084403900198029978
:10B4D000884204D3FFE7029808B1FFE700E08FE756
:10B4E0009DF81F00069A0821FDF7AEFD9DF811009A
:10B4F00000F0010008B080BD80B586B08DF8160060
:10B500000491039202930498007800F060000146D1
:10B51000019140B1FFE7019820283AD0FFE7019858
:10B5200040285DD083E09DF816000499039A029BA1
:10B5300000F08AF8B0F1FF3F2ADCFFE7049840787A
:10B5400006280AD1FFE704984088B0F5C06F04D1FF
:10B55000FFE700208DF8170071E0FFE74EF6A240EC
:10B56000C0F2012002F01CF94EF6B130C0F2012009
:10B5700002F016F94EF6E120C0F2012002F010F9B7
:10B58000FFE70498FFF7CEFD00208DF8170056E086
:10B5900051E09DF816000499039A029BFDF7B8FD4F
:10B5A000B0F1FF3F1BDCFFE7FFE74EF6A240C0F221
:10B5B000012002F0F5F84EF6E130C0F2012002F071
:10B5C000EFF84EF6E120C0F2012002F0E9F8FFE7C3
:10B5D0000498FFF7A7FD00208DF817002FE02AE060
:10B5E0009DF816000499039A029B00F087FBB0F1C6
:10B5F000FF3F1BDCFFE7FFE74EF6A240C0F2012051
:10B6000002F0CEF84EF6CA30C0F2012002F0C8F8BF
:10B610004EF6E120C0F2012002F0C2F8FFE70498E4
:10B62000FFF780FD00208DF8170008E003E0002000
:10B630008DF8170003E001208DF81700FFE79DF853
:10B64000170006B080BD000080B586B08DF81700E9
:10B65000049103920293002001900498007800F076
:10B6600003000146009140B1FFE70098012812D085
:10B67000FFE7009802281CD029E09DF817000499E4
:10B68000039A029B00F02AF820B9FFE74FF0FF3041
:10B690000190FFE71FE09DF817000499039A029BB1
:10B6A00000F0FEF920B9FFE74FF0FF300190FFE70F
:10B6B00011E09DF817000499039A029B00F044F9E9
:10B6C00020B9FFE74FF0FF300190FFE703E04FF0B4
:10B6D000FF300190FFE7019806B080BD80B58AB0C9
:10B6E0008DF8270008910792069308984088ADF8D6
:10B6F000160001208DF81500089840780146049145
:10B700000B2800F217810499DFE811F00C004400C7
:10B7100014014400140186009E00A900AD00C00081
:10B720001001100107980168002008709DF827009B
:10B7300040F6F022C2F200024FF4FA7110FB012031
:10B7400090F81F01C00738B1FFE707980168087833
:10B7500040F001000870FFE79DF8270040F6F02256
:10B76000C2F200024FF4FA7110FB012090F821019F
:10B77000C00738B1FFE707980168087840F0020079
:10B780000870FFE7079801680020487006990220BA
:10B790000860D3E0BDF81600012832D1FFE7089811
:10B7A0004078032816D1FFE79DF8270040F6F022E5
:10B7B000C2F200024FF4FA7110FB0123012083F85A
:10B7C00021019DF8270010FB0121D1F8F02109216A
:10B7D000904715E09DF8270040F6F022C2F20002E3
:10B7E0004FF4FA7110FB0123002083F821019DF82A
:10B7F000270010FB0121D1F8F0210A219047FFE733
:10B8000006E0BDF81600022801D1FFE7FFE7FFE7D9
:10B8100006990020086091E09DF816009DF8271019
:10B8200040F6F023C2F200034FF4FA7211FB02312A
:10B8300081F81D019DF827009DF81610FFF7ACFC5C
:10B8400006990020086079E09DF82700BDF81610E1
:10B85000079A069BFFF75CF98DF815006EE0002053
:10B860008DF815006AE09DF8270040F6F022C2F23C
:10B8700000024FF4FA7110FB012090F81C010799A7
:10B880000968087006990120086057E09DF81600C5
:10B89000ADF81600BDF8160070B9FFE79DF8270057
:10B8A00040F6F022C2F200024FF4FA7110FB0121BF
:10B8B000002081F81C0135E09DF827009DF8161046
:10B8C0000022FFF78FFC20B9FFE700208DF815005C
:10B8D00027E09DF816009DF8273040F6F022C2F2CE
:10B8E000000201924FF4FA71029113FB012383F8D5
:10B8F0001C019DF8270010FB0120002280F8222166
:10B900009DF8270007210391FDF79EFB019B029AFA
:10B9100003999DF8270010FB0232D2F8F0219047DE
:10B92000FFE7FFE706990020086007E000208DF898
:10B93000150003E000208DF81500FFE79DF81500C5
:10B9400000F001000AB080BD80B586B08DF8160009
:10B95000049103920293049800798DF80700012066
:10B960008DF806009DF81600FAF7B6FE20B9FFE73D
:10B9700000208DF817008FE0049840780146009170
:10B980000C2800F27E800099DFE801F007257B4E4D
:10B990007B7B7B7B7B7B7B7B77009DF816009DF818
:10B9A00007100DF10502FDF7A1FE9DF8050028B175
:10B9B000FFE7039801680120087004E0039801681C
:10B9C00000200870FFE70398016800204870029982
:10B9D0000220086059E004984088E8B9FFE7FFE7D3
:10B9E0004EF6A240C0F2012001F0DAFE9DF80710E9
:10B9F0004EF6F730C0F2012001F0D2FE4EF6E12003
:10BA0000C0F2012001F0CCFEFFE79DF816009DF882
:10BA10000710FDF771FC38E000208DF80600FFE705
:10BA200002990020086030E004984088E8B9FFE7F8
:10BA3000FFE74EF6A240C0F2012001F0B1FE9DF8F2
:10BA400007104EF60C40C0F2012001F0A9FE4EF6A0
:10BA5000E120C0F2012001F0A3FEFFE79DF81600EF
:10BA60009DF80710FEF724F803E000208DF806008B
:10BA7000FFE702990020086007E000208DF806002B
:10BA800003E000208DF80600FFE79DF8060000F0B7
:10BA900001008DF81700FFE79DF8170006B080BD84
:10BAA00080B58CB08DF82E000A91099208930A98FF
:10BAB000C0788DF81F000A9880888DF81E0001203C
:10BAC0008DF81D00002005900490FF208DF80F00D8
:10BAD0009DF82E0040F6F022C2F200024FF4FA71F7
:10BAE00010FB01208169496890F82301884706907E
:10BAF0009DF82E00FAF7F0FD20B9FFE700208DF841
:10BB00002F00F6E00A984078014601910B2800F2D8
:10BB1000E5800199DFE801F006ACE2ACE2E211E277
:10BB2000E2E2B0C609980168002008700999096826
:10BB30004870089902200860D4E09DF81F00212871
:10BB400048D1FFE7FFE706980078002841D0FFE7DB
:10BB50000698407801460091022808D0FFE7009837
:10BB600004280AD0FFE7009821280BD01DE0002010
:10BB7000049006984088059018E0069880788DF823
:10BB80000F0013E09DF80F009DF81E1088420BD1A6
:10BB9000FFE70698099908600698007808990860F8
:10BBA00001208DF82F00A4E000E0FFE7069801785F
:10BBB0000498084404900698017808440690049874
:10BBC0000599884204D3FFE7059808B1FFE700E034
:10BBD000B9E749E09DF81F00222844D1FFE7002083
:10BBE0008DF80E00FFE79DF80E009DF82E1040F630
:10BBF000F023C2F200034FF4FA7211FB023191F804
:10BC0000741188422EDAFFE79DF82E0040F6F022EC
:10BC1000C2F200024FF4FA7110FB01209DF80E10E1
:10BC200000EB8100D0F824010290029898B1FFE760
:10BC30000298007E9DF81E1088420CD1FFE7029802
:10BC40000069099908600298406908990860012014
:10BC50008DF82F004DE0FFE79DF80E0001308DF8C4
:10BC60000E00C0E7FFE7FFE700208DF81D0039E078
:10BC700000208DF81D0035E09DF82E0040F6F022E2
:10BC8000C2F200024FF4FA7110FB01209DF81E1061
:10BC9000084490F86401099909680870089901201E
:10BCA00008601FE00A9840889DF82E1040F6F023A7
:10BCB000C2F200034FF4FA7211FB02319DF81E200C
:10BCC000114481F864019DF82E000A998A78097957
:10BCD000FFF772FB08990020086003E000208DF850
:10BCE0001D00FFE79DF81D0000F001008DF82F00FA
:10BCF000FFE79DF82F000CB080BD000080B58AB032
:10BD00008DF823000791069205939DF8230040F6D5
:10BD1000F022C2F200024FF4FA7110FB0120806998
:10BD2000406900287AD0FFE7079840789DF82310F3
:10BD300040F6F023C2F200034FF4FA7211FB023115
:10BD4000896949690979884267D1FFE7079880883E
:10BD500001460191042804D0FFE7019805281ED070
:10BD600043E09DF8230040F6F022C2F200024FF4B7
:10BD7000FA7110FB012080694069806800680490B6
:10BD80009DF8230010FB01208069406980680699B6
:10BD900008600498059908600020099045E19DF825
:10BDA000230040F6F022C2F200024FF4FA7110FBB9
:10BDB000012080694069C068079B5B8850F82300B8
:10BDC000006804909DF8230010FB01208069406901
:10BDD000C0680799498850F82100069908600498BE
:10BDE00005990860002009901FE1FFE74EF6A24088
:10BDF000C0F2012001F0D4FC4EF63730C0F2012031
:10BE000001F0CEFC4EF6E120C0F2012001F0C8FCAA
:10BE1000FFE74FF0FF30099007E162E09DF8230053
:10BE200040F6F022C2F200024FF4FA7110FB01203A
:10BE300080698069002853D0FFE7079840789DF813
:10BE4000231040F6F023C2F200034FF4FA7211FB04
:10BE50000231896989698979884240D1FFE7079869
:10BE60008088072823D1FFE79DF8230040F6F022C1
:10BE7000C2F200024FF4FA7110FB01208069806960
:10BE8000808804909DF8230010FB01208069806960
:10BE90000068069B18609DF8230010FB0120806954
:10BEA000806980880599086000200990BDE0FFE75F
:10BEB0004EF6A240C0F2012001F072FC4EF637307F
:10BEC000C0F2012001F06CFC4EF6E120C0F201202E
:10BED00001F066FCFFE74FF0FF300990A5E0FFE7B7
:10BEE000FFE79DF8230040F6F022C2F200024FF473
:10BEF000FA7110FB01208069C06900284FD0FFE76C
:10BF0000079840789DF8231040F6F023C2F2000312
:10BF10004FF4FA7211FB02318969C96909788842C4
:10BF20003CD1FFE70798808802281FD1FFE79DF8E2
:10BF3000230040F6F022C2F200024FF4FA7110FB27
:10BF400001208069C069D0F8050004909DF82300A5
:10BF500010FB01208069C069D0F8010006990860D3
:10BF6000049805990860002009905EE0FFE74EF60E
:10BF7000A240C0F2012001F013FC4EF63730C0F2AF
:10BF8000012001F00DFC4EF6E120C0F2012001F08D
:10BF900007FCFFE74FF0FF30099046E0FFE7002085
:10BFA0008DF80F00FFE79DF80F009DF8231040F675
:10BFB000F023C2F200034FF4FA7211FB023191F840
:10BFC000741188422DDAFFE79DF8230040F6F02235
:10BFD000C2F200024FF4FA7110FB01209DF80F101D
:10BFE00000EB8100D0F824010290029890B1FFE7A5
:10BFF0000298806870B1FFE70298D0F808C09DF8F9
:10C0000023000799069A059BE04718B9FFE700202F
:10C0100009900AE0FFE79DF80F0001308DF80F004E
:10C02000C1E74FF0FF300990FFE709980AB080BDE3
:10C0300082B0019001980069009001984168806881
:10C04000886001994868896848600098406801994B
:10C05000884205D1FFE7019880680099486000E0B8
:10C06000FFE701990020086100990868013808601D
:10C070000098006802B0704781B00090009901F10B
:10C080000800486000994FF0FF308860009901F186
:10C090000800C860009901F10800086100990020BB
:10C0A000086001B07047000081B000900099002046
:10C0B000086101B07047000084B0039002910298BB
:10C0C000006800900098013020B9FFE703980069EC
:10C0D000019010E0039808300190FFE70198406854
:10C0E00000680099884205D8FFE7FFE7019840689B
:10C0F0000190F3E7FFE701984068029948600298D1
:10C1000041688860019802998860029801994860A6
:10C11000039802990861039908680130086004B027
:10C120007047000083B0029001910298406800902F
:10C13000009801994860009880680199886001988A
:10C14000009989684860019800998860029801996F
:10C150000861029908680130086003B07047000068
:10C16000DFF80C00016841F47001016070470000C5
:10C1700088ED00E080B582B04FF0080080F31188B0
:10C18000BFF36F8FBFF34F8F019040F6F000C2F204
:10C1900000000168013101600068012812D1FFE749
:10C1A0004EF60450CEF200000068000648B1FFE7EA
:10C1B0004EF69C50C0F2012040F29F11F8F78CF926
:10C1C000FFE7FFE702B080BD80B582B040F6F00027
:10C1D000C2F20000006848B9FFE74EF69C50C0F27A
:10C1E00001204FF4D371F8F777F9FFE740F6F0003C
:10C1F000C2F20000016801390160006830B9FFE750
:10C2000000200190019880F31188FFE702B080BD03
:10C2100080B584B00390039802900398002851D011
:10C22000FFE7029808380290029801900198406850
:10C2300045F23871C2F200010968084209D1FFE7EE
:10C240004EF67650C0F201204FF48B71F8F744F9A6
:10C25000FFE70198006848B1FFE74EF67650C0F25C
:10C26000012040F21711F8F737F9FFE7019840680D
:10C2700045F23871C2F200010968084220D0FFE798
:10C2800001980068D0B9FFE745F23870C2F20000AB
:10C290000268019948689043486000F089F9019864
:10C2A000426845F26471C2F20001086810440860F7
:10C2B0000198FAF7ABFF01F02FF900E0FFE700E08B
:10C2C000FFE7FFE704B080BD4EF21001CEF200019F
:10C2D000002008604EF21802CEF2000210604EF20A
:10C2E0001402CEF200021F20106003200860704785
:10C2F00080B582B0EFF305800190019810281CD31F
:10C30000FFE701984EF2F031CEF20001405C8DF86B
:10C3100003009DF8030044F2A161C2F20001097814
:10C32000884209DAFFE74EF69C50C0F2012040F245
:10C33000F221F8F7D1F8FFE7FFE74EF60C50CEF206
:10C340000000006800F4E06044F2A461C2F2000161
:10C350000968884209D9FFE74EF69C50C0F20120D7
:10C3600040F20231F8F7B8F8FFE702B080BD0000F4
:10C3700080B584B003900291019203980090FFF77A
:10C38000F9FE009890F94400013028B9FFE70099C0
:10C39000002081F84400FFE7009890F94500013043
:10C3A00028B9FFE70099002081F84500FFE7FFF773
:10C3B0000BFF0098806B38B9FFE700982430029992
:10C3C000019A00F077F800E0FFE70098FBF77CFAAD
:10C3D00004B080BD80B582B001900020009001982B
:10C3E000D0B1FFE745F20470C2F20000006848B126
:10C3F000FFE74EF64550C0F2012040F23C51F8F7FD
:10C400006BF8FFE700F0D4F801980021FAF770FB11
:10C4100001F082F8009000E0FFE7009860B9FFE7C4
:10C420004EF60451CEF200014FF080500860BFF389
:10C430004F8FBFF36F8F00E0FFE702B080BD0000B9
:10C4400081B0009045F27470C2F20000006800995B
:10C45000086045F2C070C2F20000006800994860B0
:10C4600001B0704745F2CC71C2F2000101200860B2
:10C470007047000080B582B001900091019848B9E2
:10C48000FFE74EF64550C0F2012040F6CE31F8F7F6
:10C4900023F8FFE7019840F65851C2F200010968FD
:10C4A0001831FFF709FE00980121FAF721FB02B0CD
:10C4B00080BD000080B584B0039002910192039882
:10C4C00048B9FFE74EF64550C0F2012040F6F93179
:10C4D000F8F702F8FFE7039840F65851C2F200015E
:10C4E00009681831FFF71EFE019820B1FFE74FF0F1
:10C4F000FF300290FFE702980199FAF7F9FA04B0C9
:10C5000080BD000080B584B045F26871C2F20001C0
:10C51000684641600023036046F6E170C0F20120E6
:10C520004EF64051C0F20121802200F0C1FD029080
:10C530000298012804D1FFE701F0A8F8029000E07A
:10C54000FFE70298012823D1FFE74FF0080080F3AE
:10C550001188BFF36F8FBFF34F8F039045F2707157
:10C56000C2F200014FF0FF30086045F28C71C2F258
:10C5700000010120086045F2C071C2F200010020F4
:10C58000086000F015F908B1FFE700E0FFE70DE0F3
:10C590000298013048B9FFE74EF64550C0F201203D
:10C5A0004FF40261F7F798FFFFE7FFE704B080BDA3
:10C5B00045F20471C2F2000108680130086070475A
:10C5C00080B584B045F20470C2F20000006838B152
:10C5D000FFE745F2CC71C2F20001012008604BE098
:10C5E00045F2CC71C2F200010020086045F20C70E7
:10C5F000C2F20000006803900398B0FA80F08DF852
:10C600000B009DF80B00C0F11F000190019800EB9A
:10C61000800140F67050C2F2000050F8210048B985
:10C62000FFE74EF64550C0F2012040F6B731F7F76C
:10C6300053FFFFE7019800EB800140F67050C2F213
:10C64000000000EB81000090009948684068486055
:10C65000009948680831884205D1FFE70099486889
:10C6600040684860FFE700984068C06840F658514D
:10C67000C2F200010860FFE704B080BD80B586B05B
:10C6800004900391029204980399029A00F018F81A
:10C690000190019818B1FFE7019805900CE004980B
:10C6A0000399029AF3F75AFE002818BF01204000B0
:10C6B000019001980590FFE7059806B080BD000045
:10C6C00080B58AB0069005910492069820F0FF008C
:10C6D00000F58070039000200290FFE70298049913
:10C6E000884211D2FFE70698029A805C0599895C1E
:10C6F0000840884203D0FFE70120079045E0FFE7AC
:10C70000029801300290E9E7EFF310800890089852
:10C710000190EFF3108072B6099040F2C970804723
:10C72000FFE7049818B3FFE703980699401A0090B2
:10C7300000980499884203D3FFE704980090FFE72C
:10C7400006980599009A43F6D743984700990698AA
:10C7500008440690009905980844059000990498AB
:10C76000401A0490039800F580700390D9E740F2D6
:10C770005160804740F60D008047019810B9FFE7EF
:10C7800062B6FFE700200790FFE707980AB080BD78
:10C7900080B582B0F7F7C4FE019041F24B20C0F2A1
:10C7A000002001A90422FFF769FF02B080BD00004C
:10C7B00080B584B04EF60050CEF2000000684CF216
:10C7C0007121C4F20F11884209D1FFE74EF69C5047
:10C7D000C0F201204FF49471F7F77EFEFFE74EF6AA
:10C7E0000050CEF2000000684CF27021C4F20F112C
:10C7F000884209D1FFE74EF69C50C0F2012040F27A
:10C800002911F7F769FEFFE74EF20040CEF2000073
:10C81000029001780391FF21017000788DF80700E4
:10C820009DF8070000F0080044F2A161C2F2000187
:10C83000087044F2A461C2F2000107200860FFE71B
:10C840009DF80700000600280DD5FFE744F2A4611B
:10C85000C2F200010868013808609DF80700400036
:10C860008DF80700ECE744F2A460C2F20000006813
:10C87000022809D0FFE74EF69C50C0F2012040F29A
:10C880005111F7F729FEFFE744F2A460C2F200005D
:10C890000068022809D0FFE74EF69C50C0F2012044
:10C8A0004FF4AD71F7F718FEFFE744F2A461C2F24E
:10C8B0000001086800020860086800F4E060086091
:10C8C00003984EF20041CEF2000108704EF620515E
:10C8D000CEF20001086840F478000860086840F073
:10C8E00078400860FFF7F0FC40F6F001C2F200016A
:10C8F000002000900860FFF733FC4EF63471CEF252
:10C900000001086840F040400860FAF7ADFDFFF70D
:10C9100057FEFAF7A5FF009804B080BD80B588B037
:10C92000079006918DF81720079848B9FFE74EF653
:10C930002C50C0F201204FF4BB71F7F7CDFDFFE79B
:10C94000069818B9FFE70020039004E007980699BD
:10C9500048430390FFE703984C30FBF71DF8049021
:10C96000049890B1FFE70498029002984C3002902E
:10C9700007980699029A9DF81730DDF810C0EE4628
:10C98000CEF800C0FAF748FB00E0FFE7049808B0D3
:10C9900080BD000080B584B003900291039801909F
:10C9A000019848B9FFE74EF62C50C0F2012040F242
:10C9B0000311F7F791FDFFE7FFF7DCFB01990B6827
:10C9C000C86B0A6C00FB0230886001990020886304
:10C9D00001990868486001990B68C86B0A6C0138B6
:10C9E00000FB0230C8600199FF2081F844000199E2
:10C9F00081F845000298D0B9FFE701980069A0B11D
:10CA0000FFE70198103000F027FD60B1FFE74EF618
:10CA10000451CEF200014FF080500860BFF34F8FF9
:10CA2000BFF36F8F00E0FFE700E0FFE708E0019849
:10CA30001030FFF721FB01982430FFF71DFBFFE7C3
:10CA4000FFF7C2FB012004B080BD000080B58EB0AE
:10CA50000C900B910A920993002008900C98049076
:10CA6000049848B9FFE74EF62C50C0F2012040F27E
:10CA7000F121F7F731FDFFE70B990020029039B95A
:10CA8000FFE70498006C002818BF01200290FFE720
:10CA90000298C00748B1FFE74EF62C50C0F20120C3
:10CAA00040F2F221F7F718FDFFE70999002002296B
:10CAB000019007D1FFE70498C06B013818BF01202F
:10CAC0000190FFE70198C00748B1FFE74EF62C50F0
:10CAD000C0F2012040F2F321F7F7FEFCFFE700F07F
:10CAE00033FB01460020009031B9FFE70A98002887
:10CAF00018BF01200090FFE70098C00748B1FFE78A
:10CB00004EF62C50C0F2012040F2F621F7F7E4FC7B
:10CB1000FFE7FFE7FFF72EFB0498806B0499C96BD2
:10CB2000884204D3FFE70998022859D1FFE7049807
:10CB3000806B039004980B99099AFAF761F90790B2
:10CB40000498806CE8B1FFE70998022804D1FFE758
:10CB5000039808B1FFE713E004980999FAF72AFC53
:10CB600060B1FFE74EF60451CEF200014FF0805065
:10CB70000860BFF34F8FBFF36F8F00E0FFE7FFE761
:10CB800029E00498406AA0B1FFE70498243000F03F
:10CB900063FC60B1FFE74EF60451CEF200014FF0A6
:10CBA00080500860BFF34F8FBFF36F8F00E0FFE747
:10CBB00010E0079860B1FFE74EF60451CEF2000195
:10CBC0004FF080500860BFF34F8FBFF36F8F00E0CE
:10CBD000FFE7FFE7FFE7FFF7F7FA01200D9065E0B9
:10CBE0000A9828B9FFE7FFF7EFFA00200D905DE003
:10CBF000089830B9FFE705A8FFF722FC012008904C
:10CC000000E0FFE7FFE7FFE7FFF7DEFAFFF7D0FC02
:10CC1000FFF7B0FA049890F94400013028B9FFE713
:10CC20000499002081F84400FFE7049890F945003A
:10CC3000013028B9FFE70499002081F84500FFE79B
:10CC4000FFF7C2FA05A80AA900F0D0F928BBFFE750
:10CC50000498FAF797FBC8B1FFE7049810300A99D7
:10CC6000FFF708FC0498FAF72FFE00F055FC60B9B6
:10CC7000FFE74EF60451CEF200014FF080500860FD
:10CC8000BFF34F8FBFF36F8FFFE705E00498FAF70C
:10CC90001BFE00F041FCFFE707E00498FAF714FEE2
:10CCA00000F03AFC00200D9000E033E70D980EB044
:10CCB00080BD000080B58EB00A900991089207935C
:10CCC0000A980490049848B9FFE74EF62C50C0F239
:10CCD000012040F2C331F7F7FFFBFFE7099900207D
:10CCE000029039B9FFE70498006C002818BF0120B2
:10CCF0000290FFE70298C00748B1FFE74EF62C50BC
:10CD0000C0F201204FF47171F7F7E6FBFFE70799D6
:10CD100000200229019007D1FFE70498C06B013879
:10CD200018BF01200190FFE70198C00748B1FFE755
:10CD30004EF62C50C0F2012040F2C531F7F7CCFB83
:10CD4000FFE7FFF7D5FAEFF311814FF0080080F30A
:10CD50001188BFF36F8FBFF34F8F0C910B900C981E
:10CD600005900498806B0499C96B884204D3FFE74F
:10CD70000798022846D1FFE7049890F845008DF8FF
:10CD80000F0004980999079AFAF73AF89DF90F00ED
:10CD9000013068BBFFE70498806C88B1FFE7049816
:10CDA0000799FAF707FB48B1FFE7089820B1FFE7BA
:10CDB00008990120086000E0FFE700E0FFE716E0C7
:10CDC0000498406A88B1FFE70498243000F044FBDF
:10CDD00048B1FFE7089820B1FFE7089901200860F3
:10CDE00000E0FFE700E0FFE700E0FFE7FFE706E025
:10CDF0009DF80F000130049981F84500FFE70120FC
:10CE0000069002E000200690FFE705980D900D982F
:10CE100080F3118806980EB080BD000080B58CB0FC
:10CE20000A9009910892002007900A9804900498AB
:10CE300048B9FFE74EF62C50C0F201204FF4A06134
:10CE4000F7F74AFBFFE709990020029039B9FFE79D
:10CE50000498006C002818BF01200290FFE7029898
:10CE6000C00748B1FFE74EF62C50C0F2012040F257
:10CE70000451F7F731FBFFE700F066F901460020A7
:10CE8000019031B9FFE70898002818BF01200190F0
:10CE9000FFE70198C00748B1FFE74EF62C50C0F2FB
:10CEA000012040F20951F7F717FBFFE7FFE7FFF713
:10CEB00061F90498806B0390039830B3FFE70498FE
:10CEC0000999F9F77BFF039801380499886304985E
:10CED0000069A0B1FFE70498103000F0BDFA60B11E
:10CEE000FFE74EF60451CEF200014FF0805008608B
:10CEF000BFF34F8FBFF36F8F00E0FFE700E0FFE766
:10CF0000FFF762F901200B906DE0089828B9FFE760
:10CF1000FFF75AF900200B9065E0079830B9FFE75A
:10CF200005A8FFF78DFA0120079000E0FFE7FFE773
:10CF3000FFE7FFF749F9FFF73BFBFFF71BF9049801
:10CF400090F94400013028B9FFE70499002081F8E6
:10CF50004400FFE7049890F94500013028B9FFE745
:10CF60000499002081F84500FFE7FFF72DF905A897
:10CF700008A900F03BF830BBFFE70498FAF7EEF998
:10CF8000D0B1FFE7049824300899FFF773FA0498AA
:10CF9000FAF79AFC00F0C0FA60B9FFE74EF60451C8
:10CFA000CEF200014FF080500860BFF34F8FBFF307
:10CFB0006F8F00E0FFE705E00498FAF785FC00F0CA
:10CFC000ABFAFFE70EE00498FAF77EFC00F0A4FA53
:10CFD0000498FAF7C3F918B1FFE700200B9002E0BC
:10CFE000FFE7FFE763E70B980CB080BD80B586B024
:10CFF00005900491059848B9FFE74EF64550C0F2F8
:10D00000012040F69441F7F767FAFFE7049848B922
:10D01000FFE74EF64550C0F2012040F69541F7F784
:10D020005BFAFFE7FFF7A6F845F2C070C2F2000016
:10D0300000680290029805994968401A0190049886
:10D040000068013018B9FFE7002003902BE045F29B
:10D050007470C2F20000006805990968884209D01E
:10D06000FFE7029805994968884203D3FFE701204A
:10D07000039017E001980499096888420BD2FFE7F2
:10D08000019A04990868801A08600598FFF7D8F992
:10D090000020039005E0049900200860012003901F
:10D0A000FFE7FFE7FFE7FFF78FF8039806B080BDC3
:10D0B00070B58CB0DDF844C0DDF840C00B900A912B
:10D0C000ADF826200893BDF826008000FAF764FC2E
:10D0D0000590059880B1FFE75420FAF75DFC0790B2
:10D0E000079820B1FFE705980799086303E00598C2
:10D0F000FFF78EF8FFE702E000200790FFE70798B0
:10D10000D8B1FFE70B980A99BDF82620089BDDF8F7
:10D1100040C0119C079DEE460026CEF80C60CEF86C
:10D120000850CEF80440CEF800C0F9F797FF0798F2
:10D13000F9F758FD0120069003E04FF0FF3006900C
:10D14000FFE706980CB070BD81B045F28C70C2F25A
:10D150000000006818B9FFE7012000900DE045F2DB
:10D160000470C2F20000006818B9FFE702200090C6
:10D1700002E000200090FFE7FFE7009801B0704751
:10D1800081B045F2C070C2F20000006800900098C3
:10D1900001B0704780B586B00020039045F204705E
:10D1A000C2F200000068002840F0B880FFE745F2B6
:10D1B000C071C2F200010868013002900298086054
:10D1C000029848BBFFE740F66050C2F200000068DA
:10D1D000006848B1FFE74EF64550C0F2012040F626
:10D1E0007F21F7F779F9FFE740F66052C2F20002BB
:10D1F0001068019040F66851C2F2000108681060A2
:10D200000198086045F27471C2F2000108680130AB
:10D210000860FAF777FA00E0FFE7029845F27071CC
:10D22000C2F200010968884262D3FFE7FFE740F6D7
:10D230006050C2F200000068006840B9FFE745F2A4
:10D240007071C2F200014FF0FF3008604FE040F60D
:10D250006050C2F200000068C068C0680590059880
:10D260004068049002980499884207D2FFE7049826
:10D2700045F27071C2F20001086038E0FFE70598DE
:10D280000430FEF7D5FE0598806A28B1FFE70598BF
:10D290001830FEF7CDFE00E0FFE70598C16A0120D7
:10D2A00000FA01F245F20C71C2F200010868104365
:10D2B00008600599C86A00EB800240F67050C2F21F
:10D2C000000000EB82000431FEF72CFF0598C06AD5
:10D2D00040F65851C2F200010968C96A884203D376
:10D2E000FFE70120039000E0FFE7FFE79FE7FFE78C
:10D2F00040F65850C2F200000068C06A00EB80019E
:10D3000040F67050C2F2000050F82100022803D30A
:10D31000FFE70120039000E0FFE707E045F200711E
:10D32000C2F20001086801300860FFE745F2CC70E6
:10D33000C2F20000006818B1FFE70120039000E08E
:10D34000FFE7039806B080BD80B584B003900398D2
:10D350000290002001900398002878D0FFE70298FF
:10D3600040F65851C2F200010968884209D0FFE72F
:10D370004EF64550C0F2012040F6DD71F7F7ACF8EB
:10D38000FFE70298806C48B9FFE74EF64550C0F2BF
:10D39000012040F6DE71F7F79FF8FFE70299886CED
:10D3A000013888640299C86A496C88424DD0FFE709
:10D3B0000298806C002846D1FFE702980430FEF7FF
:10D3C00037FED0B9FFE70298C06A00EB800140F653
:10D3D0007050C2F2000050F8210068B9FFE70298CF
:10D3E000C16A012000FA01F245F20C71C2F200019B
:10D3F000086890430860FFE700E0FFE70299486C87
:10D40000C8620299C86AC0F10F0088610298C16AB7
:10D410000120009000FA01F245F20C71C2F2000105
:10D420000868104308600299C86A00EB800240F661
:10D430007050C2F2000000EB82000431FEF772FE71
:10D440000098019000E0FFE700E0FFE700E0FFE761
:10D45000019804B080BD000080B584B003900398AB
:10D46000C068C0680290029848B9FFE74EF6455080
:10D47000C0F2012040F62941F7F72EF8FFE70298A5
:10D480001830FEF7D5FD45F20470C2F200000068C6
:10D49000F0B9FFE702980430FEF7CAFD0298C16AAE
:10D4A000012000FA01F245F20C71C2F20001086895
:10D4B000104308600299C86A00EB800240F6705081
:10D4C000C2F2000000EB82000431FEF72BFE09E0FF
:10D4D000029800F1180145F27870C2F20000FEF7E0
:10D4E00021FEFFE70298C06A40F65851C2F20001DF
:10D4F0000968C96A884208D9FFE70120019045F20E
:10D50000CC71C2F20001086002E000200190FFE748
:10D51000019804B080BD000080B584B00020039065
:10D52000029045F20470C2F20000006848B9FFE7BB
:10D530004EF64550C0F2012040F68501F6F7CCFFCB
:10D54000FFE7FEF717FE45F20470C2F20000016823
:10D55000013901600068002840F09280FFE745F241
:10D56000F860C2F200000068002800F08880FFE741
:10D57000FFE745F27870C2F200000068E0B3FFE711
:10D5800045F27870C2F20000C068C068039003984A
:10D590001830FEF74DFD03980430FEF749FD03985F
:10D5A000C16A012000FA01F245F20C71C2F20001D9
:10D5B0000868104308600399C86A00EB800240F6CF
:10D5C0007050C2F2000000EB82000431FEF7AAFDA9
:10D5D0000398C06A40F65851C2F200010968C96A4E
:10D5E000884207D3FFE745F2CC71C2F20001012067
:10D5F000086000E0FFE7BCE7039818B1FFE7FAF71F
:10D6000081F8FFE745F20070C2F200000068019067
:10D610000198E0B1FFE7FFE7FFF7BCFD38B1FFE796
:10D6200045F2CC71C2F200010120086000E0FFE782
:10D63000019801380190FFE701980028ECD1FFE73D
:10D6400045F20071C2F200010020086000E0FFE72F
:10D6500045F2CC70C2F20000006870B1FFE7012013
:10D6600002904EF60451CEF200014FF08050086057
:10D67000BFF34F8FBFF36F8F00E0FFE7FFE700E0DE
:10D68000FFE7FEF7A1FD029804B080BD80B584B02D
:10D6900000200390F9F72EFB45F2C470C2F200009F
:10D6A0000068B0B1FFE745F2C870C2F200006946F9
:10D6B00048600120086047F6A900C0F201204EF63C
:10D6C0006E51C0F2012180220023FFF7F1FC03908C
:10D6D00000E0FFE7039848B9FFE74EF65950C0F263
:10D6E000012040F21311F6F7F7FEFFE7039804B0AC
:10D6F00080BD000080B588B0DDF828C00790069195
:10D700000592049300200390079848B9FFE74EF66E
:10D710005950C0F201204FF4C171F6F7DDFEFFE76A
:10D7200045F2C470C2F200000068A8B3FFE7069893
:10D7300000900598019007980290069805281EDC35
:10D74000FFE7FFF701FD02280CD1FFE745F2C470A7
:10D75000C2F2000000680A9A69460023FFF776F9D2
:10D7600003900BE045F2C470C2F200000068694605
:10D7700000231A46FFF76AF90390FFE70BE045F232
:10D78000C470C2F200000068049A69460023FFF7E3
:10D7900091FA0390FFE700E0FFE7039808B080BD2F
:10D7A0000FB4054B10B503A9044A029800F0DAF84B
:10D7B00010BC5DF814FB0000E964010200000020C9
:10D7C00002E008C8121F08C1002AFAD1704770474A
:10D7D000002001E001C1121F002AFBD170470000A8
:10D7E0002DE9FF5F82B00021DDE90430020DDDF894
:10D7F00040B0034318D044F61050A2F2FF32424327
:10D800001514119801281FD0A5EB0B00401C5FEAEE
:10D81000000A4FF000064E4FDFF83891B0465046F0
:10D8200015D5CAF1000413E0119801244AA3012878
:10D8300001D16FEA0B010298119AC0E90031C0E9E9
:10D84000024206B0BDE8F09FCBF10000DFE70446DE
:10D850000021404A491842EB0450CDE9001012E083
:10D86000E00707D032463B4640464946F2F72AFEDB
:10D870008046894632463B4610461946F2F722FE5C
:10D8800006460F466410002CEAD1DDE90401DDE90B
:10D890000023BAF1000F06DAF2F714FE42464B46B7
:10D8A000F2F710FE05E0F2F723FF42464B46F2F78F
:10D8B0001FFF04460E460022284BF2F7A1FF03D8B3
:10D8C0004FF0FF30014607E00022254B204631464D
:10D8D000F2F751FDF2F77BFF102409E0002C0ADB80
:10D8E0000A220023F2F7DEFC039B30321A55641E35
:10D8F00050EA0102F2D1641C039AC4F111031444EA
:10D90000119A012A03D0012208430DD10AE00843ED
:10D9100004D000204FF0110B119072E7A3EB0B0520
:10D920006D1E0DE05B4504DD4FF0000205F10105C1
:10D9300004E003DA4FF00002A5F10105002AECD063
:10D9400002981199C0E90231C0E9004579E7000069
:10D95000000014400000F03F300000000000F043E1
:10D960000000E03F2DE9FF4F95B09B4689460646F3
:10D9700000250FE2252877D100242746F84A012107
:10D98000059400E0044316F8013F203B01FA03F040
:10D990001042F7D130782A2811D06FF02F03307859
:10D9A000A0F13002092A16D8059A44F0020402EBCD
:10D9B000820203EB42021044761C0590EFE759F80F
:10D9C000042B0592002A03DA504244F400540590D7
:10D9D00044F00204761C30782E2816D116F8010F78
:10D9E00044F004042A280DD06FF02F023078A0F103
:10D9F0003003092B09D807EB870302EB4303C71851
:10DA0000761CF3E759F8047B761C30786C280FD02D
:10DA100006DC4C2817D068280DD06A2814D104E001
:10DA2000742810D07A280FD10DE044F400140AE0D5
:10DA300044F4801401E044F440147278824202D12C
:10DA400004F58014761C761C307866280BD013DC25
:10DA5000582877D009DC002875D04528F6D046280C
:10DA6000F4D047281AD19DE118E0632835D0642806
:10DA700079D0652812D195E1702873D008DC672829
:10DA8000F1D069286FD06E280DD06F2806D1B5E08F
:10DA900073282CD0752875D0782874D05A461799D9
:10DAA00090476D1C75E1C4F30250022809D0032889
:10DAB0000DD0D9F8001004280DD00D6009F104092B
:10DAC00067E1D9F80010EA17C1E90052F6E7D9F882
:10DAD00000100D80F2E70D70F0E719F8041B8DF8C7
:10DAE000001000208DF80100EA46012003E059F8FB
:10DAF00004AB4FF0FF3061074FF0000102D40DE09E
:10DB000008F101018846B9420FDA8045F8DB1AF8BE
:10DB100008100029F4D108E008F10101884681428B
:10DB2000FADB1AF808100029F6D105985B46A0EB3D
:10DB3000080721463846179A00F094FA284400EB6B
:10DB4000080507E04DE029E10DE01AF8010B5A46FF
:10DB500017999047B8F10108F7D25B46214638463D
:10DB6000179A13E142E00A220092C4F302524FF0E6
:10DB7000000A022A08D059F804CB032A4FEAEC71B4
:10DB80000AD00DE029E02AE009F1070121F007029F
:10DB9000F2E802C1914609E00FFA8CFC4FEAEC7101
:10DBA000042A03D14FFA8CFC4FEAEC71002907DA02
:10DBB0000A460021DCF1000C61EB02012D2202E09B
:10DBC000220504D52B228DF80420012203E0E20770
:10DBD00001D02022F7E7904659E00A2102E0102206
:10DBE0000DE010214FF0000A00910BE010224FF0E1
:10DBF000000A44F004040827009203E008224FF0D2
:10DC0000000A0092C4F30252022A05D059F804CB4C
:10DC10000021032A08D009E009F1070121F00702D9
:10DC2000F2E802C1914605E01FFA8CFC042A01D1FA
:10DC30000CF0FF0C4FF00008220728D5702806D002
:10DC4000009B83F0100353EA0A0305D00EE0402244
:10DC50008DF80420012208E05CEA010206D030229F
:10DC60008DF804208DF8050002229046009B83F079
:10DC7000080353EA0A030AD15CEA010201D16207F0
:10DC800005D530228DF804204FF001087F1E58285A
:10DC900004D034A003900EA802900DE036A0F9E75E
:10DCA00053466046009AF2F7FDFA84460398825C78
:10DCB0000298401E029002705CEA0100F0D10298C6
:10DCC00006A9081A00F1200A600702D524F480345E
:10DCD00000E00127574502DDA7EB0A0000E0002025
:10DCE00000EB0A01009005984144401A0590E003BA
:10DCF00006D45B462146179A059800F0B3F905440F
:10DD0000002706E001A85A46C05D179990476D1C90
:10DD10007F1C4745F6DBE0030CD55B462146179A8E
:10DD2000059800F09FF9054404E030205A46179901
:10DD300090476D1C0099481E00900029F5DC08E012
:10DD4000029802995A460078491C02911799904707
:10DD50006D1CBAF10001AAF1010AF1DC65E10000D5
:10DD600009280100303132333435363738396162B1
:10DD70006364656600000000303132333435363775
:10DD800038394142434445460000000000F058F94C
:10DD90000544761C307800287FF4ECAD19B0284695
:10DDA000BDE8F08F620700D4062709F1070222F0D0
:10DDB000070CFCE80223E14603F000485FEA080C88
:10DDC00002D00FF2702C0DE05FEA045C02D50FF276
:10DDD000682C07E05FEAC47C02D00FF2602C01E0FF
:10DDE000AFF2700C4FF0FF3823F00043CDF850C075
:10DDF00065280CD006DC452809D046281DD04728C8
:10DE00003DD13DE0662818D067287ED138E000215A
:10DE1000112F01DB112000E0781CCDE9000106A9DB
:10DE20000EA8FFF7DDFCDDE90F010E9A039100213A
:10DE3000009207F1010A04914DE04FF00040009775
:10DE4000CDE9011006A90EA8FFF7CAFCDDE90F0213
:10DE500003920E9B11990022DDF80CA0009304920E
:10DE600011B9791C00EB010AB7EB0A0004D4C0F128
:10DE7000FF3007F1010A0490AAEB0700019044E08B
:10DE8000012F00DA01270021112F01DD112000E010
:10DE90003846CDE9000106A90EA8FFF7A1FCDDE98F
:10DEA0000F010E9A0391002104910092BA462107B6
:10DEB0000CD40399514500DA8A46BAF1010F05DD09
:10DEC000009AAAF10101515C302908D0B84202DA67
:10DED00010F1040F06DA0121CDE9011015E0AAF1D5
:10DEE0000101E9E7002805DC049901440491AAEB4B
:10DEF000000102E0411C514500DD8A460499401AA8
:10DF0000401C01904FF000400290200704D401987B
:10DF1000504501DBCDF8048000208DF84F000298B9
:10DF20000DF14F07B0F1004F25D02B200E90029835
:10DF30004FF0020800280CDA404202902D200E908B
:10DF400007E00A210298F2F72FFB3031029007F820
:10DF5000011DB8F10001A8F10108F2DC02980028C7
:10DF6000EFD1791E0E980870307800F0200040F054
:10DF7000450007F8020D12A8C01B00F1070814980D
:10DF8000007800B1012000EB0A01019801EBE0717B
:10DF900005984144401A401E0590E00306D45B46B4
:10DFA0002146179A059800F05DF80544149800780A
:10DFB00018B15A46179990476D1CE00324D55B466B
:10DFC0002146179A059800F04DF805441CE0049886
:10DFD000002807DBDDE90301884203DD0098405C8F
:10DFE000179901E0179930205A469047049805F197
:10DFF0000105401C04900198401E019004D12E2080
:10E000005A46179990476D1CBAF10001AAF1010A0E
:10E01000DDDC05E017F8010B5A46179990476D1C97
:10E02000B8F10001A8F10108F4DC5B462146179A1B
:10E030000598ABE62D0000002B000000200000003A
:10E040002DE9F041044600251E461746880404D4F5
:10E0500005E039462020B0476D1C641EF9D52846DE
:10E06000BDE8F0812DE9F041044600251E469046AA
:10E07000C80301D5302700E02027880404D505E037
:10E0800041463846B0476D1C641EF9D52846BDE8A8
:10E09000F081322E312E31000A0F1400050A0F14C0
:10E0A0000A0F000500000001010101010202020245
:10E0B000565758595A5B5C5D60615E5F0304050604
:10E0C0000708090A0D0E0B0C050F2100011C100595
:10E0D00000DF60DDD88945C74C9CD2659D9E648A6F
:10E0E0009F00000306AA00200020030163686572F8
:10E0F00072796461702E6368657272792D656D62E4
:10E1000065646465642E6F72670000000A00000099
:10E1100000000306AA00080002000000A00014008E
:10E12000030057494E555342000000000000000014
:10E1300000008400040007002A0044006500760007
:10E1400069006300650049006E007400650072009C
:10E150006600610063006500470055004900440007
:10E160007300000050007B00430044004200330075
:10E1700042003500410044002D00320039003300D8
:10E1800042002D0034003600360033002D004100DF
:10E190004100330036002D003100410041004500B0
:10E1A00034003600340036003300370037003600C4
:10E1B0007D000000000000000600FF0901A101151C
:10E1C0000026FF007508954009018102954009016C
:10E1D0009102C000CD540102594E0102E1540102E6
:10E1E000256801023D7E010200000000C0080020F9
:10E1F000F4080020080000200902820004010080C9
:10E20000FA0904000002FF000005070501024000B2
:10E210000007058102400000080B01020202000015
:10E220000904010001020200000524001001052478
:10E2300001000204240202052406010207058303EB
:10E2400008000A09040200020A0000000705020291
:10E250004000000705820240000009040300020399
:10E26000000006092111010001221B00070584039B
:10E2700040000107050403400001000012011002E4
:10E28000EF020140280D04020001010203010A0609
:10E290001002000000400100FFFFFFFAAAAA48C0D8
:10E2A00000020FFFFFFF00000387E0FFFFFFF555AF
:10E2B0005524A000010FFFFFFE800003A7E0FFFF31
:10E2C000FFFAAAA8909000008FFFFFFE400003977E
:10E2D000E0FFFFFFF55556488800004FFFFFFE2086
:10E2E0000003C7E0FFFFFFFAAAA9268400002FFF62
:10E2F000FFFE10000387E0FFFFFFF55554928200F8
:10E30000001FFFFFFE0800038FE0FFFFFFFAAAAA2D
:10E310004A8100020FFFFFFE04000387E0FFFFFFBA
:10E32000F55555268080010FFFFFFE020003A7E090
:10E33000FFFFFFFAAAA8928040008FFFFFFE0100B6
:10E340000397E0FFFFFFF555564A8020004FFFFF7F
:10E35000FE008003C7E0FFFFFFFAAAA92680100095
:10E360002FFFFFFE00400387E0FFFFFFF5555491AC
:10E370008008001FFFFFFE0020038FE0FFFFFFFA71
:10E38000AAAA498004000FFFFFFE00100387E0FFE8
:10E39000FFFFF55555258002000FFFFFFE00080323
:10E3A00087E0FFFFFFFAAAA8918001000FFFFFFEA0
:10E3B00000040387E0FFFFFFF55556498000800FFA
:10E3C000FFFFFE00021387E0FFFFFFFAAAA92580E6
:10E3D00000400FFFFFFE00010B87E0FFFFFFF55538
:10E3E00054918000240FFFFFFE00008787E0C800E3
:10E3F000000000000000000001000000000000001C
:10E4000000D000000000000000000002000000003A
:10E4100000000000C40000000000000000000080B8
:10E4200000000000000000FFFFFFFAAAAA488000D9
:10E43000100FFFFFFE00004387E0FFFFFFF555557B
:10E44000248000080FFFFFFE00002387E0C00000CB
:10E45000000000004000000000000100000000007B
:10E46000C00000000000002000000000000080004C
:10E47000000000C0000000000000100000000000CC
:10E48000004000000000C20000000000000000008A
:10E49000004000000000000000C10000000000007B
:10E4A000000000002000000000000000C08000000C
:10E4B000000000000000001000000000000000C08C
:10E4C0000000000000000800000000000020000024
:10E4D0000000C00000000000000400000000000078
:10E4E0001000000000FFFFFFFAAAA8908200000FB2
:10E4F000FFFFFE08000387E0C000000000000001ED
:10E500000000000000000400000000C00000000047
:10E510000000008000000000000200000000FFFF7B
:10E52000FFF555564B8040000FFFFFFE01000387AB
:10E53000E0FFFFFFFAAAA9278020000FFFFFFE00DF
:10E54000800387E0C0000000000000001000000011
:10E5500000000040000000C00000000000000008B3
:10E5600000000000000020000000C00000000000CB
:10E5700000000400000000000010000000C00000C7
:10E580000000000000020000000000000800000081
:10E59000C0000000000000000100000000000004B6
:10E5A000000000C00000000000000000800000002B
:10E5B0000000020000000000090282000401008047
:10E5C000FA0904000002FF000005070501024000EF
:10E5D0000007058102400000080B01020202000052
:10E5E00009040100010202000005240010010524B5
:10E5F0000100020424020205240601020705830328
:10E6000008000A09040200020A00000007050202CD
:10E6100040000007058202400000090403000203D5
:10E62000000006092111010001221B0007058403D7
:10E630004000010705040340000180B582B001904D
:10E640001421C4F215010868022262F352400860E6
:10E650000421C4F215010868042262F31020086046
:10E660000198000248300021C4F21501086040F60C
:10E670006D3080471020C4F21500006802B080BDE4
:10E680000000303132333435363738394142434473
:10E6900045460043686572727944415020696E674F
:10E6A000393136207374617274696E672E2E2E0AAA
:10E6B000004153534552543A2025733A25640A00C9
:10E6C00043686572727944415020696E697469616A
:10E6D0006C697A65640A00636872795F64617000CE
:10E6E000484152444641554C54210A00434D534938
:10E6F000532D44415020763100434D5349532D440E
:10E70000415020763200494E4743484950532057E4
:10E710006562555342003030303030303030303068
:10E7200030303030303030313233343536373839BC
:10E7300041424344454600434D5349532D444150C3
:10E7400000494E474348495053003D3D3D3D3D3D06
:10E750003D3D3D3D206477633220756463207061E8
:10E7600072616D73203D3D3D3D3D3D3D3D3D3D0D67
:10E770000A003D3D3D3D3D3D3D3D3D3D3D3D3D3D39
:10E780003D3D3D3D3D3D3D3D3D3D3D3D3D3D3D3DB9
:10E790003D3D3D0D0A0041535345525420464149E9
:10E7A0004C205B25735D20402025733A25640D0ABB
:10E7B00000647763322066737068792074797065BD
:10E7C0003A25642C20687370687920747970653AF2
:10E7D00025642C20646D6120737570706F72743ABB
:10E7E00025640D0A00647763322064617461206DD2
:10E7F00075737420626520342D6279746520616CB4
:10E8000069676E65640D0A00596F757220666966E6
:10E810006F20636F6E666967206973206C61726731
:10E820006572207468616E20333230202C20706C49
:10E830006561736520636865636B0D0A00647763C7
:10E840003220686173206C65737320656E64706F2D
:10E85000696E7473207468616E20636F6E66696799
:10E860002C20706C6561736520636865636B0D0AAD
:10E8700000596F7572206669666F20636F6E6669F6
:10E8800067206973206F766572666C6F772C2070D5
:10E890006C6561736520636865636B0D0A0064775E
:10E8A00063322068617320256420656E64706F692F
:10E8B0006E747320616E6420646669666F2064659F
:10E8C0007074682833322D62697420776F726473B4
:10E8D000292069732025642C2064656661756C7439
:10E8E00020636F6E6669673A20256420656E6470E8
:10E8F0006F696E74730D0A0044574332207265735A
:10E9000065742074696D656F75740D0A004570201B
:10E91000616464722025303278206669666F206FEA
:10E92000766572666C6F770D0A00457020616464CD
:10E93000722025303278206F766572666C6F770DA5
:10E940000A006669666F25642073697A653A253026
:10E9500034782C206F66667365743A253034780DF0
:10E960000A00474857434647313A253038780D0A60
:10E9700000474857434647323A253038780D0A0059
:10E98000474857434647333A253038780D0A004701
:10E990004857434647343A253038780D0A004349F2
:10E9A000443A253038780D0A0047534E50534944B5
:10E9B0003A253038780D0A001B5B33316D5B452FEB
:10E9C0005553425D20001B5B33326D5B492F55531D
:10E9D000425D200021282868737068795F7479701F
:10E9E00065203D3D20302920262620286669666F57
:10E9F0005F6E756D203E2033323029290021282892
:10EA000075696E7433325F742964617461202520E6
:10EA10003078303429006669666F5F6E756D203C12
:10EA20003D20285553425F4F54475F474C422D3E8F
:10EA300047485743464733203E3E20313629002879
:10EA40006669666F5F73697A65202A203429203EE3
:10EA50003D205553425F4745545F4D415850414317
:10EA60004B455453495A452865702D3E774D617882
:10EA70005061636B657453697A65290065705F69DD
:10EA80006478203C20434F4E4649475F55534244EB
:10EA900045565F45505F4E554D00656E64706F6919
:10EAA0006E7473203E3D20434F4E4649475F555399
:10EAB000424445565F45505F4E554D002E2E2F4324
:10EAC00068657272795553422F706F72742F647734
:10EAD00063322F7573625F64635F647763322E63A2
:10EAE000001B5B306D0064657363726970746F72D4
:10EAF000203C747970653A25782C696E6465783AA3
:10EB000025783E206E6F7420666F756E64210D0A45
:10EB1000006465766963652072656D6F7465207742
:10EB2000616B657570206973206E6F7420656E610E
:10EB3000626C65640D0A00756E6B6E6F776E207681
:10EB4000656E646F7220636F64650D0A006465769C
:10EB5000696365206973206E6F7420696E20737518
:10EB60007370656E642073746174650D0A0052657C
:10EB700071756573742062756666657220746F6F57
:10EB800020736D616C6C0D0A0064657669636520A5
:10EB9000646F6573206E6F7420737570706F72741C
:10EBA0002072656D6F74652077616B6575700D0AF5
:10EBB000007374616E64617264207265717565734F
:10EBC00074206572726F720D0A0076656E646F72E2
:10EBD0002072657175657374206572726F720D0AAB
:10EBE00000636C6173732072657175657374206561
:10EBF00072726F720D0A0065703A253032782063A8
:10EC00006C6561722068616C740D0A0065703A254C
:10EC1000303278207365742068616C740D0A00735B
:10EC20007472696E672073697A65206F76657266A3
:10EC30006C6F770D0A00627573206F766572666C73
:10EC40006F770D0A0053657475703A20626D5265D6
:10EC50007175657374547970652030782530327819
:10EC60002C206252657175657374203078253032BE
:10EC7000782C207756616C75652030782530347893
:10EC80002C2077496E646578203078253034782CD4
:10EC900020774C656E677468203078253034780DA5
:10ECA0000A001B5B33316D5B452F757362645F63D4
:10ECB0006F72655D20001B5B33326D5B492F75738E
:10ECC00062645F636F72655D2000556E68616E649B
:10ECD0006C65642043444320436C6173732062522B
:10ECE000657175657374203078253032780D0A00AF
:10ECF0001B5B33336D5B572F5553425D2000312E24
:10ED000035004E004F00556E68616E646C6564207E
:10ED100048494420436C6173732062526571756584
:10ED20007374203078253032780D0A002E2E2F464D
:10ED300072656552544F532F71756575652E63006A
:10ED400049444C45002E2E2F4672656552544F5350
:10ED50002F7461736B732E63002E2E2F46726565C0
:10ED600052544F532F74696D6572732E6300546D46
:10ED70007220537663002E2E2F4672656552544FD3
:10ED8000532F706F727461626C652F4D656D4D61AC
:10ED90006E672F686561705F342E63002E2E2F46DC
:10EDA00072656552544F532F706F727461626C6557
:10EDB0002F4743432F41524D5F434D34462F706FD1
:10EDC00072742E630000000000EE010200000020BB
:10EDD0000009000060080102A0EE01020009002005
:10EDE000D0520000D0D70102000000000000000057
:10EDF0000000000000000000000000000000000013
:10EE00005133090446C8E0010221428246518E0175
:10EE1000020295A18E0102C2014401814002FF015C
:10EE200001FF01FF01FF0132C2015404844002FFCF
:10EE30000101FF01FF01FF0129428146254F010227
:10EE40000148454F010200C2014408008446E54ED6
:10EE50000102042C054F01020CE10102AA00205915
:10EE60003030303030303030320470242041E7010F
:10EE70000237E7010216E7010206E70102F9E6019F
:10EE800002ECE60102AAAAAAAA21E9E001022000F6
:10EE90000000000000000000000000000000000072
:040000050200F0FD08
:00000001FF
