:040000050200F0FD08
:020000040200F8
:10F00000187D002071F2000275F20002B9080102B9
:10F0100079F200027BF200027DF20002D8BDF9D342
:10F020008F9E939B229996970301000085F1000221
:10F0300081F200025CD301020DF200025DF20002D7
:10F0400087F2000287F2000287F2000287F20002D4
:10F0500087F200023D7E0102D907002087F20002FC
:10F0600087F2000287F2000287F2000287F20002B4
:10F0700087F2000287F2000287F2000287F20002A4
:10F0800087F2000287F20002917E010287F20002FD
:10F0900087F2000287F2000287F2000287F2000284
:10F0A00087F2000287F2000287F2000287F2000274
:10F0B00087F2000287F2000287F20002A97F0102B4
:10F0C00087F2000287F2000287F2000287F2000254
:10F0D00087F2000287F2000287F2000287F2000244
:10F0E00087F2000287F2000287F2000287F2000234
:10F0F00087F2000287F2000287F20002DFF810D0E8
:10F1000000F076F900480047017A0102AFF3008071
:10F11000187D002001F101010847000080F30988F3
:10F120007047EFF309807047684680F30988044808
:10F130000078C00714BF0220032080F314887047B2
:10F14000F0E30102DFF818C0EFF305831B0618BFD8
:10F150006047EFF31483DB0708BF604700DF7047A9
:10F160001D8F0102DFF818C0EFF305831B0618BFDF
:10F170006047EFF31483DB0708BF604700DF704789
:10F18000AD910102EFF30980816911F8021C39BBCE
:10F1900090E80F10E047EFF3098C194B93E8060055
:10F1A000914218D059B10CB44FF0010381F82130CD
:10F1B0002CE9F00FC1F824C00AF00EFB0CBC1A6059
:10F1C000D2F824C0BCE8F00F92F821308CF3098803
:10F1D0001BB192F82000CCF800006FF0020E7047CF
:10F1E00010B5084A1268914209D8074C54F82140DA
:10F1F00090E80F10A047EFF3098C8CE80F0010BDCA
:10F20000000E00206CF400026CF400020AF098F981
:10F21000114B93E8060091421BD00CB44FF0000351
:10F2200081F82130EFF3098C2CE9F00FC1F824C0EC
:10F230000AF0D2FA0CBC1A60D2F824C0BCE8F00F75
:10F240008CF3098892F821301BB192F82030CCF869
:10F2500000306FF0020E7047000E00200AF09EFB97
:10F26000D6E7000008F0D6FF0AF098FBD0E70000D0
:10F2700005480047FEE7FEE7FEE7FEE7FEE7FEE79C
:10F28000FEE7FEE7FEE7FEE7FDF000022DE9F05F96
:10F290000546002092469B46884606468146402405
:10F2A0001BE0284641464746224600F090F8534668
:10F2B0005A46C01A914110D311461846224600F012
:10F2C00077F82D1A67EB01084F46224601200021EE
:10F2D00000F06EF817EB00094E41201EA4F1010466
:10F2E000DFDC484631462A464346BDE8F09F10B56C
:10F2F000431A934209D28318881803E010F8011DBD
:10F3000003F8011D521EF9D210BD40EA01039B070C
:10F3100003D009E008C9121F08C0042AFAD203E08A
:10F3200011F8013B00F8013B521EF9D210BDD2B2D8
:10F3300001E000F8012B491EFBD270470022F6E7DE
:10F3400010B513460A4604461946FFF7F0FF20465B
:10F3500010BD421E12F8013F002BFBD111F8013BFA
:10F3600002F8013B002BF9D17047421C10F8011B39
:10F370000029FBD1801A704730B5044600200346AF
:10F3800000E05B1C934203D2E05CCD5C401BF8D0F4
:10F3900030BD30B505460020034600E05B1C9342BB
:10F3A00005D2EC5CC85C201A01D1002CF6D130BD2E
:10F3B000202A04DB203A00FA02F100207047914035
:10F3C000C2F1200320FA03F3194390407047202A2A
:10F3D00004DB203A21FA02F00021704721FA02F3FF
:10F3E000D040C2F120029140084319467047000006
:10F3F000064C074D06E0E06840F0010394E8070082
:10F4000098471034AC42F6D3FFF77CFE34F2010289
:10F4100064F2010270B58C1810F8015B15F0070357
:10F4200001D110F8013B2A1106D110F8012B03E09D
:10F4300010F8016B01F8016B5B1EF9D12B0705D4A5
:10F440000023521E0DD401F8013BFAE710F8013BEE
:10F45000CB1A921C03E013F8015B01F8015B521E0A
:10F46000F9D5A142D8D3002070BD000000000000F3
:10F4700040F2D50CC2F2000C604740F2DD1CC2F233
:10F48000000C604740F6210CC2F2000C604740F2CD
:10F490003D5CC2F2000C604740F2136CC2F2000CFB
:10F4A000604740F2296CC2F2000C604740F2BD7C1C
:10F4B000C2F2000C604740F2AF7CC2F2000C604721
:10F4C00040F2CB7CC2F2000C604740F2957CC2F265
:10F4D000000C604740F2256CC2F2000C6047704798
:10F4E00010B502460B46107808B9012100E01178EA
:10F4F000012905D10120064C207000BF00BF01E0AA
:10F50000002100BF00BF19704FF0011010BD0000B6
:10F51000180F002030B502460B461078547840EAA8
:10F5200004210C4800680A24B0FBF4F00A4CB0FB3C
:10F53000F4F0801C0324B0FBF4F041430846044679
:10F5400000BF00BF651E2C1EFCD100BF002018703C
:10F55000024830BD1C0C002040420F000100020098
:10F56000014600200A4A107000BF80208000094A2E
:10F57000926A8243074B9A621A46526B824342F464
:10F5800000725A6300BF002008700120704700001D
:10F59000180F00200050014030B502461546521C9D
:10F5A00012F8014B0BE012F8013B03F0020020B10E
:10F5B00003F0100010B1121D00E0121D641E002C9B
:10F5C000F1D1002008704870501B0004801C30BD31
:10F5D0002DE9F04104460D4620787F281BD114F810
:10F5E000010B05F8010B14F8017B05F8017B4FF0C6
:10F5F000021809E02946204600F011F90646B044F9
:10F6000004EB1644B0B20544381EA7F10107F1D14E
:10F610004046BDE8F0812946204600F000F9F8E7B1
:10F6200010B50246107810B1012818D112E05378B5
:10F6300003F0010030B10E4B1B6B43F480630C4CA4
:10F64000236305E00A4BDB6A43F48063084CE36202
:10F6500000BF08E0537803F0010000BF03E0FF2083
:10F660000870044810BD00BF002008700148F9E789
:10F6700000500140010002002DE9F04105460C4612
:10F680000026092D77D008DC092D6FD2DFE805F0C0
:10F6900093161A1B252C40546100FC2D7FD006DCEC
:10F6A000F02D76D0F12D78D0FB2D5FD176E0FD2DB9
:10F6B00076D0FE2D7BD0FF2D7DD172E000BF0020E3
:10F6C000064679E078E000BF07F0B0FF074639460C
:10F6D000204609F047FB06466EE0062632463849CA
:10F6E0002046FFF704FE67E027463648006960B110
:10F6F00034480069D0F8A40138B132480069D0F824
:10F70000A411384609F02EFB00E00020064653E025
:10F7100027462C48006960B12A480069D0F8A80142
:10F7200038B128480069D0F8A811384609F01AFB0A
:10F7300000E0002006463FE027462248C06F28B17F
:10F740002048C16F384609F00DFB00E00020064656
:10F7500032E027461B48D0F8800048B11948D0F85D
:10F760008010384609F0FEFA03E004E023E016E0DA
:10F770000020064620E000BF07F060FF074639463C
:10F78000204609F0EFFA064616E002E005E007E041
:10F790000DE01120207001260EE00DE00CE00BE0E2
:10F7A0000AE04020207000206070022604E0132050
:10F7B0002070012600E000BF00BF3046BDE8F081A8
:10F7C000EBD301025CD3010202461378FF200870DC
:10F7D000581C0004401C70470246FF2008704FF080
:10F7E00001107047F0B502460B46FF2003F8010BED
:10F7F0000125012612F8017B0AE012F8014B04F002
:10F800003F0101B94021C81DC1080A44481C0544F4
:10F81000381EA7F10107F0D146EA0540F0BD70B5EA
:10F8200005460E462878802807D328789F2804D8D4
:10F830003146284600F09CF870BD2878A02807D3F0
:10F840002878FE2804D83146284600F07BFAF3E7F2
:10F85000287806F8010B15F8010B1E287ED2DFE888
:10F8600000F00F181E24646A717D77292F7D7D7D3D
:10F870007D7D343A404652585E7D7D7D7D7D7D4C58
:10F880002878711CFFF7F8FE0446347004F102106A
:10F89000D2E731462846FFF7C3FE044664E031460E
:10F8A0002846FFF71DFE04465EE03046FFF758FE8F
:10F8B000044659E031462846FFF72CFE044653E043
:10F8C000304600F045FA04464EE03146284600F046
:10F8D0005FFD044648E03146284600F037FD044607
:10F8E00042E03146284600F00DFE04463CE0314639
:10F8F000284600F037FA044636E03146284600F044
:10F9000045FA044630E031462846FFF76BFF0446CF
:10F910002AE031462846FFF757FF044624E03146E7
:10F920002846FFF759FF04461EE03146284600F0FE
:10F9300075FE044618E03146284600F02FFE0446C6
:10F9400012E00BE03146284600F040FE04460BE092
:10F950003146284600F07AFE044605E0FF2006F80E
:10F96000010C4FF0011067E700BF04F1011063E7DD
:10F970002DE9F04786B005460C464FF00116287871
:10F9800004F8010B15F8010B803820286FD2DFE84E
:10F9900000F010233146596C6D6F70838D97B3FD65
:10F9A000FCFBFAF9F8F7F6F5F4F3F2F1F0EFEEED0F
:10F9B000ECEB07F03BFE81464846FFF7D6FC00F033
:10F9C000FF0804F8018B424649462046FFF78FFCAA
:10F9D00008F10100064485E14FF00708684602F08F
:10F9E0009DF9424669462046FFF781FC08F1010077
:10F9F000064477E1684602F091F94FF00008D5F827
:10FA00000080CDF80080684602F0AEF9002002F0D8
:10FA1000ADFA0120207006F58026761C62E14FF0D9
:10FA20003E084146601C0BF063FF8046B8F1000FB2
:10FA300002D0012008F008F884F8008008F10100E5
:10FA400006444FE195F800806D1C414628460CF0B5
:10FA50004DF8012007F0F8FF0120207008F10100A7
:10FA6000012101EB004006443CE13BE13AE138E191
:10FA700038E101202070287818B9002008F0D4F966
:10FA800007E02878012802D108F0CEF901E0002033
:10FA9000207006F1011625E10120207006F03AF8E9
:10FAA00010B902200BF016FD761C1BE128780AF035
:10FAB000A1FA207006F1011600208D49088011E19D
:10FAC0008B48008898B18A4801888A4800680AF003
:10FAD00031FB2070002086490880207838B12078DA
:10FAE000132804D02078142801D0761CFAE00AF0FC
:10FAF00049FA2070761CF5E095F800906D1C012005
:10FB000007F0B6FF7A48008810B9C9F3080050B36F
:10FB1000CA4646E076480088C0F50070504504D2D9
:10FB200073480088C0F5007000E050461FFA80F866
:10FB3000704909686E4A1288881842462946FFF7BC
:10FB4000D6FB6B480088404469490880AAEB080A44
:10FB5000454408460088B0F5007F1FDB4FF4007174
:10FB60006448006813E020E0BAE0B8E0B6E0B4E032
:10FB7000B2E0B0E0AEE0ACE0AAE0A8E0A6E0A4E02D
:10FB8000A2E0A0E09EE07EE085E028E019E00AF037
:10FB9000D1FA207000205649088001E00020207032
:10FBA00000BFBAF1000FB5D104E0494628460AF07B
:10FBB000C1FA207009F10100012101EB0040064467
:10FBC00090E000202070287818B9002007F06AFA29
:10FBD00002E0012007F066FA06F1011682E00AF061
:10FBE0009DFB02200AF0FCFE04200AF0F9FE05202D
:10FBF0000AF0F6FE40A005F023F80020059004224C
:10FC000005A941480AF04DFD059840F08070059027
:10FC1000042205A93C480BF0A9F900200490042215
:10FC200004A93A480AF03DFD049840F00100049010
:10FC3000042204A935480BF099F9042203A933489A
:10FC40001C300AF02EFD32A0DDE9022104F0F8FF9D
:10FC5000042202A92D481C300AF023FD2CA0DDE966
:10FC6000022104F0EDFF314809F050F9074639460A
:10FC70002E4809F091F806200AF0B2FE01202C4926
:10FC8000087002262EE02BA004F0DAFF002028499D
:10FC90000870022626E0254809F038F90746642F47
:10FCA00001D2384600E06420074607F003003F1AFF
:10FCB00037B13A4621461D4809F082F8BE1C00E0E3
:10FCC00000260FE00EE00DE00CE00BE00AE009E09A
:10FCD00008E007E006E005E004E003E002E001E000
:10FCE00000E000BF00BF304606B0BDE8F08700006E
:10FCF00004090020000900205374617274207063AD
:10FD00002074726163650A00FCED00E0001000E001
:10FD1000445754206379636C6520636F756E746516
:10FD200072202578202578210A0000006C3C0020F4
:10FD3000140C002053746F70207063207472616320
:10FD4000650A00000246FF2008704FF0011070475E
:10FD500010B5044601F05AF86070002020700220AF
:10FD600010BD000010B50246137803F00300401CDC
:10FD7000054C2077C3F380040348447700200870C3
:10FD80004FF0011010BD0000180F00202DE9F047C2
:10FD900004460E46002006F8010B4FF001084FF014
:10FDA000010914F801AB26E014F8017B07F03F05C8
:10FDB00005B94025E81DC50807F0800010B100BF57
:10FDC00000BF02E000BF00BF00BF324621463846F8
:10FDD000FFF74EFBBAF1000F02D100BF00BF00BF1A
:10FDE00007F0800020B108F101082E44A94402E088
:10FDF0002C44681C8044BAF10000AAF1010AD3D156
:10FE000049EA0840BDE8F0872DE9F04F87B0054684
:10FE10000C460695002005900026A246A41CE04949
:10FE20000870834604906D1C15F8019B50E115F88D
:10FE3000017B07F0020000287ED0BBF1000F3DD00F
:10FE4000D848B0F8148007F01100012811D100BF84
:10FE500001A93846FFF711FB0646022E1CD1B8F166
:10FE60000000A8F1010817D0CD4800780028EFD095
:10FE700012E000BF01A90E20FFF7FFFA0646022E8E
:10FE800008D1B8F10000A8F1010803D0C4480078F7
:10FE90000028EFD04FF0000B012E00D01CE101989C
:10FEA00004F8010B0198000A04F8010B0198000CFA
:10FEB00004F8010B0198000E04F8010B07F0100084
:10FEC00000285ED02878697840EA0120A97840EAC5
:10FED0000140E97840EA016003902D1DB148C08AD5
:10FEE000029007F00100B0B1AE48B0F8148000BF36
:10FEF00000213846FFF7C1FA0646022E08D1B8F1B4
:10FF00000000A8F1010803D0A54800780028EFD030
:10FF1000012E00D0E0E000BFA248B0F8148000BF7E
:10FF200001A93846FFF7A9FA0646022E0AD1B8F110
:10FF30000000A8F1010800E069E003D098480078CB
:10FF40000028EDD0012E00D00EE09648806901997E
:10FF500008400399884207D00298411E029118B1C7
:10FF60008F4800780028D7D000BF8E48806901995B
:10FF700008400399884201D046F01006012E43D074
:10FF8000AAE08848B0F8148007F00100C8B1BBF1BE
:10FF9000000F39D100BF00213846FFF76EFA064640
:10FFA000022E08D1B8F10000A8F1010803D07C4866
:10FFB00000780028EFD0012E00D08DE04FF0010B2B
:10FFC00022E000BF01A93846FFF757FA0646022E85
:10FFD00008D1B8F10000A8F1010803D070480078FA
:10FFE0000028EFD0012E00D076E0019804F8010B34
:10FFF0000198000A04F8010B0198000C04F8010BA9
:020000040201F7
:100000000198000E04F8010B0020049057E0BBF1AA
:10001000000F27D06348B0F8148000BF01A90E205C
:10002000FFF72BFA0646022E08D1B8F10000A8F11E
:10003000010803D05A4800780028EFD0012E00D0E4
:100040004AE0019804F8010B0198000A04F8010B3A
:100050000198000C04F8010B0198000E04F8010B44
:100060004FF0000B2878697840EA0120A97840EA2F
:100070000140E97840EA016001902D1D07F0200061
:1000800020B1484801998161012618E04548B0F83F
:10009000148000BF01A93846FFF7EFF90646022E8B
:1000A00008D1B8F10000A8F1010803D03C4800785D
:1000B0000028EFD0012E00D00EE00120049005981A
:1000C000401C05903648007800B105E0A9F101090F
:1000D000B9F1000F7FF4ABAE00BF0CE015F8017B67
:1000E00007F0020020B107F0100010B12D1D00E054
:1000F0002D1DA9F10109B9F1000FEFD1012E3FD15A
:10010000BBF1000F26D02748B0F8148000BF01A92A
:100110000E20FFF7B2F90646022E08D1B8F1000012
:10012000A8F1010803D01E4800780028EFD0012E66
:1001300000D026E0019804F8010B0198000A04F8A9
:10014000010B0198000C04F8010B0198000E04F853
:10015000010B15E0049898B11248B0F8148000BF64
:1001600000210E20FFF789F90646022E08D1B8F1CA
:100170000000A8F1010803D0094800780028EFD05A
:1001800000BF05988AF800008AF80160A4EB0A0114
:100190000698281A41EA004007B0BDE8F08F000039
:1001A000FC080020180F00202DE9F84F04460D46EA
:1001B0004FF0000B0026A846ED1C002056490870A1
:1001C000641C2078617840EA012AA41CBAF1000F6F
:1001D00000D195E014F8017B07F0020000284FD011
:1001E00007F00100B0B14D48B0F8149000BF0021F5
:1001F0003846FFF742F90646022E08D1B9F1000051
:10020000A9F1010903D0444800780028EFD0012E5D
:1002100000D075E02EE0BAF1000F03D107F0010025
:1002200000B10E273D48B0F8149000BF694638462B
:10023000FFF723F90646022E08D1B9F10000A9F113
:10024000010903D0344800780028EFD0012E00D0F7
:1002500056E0009805F8010B0098000A05F8010B1C
:100260000098000C05F8010B0098000E05F8010B32
:100270000BF1010BBAF10000AAF1010ACBD13EE06B
:1002800024E02078617840EA0120A17840EA01402A
:10029000E17840EA01600090241D2048B0F81490F5
:1002A00000BF69463846FFF7E8F80646022E08D137
:1002B000B9F10000A9F1010903D01748007800281E
:1002C000EFD0012E00D01BE00BF1010BBAF10000C2
:1002D000AAF1010AD5D11148B0F8149000BF00214D
:1002E0000E20FFF7CAF80646022E08D1B9F1000029
:1002F000A9F1010903D0084800780028EFD000BF19
:1003000088F800B04FEA1B2088F8010088F80260E6
:10031000A5EB0800BDE8F88FFC080020180F0020AE
:1003200038B504460D466078A17840EA0120E178AE
:1003300040EA0140217940EA0160009069460020CE
:10034000FFF79BF800202870012038BD70B50446E7
:100350000D462078617840EA0120A17840EA01400A
:10036000E17840EA01661EB9FF202870064870BD9A
:10037000064886603046FFF785F8304601F0FAF807
:10038000002028700048F2E701000400180F002048
:100390002DE9F0470646884634787578B078F178CC
:1003A00040EA0120317940EA0140717940EA01696F
:1003B00005F0010040B104F0010010B100BF00BF22
:1003C00002E000BF00BF00BF05F0020040B104F032
:1003D000020010B100BF00BF02E000BF00BF00BFBD
:1003E00005F0040010B1A00800BF00BF05F0200018
:1003F00010B1600900BF00BF05F0800018B34FEADC
:10040000D41ABAF1000F0ED039493A480AF0EAFD81
:100410003948006B40F480103749086300211420EC
:1004200000F0E0F90DE0324932480AF0DBFD01212D
:10043000142000F0D7F93048C06A40F480102E49EB
:10044000C86200BF00BFB9F1000F3AD04FF00109F8
:1004500000BF2A48476800BF00BF05F0010020B177
:1004600000BF0020604000B124E005F0020028B188
:1004700000BF002080EA540000B11BE005F004003A
:1004800028B100BF002080EA940000B112E005F01E
:10049000200028B100BF002080EA541000B109E01C
:1004A00005F0800028B100BF002080EAD41000B120
:1004B00000E005E000BF11484068C01B4845CCD3B0
:1004C00000BF00BF002000BF002140EA410000BF84
:1004D00040EA810000BF40EAC10000BF40EA41108D
:1004E00000BF40EAC11488F800400548BDE8F08725
:1004F0000400FA050CED00E000500140001000E09F
:100500000100060070B504460E4614F8015B0DB9F3
:100510004FF4807521462846FEF7B9FF0020307061
:10052000E81DC508681C0004401C70BD10B5002003
:100530001649087016488860002008746421134822
:1005400081820021C1828161012010490877002148
:100550000E4841770E4801F00DF800BF4FF480645B
:100560000C4800F0C2FC0C48806AA04340F4806054
:10057000094988620846406BA04348630846C06A40
:1005800040F48060C86200BF10BD0000180F00205A
:1005900080969800030030000050014070B5054679
:1005A0000E4609480078012805D131462846FFF754
:1005B0002BFC044605E031462846FEF7EDFF0446D5
:1005C00000BF00BF204670BD180F002070B5054663
:1005D0000E4611480078012805D131462846FFF71C
:1005E000E3FD044605E0002030707070B070032415
:1005F00000BF00BFE87800F0020010B144F480248E
:1006000008E06878A97840EA0120042101EB800025
:1006100044EA0044204670BD180F002002461078BE
:10062000084B18745078937840EA03230548838276
:10063000D078137940EA03230248C382002008706F
:1006400001487047180F00200100050070B50646EC
:100650000D4609480078012805D129463046FFF7A4
:100660005FFE044603E0FF202870012400BF00BFA6
:1006700044F4A02070BD0000180F00200146087847
:10068000832807D00878842804D008788C2801D0E3
:10069000012070470020FCE72DE9F04104460D469B
:1006A00016461F46D4F8E804D8B32846FFF7E6FFFD
:1006B00010B1012007F0D2F9402E00DD4026D4F819
:1006C000E804401EC4F8E804D4F8F01404EB8110E8
:1006D00032462946FEF70BFED4F8F00404EB8011F5
:1006E0002846FEF775FF804604F59860D4F8F0249C
:1006F00020F81280D4F8F00404EB80103860D4F8AD
:10070000F004401C1321B0FBF1F201FB1200C4F80D
:10071000F004D4F8EC04401CC4F8EC040120BDE85B
:10072000F081FFE70020FAE730B50346D3F8EC0488
:1007300008B3D3F8EC04401EC3F8EC04D3F8F40477
:1007400003EB8010086003F59860D3F8F44430F8A8
:1007500014001060D3F8F404401C1324B0FBF4F52B
:1007600004FB1500C3F8F404D3F8E804401CC3F8F4
:10077000E804012030BD0020FCE70021C0F8F0149F
:10078000C0F8F4141321C0F8E8140021C0F8EC14E8
:10079000704710B50446204605F00EFD10BD30B57B
:1007A000012404FA01F304689C4302FA01F52C4386
:1007B000046030BD0146152901DB084800E0084807
:1007C0000246152902DBA1F1150000E008460346A8
:1007D000106AD84000F0010070470000006001403E
:1007E000005001402DE9F04107460E46152F01DB70
:1007F0001F4800E01F480446152F02DBA7F1150033
:1008000000E038460546022E0CD1E9B2012204F17F
:100810002800FFF7C4FFE9B2012204F13400FFF71A
:10082000BEFF22E0032E14D00EB1012000E0002014
:100830000246E9B204F12800FFF7B1FF0EB901202A
:1008400000E000200246E9B204F13400FFF7A7FF00
:100850000BE0E9B2002204F12800FFF7A0FFE9B2A3
:10086000002204F13400FFF79AFFBDE8F081000098
:10087000006001400050014030B50A46152801DBF8
:100880000B4C00E00B4C2146152802DBA0F11504AF
:1008900000E0044623462AB10C6B01259D402C4301
:1008A0000C6304E0CC6A01259D402C43CC6230BD32
:1008B0000060014000500140204604F015FA034654
:1008C0000020704708B50020009009F03BFF08B9F0
:1008D000002008BD4EF29E700AF0A2F908B900206F
:1008E000F7E709F02FFF08B90020F2E7684609F0A2
:1008F000B7FE08B90020ECE70120EAE721F07F020B
:100900000243014B1A60704708ED00E0F0B5044661
:100910000D462646202E01DB012000E00020074680
:1009200006F01F0C012000FA0CF10D4800EB8702C5
:100930000B48083000EB87031DB91068884310602E
:100940000BE0012D03D118680843186002E0186815
:10095000884318601068084310600020F0BD000054
:10096000806000402DE9F04705460E461746984640
:10097000DDF820907F2D0DD1134901EB870009F0A0
:10098000FF0308F0FF024FF0FF3109F0D0F800201C
:10099000BDE8F0872946304607F08AFD0446002C62
:1009A00001DA2046F4E7084901EB870009F0FF036C
:1009B00008F0FF02214609F0BAF8F1B2284600F02B
:1009C00093F90020E4E70000406000402DE9F84F73
:1009D00004460D4616461F46DDE90B9ADDF82880D1
:1009E00004EB44004F4911F81000009004EB440060
:1009F0004D4B13F8102004EB44004C4B13F810102F
:100A000005232846FFF7AEFF18B14FF0FF30BDE8D1
:100A1000F88F04EB4400434901EB4000407800901C
:100A200004EB4400404B03EB4000427804EB4400ED
:100A30003E4B03EB4000417805233046FFF792FF21
:100A400010B16FF00100E2E704EB4400354901EB1F
:100A500040008078009004EB4400334B03EB4000EF
:100A6000827804EB4400314B03EB4000817805238E
:100A70003846FFF777FF10B16FF00200C7E704EBCD
:100A80004400284901EB4000C078009004EB44008A
:100A9000254B03EB4000C27804EB4400234B03EBEF
:100AA0004000C17805234046FFF75CFF10B16FF0AE
:100AB0000300ACE704EB44001A4901EB4000007965
:100AC000009004EB4400184B03EB4000027904EB68
:100AD0004400164B03EB4000017905234846FFF71D
:100AE00041FF10B16FF0040091E704EB44000D49A1
:100AF00001EB40004079009004EB44000A4B03EB0B
:100B00004000427904EB4400084B03EB400041797C
:100B100005235046FFF726FF10B16FF0050076E77A
:100B2000002074E786E101027AE101026EE1010230
:100B30002DE9FE4F04460D4691469A46DDE90CB676
:100B40000E9F53464A4629462046CDE900B60297F5
:100B5000FFF73CFF8046B8F1000F02D04046BDE8E9
:100B6000FE8F04EB4400134A12F81010284600F0E0
:100B7000BBF810B14FF0FF30F1E704EB44000D4A31
:100B800002EB40004179384600F0AEF810B16FF04A
:100B90000500E4E704EB4400064A02EB400001795B
:100BA000304600F0A1F810B16FF00400D7E7002044
:100BB000D5E7000092E1010270B505460C46102D04
:100BC00001D1112C02D04FF0FF3070BD0323012260
:100BD0001146134808F0ABFF0423012211461048C8
:100BE00008F0A5FF0023072219460D48543808F0E5
:100BF0009EFF07231A4600210948543808F097FF42
:100C00002B460122002106481C3008F090FF2346A5
:100C10000122002102481C3008F089FF0020D4E79F
:100C200064600040F8B504460D46164614B1012C28
:100C300032D118E00F2005230322662100902846B8
:100C4000FFF790FE10B14FF0FF30F8BD14200523E0
:100C50000322672100903046FFF784FE10B14FF069
:100C6000FF30F2E719E000200523042268210090FC
:100C70002846FFF777FE10B14FF0FF30E5E705207B
:100C800003460422692100903046FFF76BFE10B145
:100C90004FF0FF30D9E700E000BF00BF0020D4E7ED
:100CA000F0B50A4605464FEAE07C00EB1C7C4FEAB3
:100CB0002C1600F00F034FEA430C032505FA0CF73E
:100CC0005D0002FA05F4012801D184F00104054D0C
:100CD00005EB86010D68BD430D600D6825430D6071
:100CE000F0BD00000861004070B504460E46314674
:100CF000204609F009F90546002D01DA284670BDA5
:100D0000112C0CDC04F00301C1EBC103A110394A22
:100D100002EB81000722294608F009FF67E0142C46
:100D20000BDCA4F1120040000E30C3B202222946AF
:100D30003048103008F0FBFE59E0152C07D1142381
:100D4000072229462B48103008F0F1FE4FE0162C00
:100D500007D10023072229462648143008F0E7FE71
:100D600045E01E2C0BDCA4F117004000C01DC3B2EF
:100D7000022229461F48143008F0D9FE37E01F2C04
:100D800007D11723072229461A48143008F0CFFE4E
:100D90002DE0202C07D11E230222294615481430AD
:100DA00008F0C5FE23E0212C07D1002302222946AA
:100DB0001048183008F0BBFE19E0232C0CDCA4F11D
:100DC0002200C0EBC000801CC3B20722294609489C
:100DD000183008F0ACFE0AE0A4F124004000103006
:100DE000C3B2022229460348183008F0A0FE0020B2
:100DF00085E700000060004070B506460C461546C9
:100E000022462946304607F0A5FB70BD10B50024E8
:100E100074B1204920480AF0E5F82048006B40F4FE
:100E200080101E49086300211420FFF7DBFC0DE051
:100E3000184919480AF0D6F801211420FFF7D2FC0E
:100E40001648C06A40F480101449C86200BF0124EB
:100E500074B1104910480AF0C5F81048006B40F40E
:100E600080100E49086300211420FFF7BBFC0DE041
:100E7000084909480AF0B6F801211420FFF7B2FC2E
:100E80000648C06A40F480100449C86200BF0120CF
:100E900010BD00000400FA050CED00E00050014018
:100EA00070B505460C46164624B10122002128469D
:100EB00008F032FE334601222146064808F046FE7D
:100EC00034B90548A86501221146284608F024FED9
:100ED00070BD0000280000400400008010B50446EA
:100EE0000121204600F012F810BD70B5054600241F
:100EF00008E00120A040284010B12046FFF7EEFF97
:100F0000601CC4B2192CF4DB70BD000070B504463F
:100F10000D46192C7AD2DFE804F00D1925313D4930
:100F200055616D7A8C9EAABCC8D4E0F4F2F1F0EF62
:100F3000EEEDEC0015222946954808F0EDFD122251
:100F400029469348083008F0E7FD1EE1162229469D
:100F50008F4808F0E1FD122229468D48083008F03C
:100F6000DBFD12E102222946894808F0D5FD002266
:100F700029468748083008F0CFFD06E103222946BC
:100F8000834808F0C9FD012229468148083008F04D
:100F9000C3FDFAE0042229467D4808F0BDFD022287
:100FA00029467B48083008F0B7FDEEE001222946CB
:100FB000774808F0B1FD112229467548083008F03D
:100FC000ABFDE2E005222946714808F0A5FD0A22A2
:100FD00029466F48083008F09FFDD6E008222946D0
:100FE0006B4808F099FD092229466948083008F045
:100FF00093FDCAE009222946654808F08DFD0C22C0
:1010000029466348483008F087FDBEE0BCE00A226C
:1010100029465F4808F080FD132229465C480830C5
:1010200008F07AFD142229465948083008F074FD6A
:10103000ABE00B222946564808F06EFD0B222946EC
:101040005348083008F068FD1022294650480830FF
:1010500008F062FD99E00C2229464D4808F05CFD3D
:10106000002229464A48001F08F056FD8DE00C2258
:1010700029464748001F08F04FFD0D2229464448E5
:1010800008F04AFD062229464148083008F044FD90
:101090007BE00E2229463E4808F03EFD0722294605
:1010A0003B48083008F038FD6FE00F2229463848E9
:1010B00008F032FD0C2229463548083008F02CFD96
:1010C00063E010222946324808F026FD082229460E
:1010D0002F48083008F020FD57E0112229462C48FF
:1010E00008F01AFD042229462948083008F014FDAA
:1010F0004BE043E035E028E021E01AE013E00CE0AB
:10110000FFE712222946224808F006FD052229465B
:101110001F48083008F000FD37E0132229461C481C
:1011200008F0FAFC31E014222946194808F0F4FCD2
:101130002BE000222946164808F0EEFC25E00622A6
:101140002946134808F0E8FC1FE0172229461048FA
:1011500008F0E2FC0E2229460D48083008F0DCFCBD
:1011600013E0052229460A48743008F0D5FC07220E
:1011700029460748743008F0CFFC06E019222946BA
:10118000034808F0C9FC00E000BF00BF70BD0000CC
:101190000C00004000B54FF08040C06A00F03F02F4
:1011A0004FF08040C06AC0F3851300F04DF95843FA
:1011B000B0FBF2F000BD00B54FF08040406800F495
:1011C000805010B14FF4004000BD00F03DF94FF0E9
:1011D0008041C969090DB0FBF1F0F5E770B504462F
:1011E000A01E162875D2DFE800F00B0C0DE63223A6
:1011F000C8459AE6586BA6788B8CE2E3E6E6B2BE69
:1012000000BF00BF4FF08040416804F10D00012293
:101210008240114011B1FFF7CEFF70BD00F014F90C
:10122000054614210B2006F0CFF8B5FBF0F0F4E7EB
:1012300000F00AF905460621162006F0DFF84543BE
:101240000021162006F0DAF8B5FBF0F0E5E74FF0E4
:101250008040C06A00F4004010B1FFF7ACFFDCE74B
:1012600000F0F2F805461B210B2006F0ADF8B5FBA7
:10127000F0F0D2E74FF08040406800F4005010B129
:10128000FFF799FFC9E700F0DFF8054618210020B5
:1012900006F09AF8B5FBF0F0BFE74FF080404068E9
:1012A00000F4001048B100F0A9F805461421002010
:1012B00006F08AF8B5FBF0F0AFE700F0C5F8ACE750
:1012C0004FF08040406800F4800018B100F076F8DC
:1012D000A3E770E000F0B8F89FE74FF08040406867
:1012E00000F4000048B100F089F805460C21002008
:1012F00006F06AF8B5FBF0F08FE700F0A5F88CE790
:1013000000BF4FF080404168E01C01228240114044
:1013100011B100F053F880E700F096F87DE74FF048
:101320008040C06A00F4803010B1FFF733FF74E7EB
:1013300000F08AF871E74FF08040C06A00F4003096
:1013400010B1FFF727FF68E700F07EF865E74FF080
:101350008040C06A00F4002010B1FFF71BFF5CE77B
:1013600000F072F859E700F049F805460021202006
:1013700006F02AF8B5FBF0F04FE74FF08040406DE3
:1013800000F4004048B100F019F80546012115208D
:1013900006F027F8B5FBF0F03FE700F055F80546FA
:1013A0000121152006F01DF8B5FBF0F035E700BF70
:1013B00000F018F831E700F047F82EE710B54FF0CD
:1013C0008040406800F4804048B100F017F80446BF
:1013D0000021084605F0F8FFB4FBF0F010BD00F066
:1013E00033F8FBE710B5FFF7E9FF044604210020BE
:1013F00005F0EAFFB4FBF0F010BD000070B5114835
:10140000006800F48010D8B14FF08040006CC0F349
:1014100045004FF08041096CC1F3C53110FB01F468
:1014200000F012F84FF08041096CC1F3C711A0FB26
:1014300001500146224600232846FDF727FF70BDD4
:101440000020FCE7A801104011480069C0F300210A
:1014500009B11048704710480068C0F304300328F1
:101460000DD003DC38B101280FD106E0072808D0E1
:101470000F280AD107E00948ECE70948EAE70548E0
:10148000E8E70848E6E70848E4E70848E2E700003C
:101490000020104000366E017C01104000127A00DE
:1014A0000024F4000048E801006CDC020090D00346
:1014B00010B50446012221460148FFF7F1FC10BD9A
:1014C0000000144070B505460C4615B1012D1ED123
:1014D00016E00CB1012000E00020014615220D4865
:1014E00008F01AFB012C0ADB142304222146100702
:1014F00008F02CFB1E220121064808F00DFB07E036
:1015000004F001011622034808F006FB00E000BFCA
:1015100000BF70BD0400004010B504460023042243
:101520002146044808F012FB04220121014808F07A
:10153000F3FA10BD8000004070B504460D460CB9AA
:10154000132000E01420024605F00101014808F0D4
:10155000E3FA70BD0400004030B101228A4042F03D
:101560007102034B1A6002E00022014B1A607047BF
:10157000740110400146134A12680A23B2FBF3F2C9
:10158000B1EB520F04D301220F4B5A705A6017E08F
:1015900000220D4B5A700B4A12680A23B2FBF3F378
:1015A0004A1E02EB5302B2FBF1F0012805D9401E9E
:1015B000821C0323B2FBF3F000E00120024A5060DA
:1015C000704700001C0C0020180F002010B52D489B
:1015D0000068C0F34000D0B12B48C06820F0040080
:1015E000001D2949C8602948486100BFBFF34F8FDB
:1015F0002748006800F4E06026490843001D24499C
:101600000860BFF34F8F00BF00BF00BFFDE74FF082
:101610008040C06820F00400001D4FF08041C86089
:101620000846406920F00100401C48610846C06837
:1016300020F040004030C8600846C06820F4001028
:1016400000F50010C8600846C06820F4800000F56E
:101650008000C86010490020FFF750F9FFF7CEFE68
:101660000E49086001210020FFF766FF01210846AE
:10167000FFF762FFFFF7A2FE04464FF4612104F07A
:101680003DFC10BD0001104000201040072A95EAE3
:101690000CED00E00000FA0500F000021C0C002038
:1016A00000BFBFF34F8F0748006800F4E0600649B1
:1016B0000843001D03490860BFF34F8F00BF00BF00
:1016C00000BFFDE70CED00E00000FA0530B5C3698E
:1016D0008D000F24AC40A343C361C3698C0002FAA0
:1016E00004F42343C36130BD70B504460D460226A1
:1016F0000B48844201D1032603E0B4F1402F00D10E
:10170000042604F1200000EB0510006800F008003A
:1017100010B1FFF767FE70BD3046FFF75FFDFAE7D7
:101720000030004010B502F00F038C00A34083612D
:1017300010BD30B543698D000F24AC40A343436115
:1017400043698C0002FA04F42343436130BD70B551
:10175000049C154663F3DF0545EA041600F12005F5
:1017600005EB01152E6070BD00F1200303EB0113A2
:101770005A607047016070471CB504460020019014
:1017800000906A4601A90848FEF7CEFF40B107491C
:10179000097841F08000DDE9002102F0D3F902E090
:1017A0000120034908701CBD246F0020CAE101021A
:1017B000720E002038B505461D4800881D4909886D
:1017C000421A1D4801681D48007801F047FD84B2A7
:1017D00019480068204418490860164800882044C9
:1017E000144908800846008811490988884206DAA9
:1017F00013481449097830F81100A04216DD6B46F1
:101800000C48028810491148FEF746FF40B11048C5
:10181000007828B10020FFF7AFFF00200C490870C6
:1018200000200449088008480349086038BD0000CA
:10183000D0E10102700E00206C0E0020CBE101020D
:10184000CCE10102CD0E0020CC670020246F0020E7
:10185000720E002010B5044604F0040010B1002000
:10186000FFF7A8FF04F0080010B10020FFF784FF85
:1018700010BD01460020704704480068044909680B
:10188000401A04490988081A70470000800E002099
:10189000840E0020BCE1010270B506460C460E48DD
:1018A00000680E490968884213D90B4800680B4943
:1018B0000968451AAC4200DD2C46224607480168FB
:1018C0003046FDF714FD05480068204403490860D0
:1018D00000E00024204670BDA00E0020A40E0020D1
:1018E00001460020704700002DE9F04707460C46EE
:1018F000B8463148006831490968A0EB0109304811
:101900000088A0EB09062F480278012000FA02F1B6
:101910004FF06440FDF7E3FD2A480278012000FA09
:1019200002F125480068FDF7DAFD2648027801201B
:1019300000FA02F121480068FDF7D1FD002E02DC1B
:101940000020BDE8F087B44200DD344600251E4883
:1019500000681E49096888421AD31B4800680119AB
:101960001B48174A12881044814211D31848144961
:101970000988084414490968451A2A46414612480C
:101980000068FDF7B4FCA844641B11480E490860C8
:1019900054B1224641460C480068FDF7A8FC0A48AD
:1019A00000682044084908602C440348006820442B
:1019B000014908602046C4E7800E0020840E002004
:1019C000BCE10102B9E10102880E00208C0E00206A
:1019D0000067002010B504460648006800B110BD3D
:1019E00001200449086000F007F800200149086060
:1019F00000BFF4E7740E002070B53848006800B9E5
:101A000070BD3748006837490968441A34B9364808
:101A1000006818B9002031490860F1E714B3334871
:101A200000683349096888420FD330480068204471
:101A30003049314A12881144884206D32D482E4934
:101A40000988084429490968441A2C482C4909780E
:101A500030F81100A04209DA28482949097830F8FD
:101A6000114003E02048006800B1002400201E4916
:101A700008602449097841F0800022461B49096822
:101A800002F060F8054619480068284417490860C4
:101A90001448006828441349086016481649098804
:101AA000084412490968884202D112480F49086067
:101AB0000B4800680B49096888420AD10F48104951
:101AC000097830F81100A84203D1012006490860C6
:101AD00002E000200449086000BF91E7780E002072
:101AE000800E0020840E00207C0E00208C0E002032
:101AF000880E002000670020BCE10102C4E1010261
:101B0000CD0E0020B9E1010210B50446114800686D
:101B100028B111480068401C0F49086010BD012021
:101B20000C4908600D49086000F01EF800200B49C0
:101B30000860084908600A4800680A49096888423C
:101B400006D007490968074A1268881AFFF7C8FED5
:101B500000BFE3E7900E0020980E0020940E0020B6
:101B6000A00E0020A40E002070B51D4800681D497D
:101B7000401A1D490988081A1C491D4A127831F873
:101B8000121088421FDB164800681649401A164991
:101B900009880D1A2A46124801681648007801F093
:101BA0005DFB04460E48006820440D490860124859
:101BB000006898B11148006880B90F480068401E5D
:101BC0000D4908600AE001200D4908600B480068D3
:101BD00020B109480068401C0749086070BD00003A
:101BE000A00E002040670020BEE10102C4E1010216
:101BF000CD0E0020BAE10102980E0020940E0020C4
:101C00009C0E002010B5044604F0040010B12046DC
:101C1000FFF77AFF04F0080010B12046FFF7DAFE64
:101C200010BD70470146002070470020704700003B
:101C300010B5104800F072F8D0B10E4800780E4987
:101C400008700C480088000A48700A480068000CB8
:101C5000887008480068000EC8700648007908714E
:101C6000044840794871034880798871012010BD8B
:101C70000020FCE7AA0E00203866002010B50020E6
:101C8000154908601549086015490860154908603C
:101C90001549086015481649086016490860002073
:101CA000154908601549086015490860154908601C
:101CB0001548164908601649086000201549088033
:101CC0004FF4E13014490860002008714871082081
:101CD000887100F035F810BD740E0020780E0020D9
:101CE0007C0E0020800E0020840E00200067002063
:101CF000880E00208C0E0020900E0020940E0020F4
:101D0000980E00209C0E002040670020A00E0020AE
:101D1000A40E0020A80E0020AA0E002001460748AD
:101D20000068086005480079887104484079487166
:101D3000024880790871012070470000080F0020D8
:101D400010B509F0ADFD05F09DFE012010BD10B5E8
:101D500009F0DAFD012010BD10B50446204609F057
:101D6000EFFD012010BD000010B5044620680749B2
:101D70000860A07908716079487120798871002025
:101D8000C871084609F0D4FD10BD0000080F0020FE
:101D900010B5002017490860174908601749086006
:101DA000174908601749086017481849086018491A
:101DB0000860002017490860174908601749086043
:101DC000174908601748184908601849086000203A
:101DD00017490880FFF7BBFF4FF4E1301549086051
:101DE000002008714871082088710846FFF7BCFF81
:101DF00010BD0000740E0020780E00207C0E002024
:101E0000800E0020840E002000670020880E002035
:101E10008C0E0020900E0020940E0020980E0020C2
:101E20009C0E002040670020A00E0020A40E002081
:101E3000A80E0020AA0E002010B5FFF7A9FF10BDC4
:101E400010B53748007828B900203649086036496F
:101E5000086010BD3448006850B932480068401C22
:101E600030490860642802D901202F490860F0E752
:101E70002E480068B8B92E4800682E490968884283
:101E800011D12B4800682C4988420CD001202749E9
:101E9000086029482649086026490860002027492B
:101EA00008602249086026480068D0B11F480068D1
:101EB000B8B922480068A0B901201C490860FFF7A2
:101EC00053FE00201949086019480068194909683B
:101ED000884206D016490968164A1268881AFFF720
:101EE000FFFC18480068C8B917480068B0B917481F
:101EF000006817490968401A10D01649097841F05E
:101F0000800000F0DBFC48B101200E4908600E495A
:101F10000860FFF771FD00200A49086000BF98E7DC
:101F2000BF0E0020B40E0020B80E0020900E00203E
:101F3000A00E0020A40E0020406700209C0E002070
:101F4000980E0020740E0020780E0020800E0020D5
:101F5000840E0020B9E10102002002490860024914
:101F600008607047B40E0020B80E002070B505461A
:101F70000F490968C8698047C0B93DB106F054F8F7
:101F80000C490860002009F0A5FA0FE006F04CF8B3
:101F9000044608480068201AB0F5967F03D3012054
:101FA00005F07AFD02E0002005F076FD012070BD0D
:101FB000C4D40102100F0020002070470146002009
:101FC0007047000010B50446024804802046FFF721
:101FD000C3FE10BDA80E002010B50E4800780D49B4
:101FE000497840EA01200B49897840EA01400949D3
:101FF000C97840EA0160084908600648007908711C
:102000000448407948710348807988710846FFF791
:10201000ABFE10BD38660020AA0E002070B5044645
:1020200004F07F05062D00DB70BD012202FA05F1E8
:1020300044F07A40FDF753FAE0B2002102F05AFD75
:1020400000BFF1E72DE9FC410446A07820F08005AF
:10205000E07800F00306A788062D01DBBDE8FC81CF
:10206000012E00D1FAE7402F00D94027A17841F096
:102070007541E27841EA02200121FDF730FAA078AB
:102080008DF8020005208DF80100ADF804708DF880
:102090000360684601F0D8FEA07838B1094A02EB27
:1020A0008511A0780223402202F03CFC064850F83B
:1020B000250020F00200801C034941F8250000BFE4
:1020C000CCE70000D0300020543C0020704700F0E6
:1020D00001BC10B5044624B101210846FFF73CFAC3
:1020E00003E000210846FFF737FA10BD10B5154888
:1020F000848814B90020144908701249898841F075
:1021000073400121FDF7EBF90E49096808680121C8
:10211000FDF7E5F90B49096848680121FDF7DFF98A
:10212000084822460168802001F00CFD044605485D
:10213000006820440349086008468088001B8880A6
:1021400010BD0000D00E0020CE0E002010B50848B3
:1021500082880168002001F081F804460448006884
:1021600020440349086008468088001B888010BD11
:10217000D00E00207047000070B5054605F07F04C2
:10218000062C00DB70BDE8B201F086FF084850F86D
:10219000240020F00100064941F82400084650F8C8
:1021A000240020F0020041F8240000BFEAE700000C
:1021B000543C002000F07F01044A52F8212022F014
:1021C0000102521C014B43F821207047543C00206F
:1021D00010B5044644F072400121FDF780F904F087
:1021E0000200002871D001F095FCB8490978C809AF
:1021F000FFF7C0FFB548C088B5498880B349086873
:102200000121FDF76CF9B14948680121FDF767F933
:10221000AE480078C0F3411020B1012877D00228E1
:1022200076D1C5E0A94840780C2872D2DFE800F0EA
:10223000060DA21BA229464E4F62729501F0C2F90B
:1022400000B9C6E0FFF752FF95E0002001F01AFA4E
:1022500000B9BEE001F072FC9E48006810B19D48D4
:102260000068804787E0012001F00CFA00B9B0E077
:1022700001F064FC9748006810B1964800688047F8
:1022800079E000BF9148007800F01F0030B98F4816
:10229000807840F080009049087001E0002001E063
:1022A00000BF012000B994E08B49097801F07F005C
:1022B000012101F012FC01F041FC5CE001F010F89A
:1022C00000B986E0FFF712FF55E095E081E000BF1E
:1022D0007E48007800F01F0018B980487C490860EB
:1022E00001E0002001E000BF012000B971E0FFF72C
:1022F000FDFE40E001F03CFA00B96AE001F01EFC8E
:102300007748006810B176480068804733E034E0D1
:102310005EE02FE000BF6D48007800F01F0001284C
:1023200012D16E48007860B1684800796D4909782B
:10233000884206DA654800796B49084464490860B8
:1023400001E0002004E001E0002001E000BF0120E6
:1023500000B93EE0FFF7CAFE0DE001F0FFFA00B958
:1023600037E001F0EBFB6148006810B15F4800689E
:10237000804700E02DE000BF3DE05448007800F0C9
:102380001F0020B1012803D002280FD10DE020E06A
:1023900000F08AF900B10AE000F000FA00B106E0AE
:1023A00000F002F900B102E013E012E011E022E0D7
:1023B0004648007800F01F0040B900F0F1F900B184
:1023C00005E000F043FA00B101E002E001E012E0B4
:1023D00000BF3E480078C00930B93C48C08818B1F9
:1023E000002001F07BFB02E0802001F077FB002061
:1023F0003749888000BF00BF04F0040098B3334819
:102400000078C00980BB3248808860B3FFF79EFE29
:102410002F48808838BB2D480078C0F3411010B198
:10242000012818D100E017E02848007800F01F00CC
:1024300020B1012803D002280BD109E00CE000F004
:1024400091F800B106E000F055F800B102E003E0B9
:1024500002E001E007E000BF802001F03FFB002028
:102460001B49888000BF02E0FFE701F068FB04F031
:102470000800F0B1154800780121B1EBD01F08D158
:102480001348808810B91A48007890B1FFF72EFEE3
:102490000FE01148007800F0800050B10E4800783D
:1024A00000F07F000C49087000210B48007801F013
:1024B00014FB04F0400010B10020FFF7AFFD04F062
:1024C000800010B18020FFF7A9FD10BDD80E0020BC
:1024D000D00E002038E20102BE0E0020BF0E002008
:1024E00030E20102CC0E0020400C002034E2010258
:1024F000CE0E002010B51848007918490978884296
:1025000005D01548007916490978884222D1124829
:10251000407820B102280AD020281AD111E0FFF714
:102520004BFD18B101F00AFB012010BD11E00A4972
:102530004888FFF743FD18B101F000FB0120F4E7E4
:1025400007E0FFF749FD18B101F0F8FA0120ECE7C8
:1025500000BF00BF0020E8E7D80E00205A0C002082
:102560005B0C002010B50D4800790D4909788842B0
:1025700005D00A4800790B49097888420CD10748F0
:102580004078092807D100F053FC18B101F0D6FAC1
:10259000012010BD00BF00BF0020FAE7D80E0020C8
:1025A000480C00205C0C002010B53A4800793A49EC
:1025B0000978884205D03748007938490978884237
:1025C00066D134484078042833D007DC78B101283C
:1025D00012D002281BD0032859D11DE0202832D068
:1025E000212835D022283ED0232850D145E02C4840
:1025F0002C490860012010BDFFF717FB30B12848B7
:1026000028490860FFF772FD0120F4E73FE0244805
:10261000244908600120EEE71E494888FFF702FBC5
:1026200030B11F481F490860FFF760FD0120E2E755
:102630002DE018494888FFF71CF918B101F07EFA1F
:102640000120D8E723E01648164908600120D2E7A8
:10265000FFF7EEFA30B1124812490860FFF746FD65
:102660000120C8E713E00B494888FFF7ABFC18B11D
:1026700001F064FA0120BEE709E006494888FFF747
:1026800075FC18B101F05AFA0120B4E700BF00BF91
:102690000020B0E7D80E00205A0C00205B0C002070
:1026A00038660020D00E002010B534480079344937
:1026B0000978884205D03148007932490978884242
:1026C0005AD12E4840780C2855D2DFE800F0540645
:1026D0002E4154545454541D394C00F0A3FA90B177
:1026E0002648C078012803D127482849086006E019
:1026F0002248C078032802D1254824490860FFF702
:10270000F5FC012010BD36E01C48C078022803D13A
:1027100020481E49086006E01848C078032802D106
:102720001B481A4908600120ECE700F063FA30B159
:10273000194816490860FFF7D9FC0120E2E71AE0C2
:1027400000F04EFB18B101F0F9F90120DAE712E0D0
:1027500000F05EFA30B110480C490860FFF7C6FC83
:102760000120CFE707E000F059FB18B101F0E6F9CE
:102770000120C7E700BF00BF0020C3E7D80E00203C
:10278000480C00205C0C002079660020D00E002050
:10279000590C0020BD6600203866002000207047DC
:1027A0002DE9F041002723484078234909788842E1
:1027B00027D120488088022821D1204C1D488078CC
:1027C00008B900BF1CE0002604E0207808B120789A
:1027D0000444761C17488178701C8142F5D8207813
:1027E00008B900270CE004F0F3FE80464146E01CE7
:1027F000FCF7AFFD124804602578012700E000BF18
:1028000000BFA7B10B48C088A8420AD90C498D80E7
:102810000C480078401E284038B901200A49087049
:1028200003E00448C08806498880FFF75FFC38460B
:10283000BDE8F081D80E0020C8E10102AC0D0020F7
:10284000D00E0020A4E10102CE0E002070B50026BB
:10285000144840781449097888420BD1114880887F
:10286000072805D1114D124805602C89012600E08A
:1028700000BF00BFA6B10B48C088A0420AD90C49CE
:102880008C800C480078401E204038B901200A494D
:10289000087003E00348C08805498880FFF726FCDC
:1028A000304670BDD80E0020C9E10102600C002046
:1028B000D00E0020A4E10102CE0E0020014601F05E
:1028C0007F02034810F82200C0F340007047000068
:1028D000543C002000200C4908700C4908600C4949
:1028E00008600C4908600C4908800C4908800C49B4
:1028F00008600C4908600C4908800C4908800C49A4
:1029000008600C4908807047E00E0020E40E0020AB
:10291000E80E0020EC0E0020F00E0020F20E002049
:10292000F40E0020F80E0020FC0E0020FE0E002009
:10293000000F0020040F002070B50646684800888C
:1029400068490988884224DB6748006808BB002082
:102950006649086062490880654801780123421C85
:10296000184609F069FB5F4908800846008880B175
:102970005F485E4908605F480078012804DC08462B
:102980000068401C086004E056480088401C554917
:1029900008805448008800285ED15748006818B164
:1029A00000205549086057E054480068002853D07B
:1029B0005048007801281CDC5048006800284BD0A3
:1029C00000204B490870464908800223484A521C9F
:1029D0000021012009F030FB4249088008460088A8
:1029E00018B14348401C4149086000204349086031
:1029F00032E03F48047800BF202C00DB0024012097
:102A0000A0403E490968084010B3601C384908706E
:102A1000002033490880601CC1B20223344A521C92
:102A2000012009F009FB2F4908800846008838B1C9
:102A30002F482E4908602B480088401C29490880EF
:102A40000120A0402D49096881432C48016002E023
:102A5000601CC4B2D0E700BF2248008810B92248E9
:102A60000068B8B31F4800881D490988401A85B21C
:102A700023482449097830F81100A84204DA204894
:102A80002049097830F811501F48007840B11E499C
:102A9000097841F080002A461449096801F052F88B
:102AA000124800682844114908600D4800882844ED
:102AB0000B490880084600881449098888420ADAC8
:102AC0000F481049097830F81100A84203D10120BD
:102AD0000549086002E000200349086070BD00005D
:102AE000F20E0020F00E0020F40E0020EC0E00206C
:102AF00078660020B0E10102E40E0020E80E00201C
:102B0000ACE10102CD0E0020A5E10102B2E101021B
:102B100038B505462648008848B926482649086041
:102B2000264800882649088000202149088024483A
:102B300000881F490988421A1F4801682148007807
:102B400000F08CFB84B21C48006820441A490860DD
:102B50001748008820441649088064B10846008858
:102B600016490988884206DA17481849097830F862
:102B70001100A0421BDD16480078012809DC012065
:102B800000900B4803880B4A0021022009F00EFB3D
:102B90000AE00120009006480088431E054801789D
:102BA000421C022009F002FB00200149088038BDC8
:102BB000FE0E0020BC660020F80E0020B4E10102E9
:102BC000FC0E0020A6E10102ACE10102CD0E0020C6
:102BD000B1E1010210B5044604F0080010B120462E
:102BE000FFF7AAFE04F0040010B12046FFF790FFA3
:102BF00010BD0000034880780349085C0349087051
:102C000001207047D80E0020540C002038660020A8
:102C100010B509F00FFA02490870012010BD00003C
:102C20003866002010B500240C48C078012804D074
:102C3000022804D0032806D103E0094C03E0002059
:102C400010BD084C00BF00BF044A9178D078002323
:102C5000224609F0F1F90120F2E70000D80E002029
:102C600079660020590C00202DE9F0415148007888
:102C700000287DD00026504801780078401C4E4A3C
:102C800010704E48007800EB400204209040401E37
:102C9000814203DB0020484908700126002548488E
:102CA0000088FF2804DA46480088401C4449088010
:102CB00044484249097830F811004149098888425E
:102CC00000D10125002462E04FF000089EB13E488B
:102CD000005DFF2804DA3C48005D401C3A49085575
:102CE0003A48005D38B13848005D3849095D88428E
:102CF00001DB4FF001083548005D3049097801EBF0
:102D000041020221914088402E492C4A127831F824
:102D10001210884204DA2D48005D08B1012000E05D
:102D2000002007463DB137B10120A040284909687D
:102D30000843274908602548005D2649095D884207
:102D400013D02148005D2349095D884209DB012039
:102D5000A0401F49096808431D4908600020164922
:102D600008701C48005D19490855B8F1000F00E0D3
:102D70001EE00AD037B90120A04015490968084370
:102D800013490860002010490855601CC4B212485D
:102D90000078844298DB15B10020094908800C486E
:102DA000006828B10D48008810B90020FFF7C4FD65
:102DB000BDE8F081BF0E0020060F0020CD0E0020E0
:102DC0004A0C0020A8E101024C0C0020500C00200D
:102DD000E80E0020540C0020B0E10102F00E0020AB
:102DE0000B48807830B10A48C2788078401E094B81
:102DF0001A540BE0002105E00548C078054A5054FC
:102E0000481CC1B2044800788142F5DB01207047BC
:102E1000D80E0020540C0020B0E1010210B5034987
:102E2000887809F0C1F9012010BD0000D80E0020FB
:102E300038B500240D48C078012804D0022804D0F9
:102E4000032806D103E0002038BD094C01E0094CFD
:102E500000BF00BF0020054A0090D3889178D07849
:102E6000224609F0A3F90120EEE70000D80E002069
:102E7000BD660020590C00202DE9FE43EE4846694E
:102E800000244FF0000840693043EB494861EB48AB
:102E9000304068B101214FF07C40FCF720FB01215C
:102EA0003046FCF71CFBE64908680121FCF717FBDC
:102EB00006F48050002849D0E248006840F00060E5
:102EC000E049086000270CE0DE48203000EB4710A6
:102ED000006840F00061DB48203000EB47100160E3
:102EE0007F1C052FF0D301F011FDD548001D0068AF
:102EF00040F00110D249091D0860D1480838006827
:102F000040F00D00CE4908390860081D006841F204
:102F10002D110843CA49091F0860C94818380068BC
:102F200020F4FE60C64918390860C348806940F43F
:102F30004020C149886102208DF80000C248D0F8C5
:102F40000411684688470620BF49087006F40050FF
:102F500050B30120BC494870B948E830006820F0FF
:102F60000300B749E8310860B648006840F0004007
:102F7000B449086001F0C8FAB348D0F8C40020F49E
:102F8000007000F50070B049C1F8C4004021AE489F
:102F9000D0F8C40061F31630AB49C1F8C40008464C
:102FA000007840F00800087006F48020002869D0FE
:102FB000A548007800F00800002863D0A048006809
:102FC0009F49091D096800EA010800251FFA88F8D1
:102FD00000BF54E028FA05F000F0010000284CD0B2
:102FE000DDB99748F030046844F060400121FCF7F7
:102FF00076FA04F0010060B193484078022802D0CC
:10300000042804D100E000BF01F014FB00E000BF81
:1030100000BF8B48F03004602FE08C48691E00EB45
:1030200041108468894800EB41108460012202FA53
:1030300005F144F06040FCF752FA04F00100E0B101
:10304000E9B241F0800000F06FFE00B116E0E9B295
:1030500041F0800000F02CFF78B101208DF80000D5
:10306000E8B28DF804000021029101218DF80510CD
:103070007548D0F804116846884700BF6D1C052DBF
:10308000A8D900BF06F40020002879D06E48007847
:1030900000F00800002873D0694800686849091DDD
:1030A000096800EA010800254FEA184800BF64E0FB
:1030B00028FA05F000F0010000285DD035BB61481A
:1030C0000830046844F061400121FCF708FA5D48CB
:1030D0000830046004F0080028B101205A49487003
:1030E00001F0A8FA48E004F00100E0B35648407847
:1030F000012804D0032803D0052805D101E004E00D
:1031000000BF01F097FA00E000BF35E04D482030E5
:10311000691E00EB411084684A48203000EB4110E2
:103120008460012202FA05F144F06140FCF7D7F90E
:1031300004F00100B8B105F07F0000F0B1FD20B946
:1031400005F07F0000F0B4FE68B101208DF80000AA
:10315000E8B28DF804003C48643000EB051041688B
:103160000291002101E007E00AE08DF805103648E1
:10317000D0F80411684688476D1C052D98D900BF0A
:1031800006F0080090B1304890F8F40000F0080014
:1031900060B12D48007800F0080038B103208DF8A8
:1031A00000002948D0F804116846884706F40060FA
:1031B000A8B12548007800F0080080B122480078C6
:1031C00040F0060020490870012001F085FB042032
:1031D0008DF800001C48D0F804116846884706F0B6
:1031E0000040A8B11848007800F0080080B11648E7
:1031F000007820F0060014490870002001F06CFBF4
:1032000005208DF800001048D0F804116846884762
:103210001F2000280DDB00BF00BF00F01F020121AE
:1032200091404209920002F1E022C2F8001100BF71
:1032300000BF00BFBDE8FE8300001840D77FFFFB42
:1032400018081840000B1840FC44002020091840C2
:1032500010B502F099F910BD704700002DE9F04754
:10326000044688461546C4F3C01904F07F0601F0F1
:103270002FF98246062E02DB0020BDE8F087B9F167
:10328000000F01D00020F8E744F0774242EA052021
:10329000012202FA06F1FCF722F93EB92F463A461E
:1032A00051464046FCF723F83846E6E7E0B201F025
:1032B000ADF90746BD4200D22F46084800EB861103
:1032C0003A464046FCF713F8044A02EB8611E0B296
:1032D0000223402201F026FB3846CEE7D030002002
:1032E0001CB57848007800F01F0010B101286FD19C
:1032F000C8E07448C078062812D006DC012809D03E
:1033000002281FD0032875D17CE007284BD00F2856
:10331000F9D1A0E06C486D49086012200090AFE040
:103320006B48007808B900201CBD6A48007818B9BD
:1033300069486649086002E06848644908600A20F4
:1033400000909DE06248007828B962480078012822
:1033500001D10020E8E75F48007828B96048019073
:1033600002200199487004E05E4801900220019912
:103370004870002407E00198007818B1019841884E
:1033800008440190641C4F488078A042F3D1019812
:10339000007808B90020C7E74C49019808600198F7
:1033A000408800906CE04A48007808B90020BBE7EC
:1033B0004848007828B94B48019007200199487087
:1033C00004E047480190072001994870002408E074
:1033D00060E00198007818B1019841880844019094
:1033E000641C38488078A042F3D10198007810B965
:1033F000002099E742E0354901980860019840882B
:1034000000903DE0384801902E488078032808D18C
:1034100004F010F92D490860084600680078009013
:103420002EE0002407E00198007818B10198017897
:1034300008440190641C23488078A042F3D101988D
:10344000007808B900206FE72049019808600198CA
:103450000078009014E02548007808B9002063E760
:10346000234801901949019808600198007808B92B
:10347000002059E701984088009001E0002053E7C0
:1034800000BF09E0694601A800F038F808B900203B
:103490004AE701E0002047E700BF0C488088009918
:1034A00088420CD9094900988880084680881149CB
:1034B0000978491E084010B901200F490870012001
:1034C00032E70000D80E002064E20102D00E002096
:1034D000A1E10102CD0E002076E2010277E20102B5
:1034E0000C680020AA0D0020B4E20102A2E1010252
:1034F00078E20102A4E10102CE0E00200246264835
:10350000C078212804D022282AD023283FD13CE0AB
:1035100021480079214B1B78984207D01E4800793A
:103520001F4B1B78984201D0002070471D4800783F
:1035300028B91D480078012801D10020F5E71A4874
:10354000007810B91948106001E019481060194B53
:103550001B8810681844184B18600920086018E090
:103560000D4800790D4B1B78984207D00A48007926
:103570000B4B1B78984201D00020D6E70F480E4B2A
:1035800018600F480088086003E00020CDE70020A5
:10359000CBE700BF0120C8E7D80E0020480C002070
:1035A0005C0C0020A1E10102CD0E00200C6800207F
:1035B000AA0D00205E0C0020D00E002040E2010287
:1035C00062E201022748007800F01F0020B10128C4
:1035D00006D0022841D116E02348244B18603EE073
:1035E0002348007860B11F480079224B1B7898422D
:1035F00006DA0020204B188018461C4B186001E0AA
:10360000002070472BE01748007900F08F0101F08F
:10361000800028B101F00F034FF48030984001E0A2
:103620000120884002461248007810B901F00F00CE
:1036300080B912480068104060B11148006810401D
:1036400008B1012000E000200B4B18801846074B02
:10365000186001E00020D4E701E00020D1E700BFBE
:103660000120CEE7D80E0020BC0E0020D00E002096
:10367000BF0E0020CC0E002038660020C00E0020B7
:10368000C40E002070B506463348007800F01F00D5
:1036900020B101281DD0022858D11CE02E484088B6
:1036A000012813D146B100F04BFA2C48008840F0B5
:1036B00002002A4908800BE0002000F041FA274868
:1036C000008820F002002549088001E0002070BD3C
:1036D0003EE00020FBE72048007900F08F0404F072
:1036E000800028B104F00F014FF48030884001E0E1
:1036F0000120A04005461A48007820B304F00F00CE
:1037000008B3184800682840E8B113484088C0B999
:1037100046B1204600F0E2F91348006828431249F8
:10372000086012E011480068284008B10120CEE787
:103730002046FEF773FC0C480068A8430A4908605D
:1037400003E00020C3E70020C1E701E00020BEE75E
:1037500000BF0120BBE70000D80E0020BC0E0020F7
:10376000BF0E0020C00E0020C40E0020C80E002096
:103770002DE9F04100266C48007800F01F00002879
:103780006FD16948807800286CD06848007830B9DB
:1037900067480078012802D10020BDE8F081644824
:1037A000007808B9634D00E0634D82E06878022834
:1037B00006D0042858D0052858D0072875D100E035
:1037C00000BF687958498978884247D1564880783F
:1037D0005A49087028795A490870002403E00020EB
:1037E00058490855641C584800888442F7D301247E
:1037F00014E00120A04055490968084010B1204656
:10380000FEF7BAFC4FF48030A040504909680840E8
:1038100018B144F08000FEF7AFFC641C102CE8D314
:103820004FF00110494908600020494908604949A2
:1038300008600120FEF74AFCE87900F0400030B152
:103840004548008840F00100434908800BE04248A9
:10385000008820F001004049088004E068880544A1
:1038600027E05BE02AE020E0EE781EE0E6B9A878E9
:1038700000F08F0404F0800028B104F00F014FF431
:103880008030884001E00120A04007462F480068B2
:1038900038432E4908602846FEF7D4FB2046FEF741
:1038A00089FC204600F008F900BF00BF28780544D5
:1038B00000BF287800287FF479AF26E000201F4958
:1038C0000870012414E00120A04020490968084044
:1038D00010B12046FEF750FC4FF48030A0401B4949
:1038E0000968084018B144F08000FEF745FC641CEC
:1038F000102CE8D34FF0011014490860002014493F
:10390000086014490860FEF7E1FB074880780B491E
:103910000978884201D000203FE701E000203CE721
:1039200000BF012039E70000D80E0020A1E101020C
:10393000CD0E00200C680020AA0D0020BF0E002034
:10394000CC0E0020400C0020460C0020C00E0020B1
:10395000C40E0020C80E0020BC0E00202DE9F05F30
:103960000027B846BB46B9464A48007800F01F0019
:1039700001286ED14848007810B90020BDE8F09FBA
:103980004FF0000A4548007828B9454800780128DA
:1039900001D10020F2E74248007808B9414C00E02C
:1039A000414C6EE06078022806D004280ED005282D
:1039B00022D0072861D100E000BF6079364909783C
:1039C000884202D0608804445BE056E0A77894F80F
:1039D00003804FF000092F480079B8420BD12D48E1
:1039E0008078404507D14FF0010A304810F807B001
:1039F000014601F8078040E026480079B8423BD1F3
:103A0000A07800F08F0606F0800028B106F00F01C4
:103A10004FF48030884001E00120B04005461D4849
:103A20008078404516D12248006828432049086024
:103A300020480068A8431F4908602046FEF702FBA3
:103A40003046FEF7B7FB304600F036F849EA050984
:103A500012E01AE0D8450FD109EA050060B9144810
:103A60000068A8431249086012480068A843114939
:103A700008603046FEF780FB00BF00BF207804449A
:103A800000BF207800288DD101E0002076E700BF3C
:103A9000504673E7D80E0020BF0E0020A1E10102BE
:103AA000CD0E00200C680020AA0D0020400C002044
:103AB000C00E0020C40E002000F07F01062900DBAC
:103AC000704700BFFCE7FEF7B7B910B5FFF7CCF8B9
:103AD000FEF7B6F901F0C0FC10BD704770B50446A2
:103AE00004F07F05062D00DB70BD012202FA05F10E
:103AF00044F07A4242F48070FBF7F1FC1DB9E0B269
:103B000000F0EAFF03E0E0B2012100F0F3FF00BFA4
:103B1000EAE7000010B5082202490020FFF79EFBEB
:103B200010BD0000D80E002010B54FF400710248FF
:103B3000006804F09DFA10BD5009002070477047DE
:103B4000704700002DE9F05F0446884616464FF0A6
:103B500002093546C4F3C01B04F07F0700F0B8FC2F
:103B60008246062F02DB0020BDE8F09FBBF1010F6B
:103B700001D00020F8E747B9BAF80600B04202D2F7
:103B8000BAF8060000E03046054644F0744242EAC6
:103B90000520012202FA07F1FBF7A1FC08F003005F
:103BA00080B1802D00D980252A4641460A48FBF77E
:103BB0009EFBAAB2E0B20023074900F059FF40EA99
:103BC000090907E0AAB2E0B20023414600F050FF25
:103BD00040EA09093046C7E7D0330020014621F00A
:103BE000800001F080029AB14FF0FF33144A02EBDB
:103BF000001213600023124A02EB00125360104AB5
:103C000002EB001293600E4A02EB0012D36016E042
:103C10004FF0FF330A4A603202EB001213600023B8
:103C2000074A603202EB00125360054A603202EB31
:103C300000129360024A603202EB0012D3607047B8
:103C400000450020F0B503460125144823F0800408
:103C500004B1F0BD067806F01F0696B90678C6F3E3
:103C6000411666B94678062E07D146883612012ECF
:103C700001D1002500BF00BF00BF00BF00BF00BFD3
:103C800000BF00BF45B1C78816688F4201DD042719
:103C900000E000273E43166000BFDAE77C440020C6
:103CA00070B503460024002023F0800203F0800555
:103CB00095B11A4D05EB021122B9194D2D6805F089
:103CC0007F0408E0164D1035561E05EB46152D698C
:103CD000C5F3120400BF13E0104D603505EB02116F
:103CE00022B9104D2D6805F07F0408E00D4D103508
:103CF000561E05EB46152D69C5F3120400BF00BF23
:103D00000D7B05F0020545B18D682D1B4D604FF010
:103D1000FF350D6000258D60012070BD004500203D
:103D200010091840100B18402DE9F04F06464FF0CF
:103D30000008C34626F0800506F0800090B12648B2
:103D400000EB051425B92548006800F07F0808E05D
:103D500022481030691E00EB41100069C0F31208C0
:103D600000BF02E00020BDE8F08F207B00F00400DF
:103D700078B32068401C08B90020F4E7B8F1000FC0
:103D800001D00020EFE7A068A0EB08072068A0EBB7
:103D900007096068A0EB070AB9F1000F01DD0020F8
:103DA000E1E70D48C03050F83500C0F30A309AFB07
:103DB000F0F100FB11A008B10020D4E7E06820F08A
:103DC0000400E06001220021304600F0F5FC4FF0D5
:103DD000010B5846C7E700000045002010091840B5
:103DE00010B500201749087048700021802000F0AD
:103DF00081FE00240EE0611CC9B241F08000002168
:103E000000F078FE611CC9B241F0800000F044F976
:103E1000601CC4B2052CEEDB0021084600F06AFEEF
:103E200000240CE0611C01F07F00002100F062FE24
:103E3000611C01F07F0000F02FF9601CC4B2052C5A
:103E4000F0DB10BDFC44002070B505460226A878C2
:103E500020F080046978154850F8340061F38B2015
:103E6000124941F83400A988104850F8340061F331
:103E700016300E4941F83400A878C209084650F8B7
:103E8000341062F3082140F83410E978A87800F083
:103E9000FBF9064850F8340020F4007101F5007178
:103EA000024840F83410304670BD0000C045002084
:103EB0002DE9FC4106464FF0000826F0800506F08B
:103EC000800090B1264800EB051425B9254800680C
:103ED00000F07F0808E023481030691E00EB411015
:103EE0000069C0F3120800BF13E01D48603000EB0A
:103EF000051425B91C48006800F07F0808E01A483E
:103F00001030691E00EB41100069C0F3120800BFB9
:103F100000BF2068401C10B90120BDE8FC81A068EA
:103F2000A0EB08072068C01B206060683844606010
:103F30002068002804DC4FF0FF3020600120ECE70F
:103F400001AA6946304600F0F5FA0098A060BDF875
:103F500004203046009900F02FFC0020DDE700002F
:103F60000045002010091840100B184010B500BF84
:103F70000B48006900F000400028F9D008480069AB
:103F800040F0010006490861642004F023F800BFF6
:103F90000348006900F001000028F9D110BD0000BD
:103FA000000018401648806948F2380188431449D7
:103FB000886114480068144908431249086008469B
:103FC000006820F4FE6008600846006820F40000E5
:103FD00008600846006820F004000860081D0068BA
:103FE00020F00200091D0860054880690749D1F8E2
:103FF000F41041F4405108430149886170470000C2
:10400000000018400008184003000001FC44002094
:104010001E48B0F8F80098B11D4800681D490840D6
:104020001B490860084600681849B1F8FE10C1F342
:1040300008014FF4803242EA4141084314490860C4
:104040001248B0F8FA0018B91048B0F8FC00D8B11E
:104050000F48006840F2FC7188430D4908600B4826
:10406000B0F8FA0041000948B0F8FC0041EA40010C
:104070000648B0F80001C0F3080041EA8000044996
:10408000096808430249086070470000FC440020AA
:1040900030081840FFFF01FC30B5054625F08004CC
:1040A00005F08000002860D014BB6448006840F030
:1040B0000060624908600846006800F0004020B1D6
:1040C0000846006840F0804008605C48083000689E
:1040D0005A49083109680843584908310860574867
:1040E000E438006820F001005449E43908609EE09B
:1040F00052482030611E00EB4110006840F0006221
:104100004E48203000EB411002604C48203000EB5C
:104110004110006800F0004058B14848203000EBE2
:104120004110006840F080424448203000EB4110CC
:10413000026042482030611E00EB411080683F4918
:104140002031621E01EB4211896808433B4920314E
:1041500001EB421188603948E43800680121A14030
:1041600088433649E439086061E014BB344800688C
:1041700040F00060324908600846006800F00040E6
:1041800020B10846006840F0804008602C480830A4
:1041900000682B490831096808432949083108603B
:1041A0002648E438006820F480302449E439086067
:1041B0003DE023482030611E00EB4110006840F0D4
:1041C00000621F48203000EB411002601C48203084
:1041D00000EB4110006800F0004058B11848203052
:1041E00000EB4110006840F090421548203000EB91
:1041F0004110026012482030611E00EB41108068BF
:104200000F492031621E01EB4211896808430C49B5
:10421000203101EB421188600848E438006804F15D
:10422000100101228A4090430449E4390860204685
:1042300000F014F92846FFF7D1FC30BD0009184002
:10424000000B184010B504200549487000231A4699
:104250000449184600F00CFC00F056F910BD0000AF
:10426000FC440020BC44002000B5052004494870EF
:1042700000231A460349184600F054FB00BD000015
:10428000FC4400207C44002030B5024622F080002F
:1042900002F08003002B5FD028BB01F003034FF432
:1042A000004444EA834300F00F0443EA845300F0DF
:1042B0000F0443EAC423534C24682343514C236026
:1042C000504B08331B684F4C0834246823434D4C33
:1042D000083423604B4BE43B1B6843F00103494C1B
:1042E000E43C23608DE0474B2033441E03EB441332
:1042F0001C68454B53F83030C3F30A3301F0030513
:1043000043EA854343F4004300F00F0543EA855335
:1043100043F0805323433B4C2034451E04EB4514AB
:104320002360384B2033441E03EB44139B68354C09
:10433000203404EB4514A4682343324C203404EBAE
:104340004514A3602F4BE43B1B68012484402343A6
:104350002C4CE43C236054E0E8B92C4B1B6801F082
:1043600003044FF4004545EA84442343274C23606B
:10437000264B08331B68254C083424682343234C00
:10438000083423601F4BE43B1B6843F480331D4C0F
:10439000E43C236035E01D4B2033441E03EB441303
:1043A0001B68194C54F83040C4F30A3401F003057B
:1043B00044EA854444F4004444F080542343134CBD
:1043C0002034451E04EB45142360104B2033441E5B
:1043D00003EB44139C680D4B203303EB45139B68A0
:1043E00023430A4C203404EB4514A360054BE43B03
:1043F0001B6800F110040125A5402B43014CE43C4F
:10440000236030BD00091840C0450020000B184053
:104410001048006840F400700E49086000BF0D4865
:10442000006800F008000028F9D00B48006940F04F
:1044300010000949086100BF0748006900F010003A
:104440000028F9D10348006840F480600149086001
:104450007047000004081840000018401A494969D4
:1044600001F0400129B91949096841F08001174A52
:10447000116000BF1449496901F040010029F9D0D9
:1044800000BF1149096901F000410029F9D000BFBE
:104490000D49096901F020010029F9D100F01F013F
:1044A000202242EA8111084A116100BF06490969C8
:1044B00001F020010029F9D10449096841F4807113
:1044C000024A1160704700000000184004081840BC
:1044D000004870477C4400200448C06CC0F30210C0
:1044E000001D0121814088B2704700000000184083
:1044F0000448C06C00F00F000B30012101FA00F0FD
:104500007047000000001840074808490860084844
:10451000091D086005481038006840F080200349F4
:10452000103908607047000018000860100B184030
:104530007C4400202DE9F04307468846914627F049
:104540008005314850F83500C0F30A3307F0800089
:1045500058B32D48C03800EB051645B932689A4269
:1045600001D2104600E01846024601241CE03268E1
:10457000FFF7BEFF904201D9104601E0FFF7B8FFF8
:1045800002469A4201D8012003E0581E1044B0FBB5
:10459000F3F084B2FFF7A0FFA04204DAFFF79CFF1C
:1045A000044604FB03F200BF27E01748603800EB25
:1045B000051615B91A4601241EE03268FFF798FF68
:1045C000904201D9104601E0FFF792FF02469A425D
:1045D00001D8012003E0581E1044B0FBF3F084B270
:1045E000FFF77AFFA04201DD204601E0FFF774FFEC
:1045F000044604FB03F200BF00BFC8F80020A9F87E
:104600000040BDE8F0830000C0450020014621F0D5
:10461000800201F0800020B1054800EB02104068E4
:1046200070470348603000EB02104068F8E7000074
:10463000004500203EB5524C52484078062878D2BA
:10464000DFE800F09B035B788F95207800F01F0077
:1046500020BB6078052802D009281DD115E04A4802
:10466000006820F4FE604849086008460068A178A8
:1046700001F07F0140EA0110434908604148007899
:1046800040F010003F49087006E03E48007840F0D6
:1046900020003C49087000BF00BF00BF00BF0020E1
:1046A0008DF800003748D0F8041168468847054661
:1046B000102D08D12178C90909B1802100E000211D
:1046C000084600F009FA022D16D1E08810B9FFF76C
:1046D000B9FD11E02078C00908B1022000E00320F4
:1046E0002849487008464078032805D1E28800230D
:1046F0002349184600F016F940E08020FFF714FB2C
:1047000000B13BE08020FFF7D3FB88B101208DF89A
:10471000000000208DF804000021029101218DF895
:1047200005101848D0F8041168468847FFF79CFD2B
:1047300024E022E00020FFF7BBFB88B101208DF8C8
:10474000000000208DF804000E48816E02910021C7
:104750008DF80510D0F8041168468847FFF772FD00
:104760000CE0012007494870FFF7CEFE06E001206B
:1047700004494870FFF7C8FE00E000BF00BF3EBD1F
:104780007C440020FC4400200008184070B504461A
:1047900002250CB9042070BD00200649087048703D
:1047A000142221460348F430FAF7A1FD00F0E8F89E
:1047B0002846F0E7FC44002070B5034623F0800053
:1047C00003F08004002C4FD080B901F07F0402F088
:1047D000030544EAC5443D4D2C603C4C103C246824
:1047E00044F00444394D103D2C603CE0C2F309050F
:1047F0000C4665F3DF4444F00056344C1034451E3B
:1048000004EB45142661314C103404EB4514246844
:10481000C4F38144012C18D12C4C103404EB451402
:1048200024682B4D2D6805F4807515B14FF0805527
:1048300001E04FF0005545F004452C43234D103561
:10484000461E05EB46152C600CE0204C1034451E2E
:1048500004EB4514246844F004461C4C103404EB6B
:104860004514266000BF2FE0A0B901F07F0444F09A
:10487000C04412B14FF4002500E000252C43154D33
:104880002C60144C103C246844F00444114D103D3D
:104890002C6018E0C2F309050C4665F3DF440D4DAA
:1048A0001035461E05EB46152C610A4C1034451E8A
:1048B00004EB4514246844F00446064C103404EB21
:1048C0004514266000BF00BF70BD000010091840ED
:1048D00008081840100B184010B50446012C06D1EA
:1048E0000848006840F001000649086005E00648F5
:1048F000006820F0010004490860142003F06AFBFE
:1049000010BD0000000E18400408184000B510202B
:10491000FFF7A4FDFFF77CFDFFF762FA00F06EF8E9
:1049200000BD00002DE9F04704460F469046994629
:104930004FF0020A24F08005052D02DC07F0030089
:1049400010B10420BDE8F08725B90C48006800F4D8
:10495000004607E009482030691E00EB411000685E
:1049600000F400460EB90820ECE724F080004B4626
:104970004246394600F01AF95046E3E7000B18406A
:1049800010B51D48C06840F040001B49C860FFF7E3
:10499000EDFA1948806840F02700174988600846FA
:1049A000C068C96821F4705141F0080141F4105108
:1049B00008431149C8600846806940F006008861D4
:1049C00000F0DCF81020FFF749FDFFF721FDFFF7AD
:1049D000E9FA0948406908494969084306494861B4
:1049E00008464068496808430349486000F006F8F3
:1049F000FFF70EFB10BD000000001840002014E07F
:104A00004FF0FF32194901EB00110A6000221749EB
:104A100001EB00114A60154901EB00118A6013494E
:104A200001EB0011CA60411CC8B20628E8DB002077
:104A300018E04FF0FF320D49603101EB00110A60C0
:104A400000220A49603101EB00114A6007496031D8
:104A500001EB00118A600549603101EB0011CA6069
:104A6000411CC8B20628E4DB704700000045002066
:104A70002DE9FF4704460F4690464FF0020924F007
:104A80008005052D02DC07F0030018B1042004B0F6
:104A9000BDE8F08725B90F48006800F4004607E03C
:104AA0000C482030691E00EB4110006800F40046FD
:104AB0000EB90820EBE703AA41462046FFF7C2F8EB
:104AC00044F0800042463946039B00F06FF84846A8
:104AD000DDE700000009184010B50446012120461A
:104AE00000F008F8012002494870FFF70DFD10BDE5
:104AF000FC440020F0B506460F4626F0800515B9A7
:104B00001B4B1C4C08E01A482030691E00EB411377
:104B10001848203000EB411406F08000D8B1012F76
:104B200010D1186800F0004020B1186812490843FD
:104B3000186003E0186840F4001018602846FFF77A
:104B40008DFC13E0186820F400101860186840F01D
:104B5000805018600AE0012F04D1206840F4001052
:104B6000206003E0206820F400102060F0BD000009
:104B700000091840000B1840000020404022094B5B
:104B80005A62402141F400129A62002006E020316E
:104B900041F40013044A42F82030401C0528F6D3A3
:104BA0007047000000001840040118402DE9FC4344
:104BB00007460E469046994627F0800407F080008D
:104BC00070B11A4800EB041514B91948066006E0E4
:104BD00017480C30611E00EB4110466100BF0FE02A
:104BE0001248603000EB041514B91248066006E064
:104BF00010480C30611E00EB4110466100BF00BF41
:104C0000C5F8008000206860C5F80C9001AA6946CC
:104C10003846FFF78FFC0098A860BDF8042038469E
:104C20000099FFF7C9FD0020BDE8FC830045002086
:104C300014091840140B184001460020704700006A
:104C40000FB4054B10B503A9044A029800F0F0F820
:104C500010BC5DF814FB0000F5720102140F002077
:104C6000002807DB00F01F0201219140024A43099E
:104C700042F823107047000080E200E000280BDBC0
:104C800000F01F0201219140044A430942F8231019
:104C9000BFF34F8FBFF36F8F7047000080E100E0DC
:104CA00000280DDB00BF00BF00F01F020121914072
:104CB0004209920002F1E022C2F8001100BF00BFD9
:104CC0007047EFF31080704702E008C8121F08C158
:104CD000002AFAD170477047002001E001C1121F7D
:104CE000002AFBD170470000064600BFEFF30880A2
:104CF000044606F00F000D2803D100BFEFF3098032
:104D0000044604F12005A08B00F4007000B12D1DB5
:104D100006F0100000B94835304600F0A3FF00BF90
:104D2000EFF30980074600F09DFF00BFEFF3088016
:104D3000074600F097FF00BFEFF31480074600F02E
:104D400091FF284600F08EFF606900F08BFFA0699C
:104D500000F088FFE06900F085FF1349086800F063
:104D600081FF1149091F086800F07CFF0E49091DE9
:104D7000086800F077FF0C491031086800F072FFF6
:104D800009490831086800F06DFF07490C310868CF
:104D900000F068FF432205A1002000F0A9F9FCF70C
:104DA0007FFC00BFFEE700002CED00E02E2E5C2E05
:104DB0002E5C2E2E5C736F757263655C6461706C23
:104DC000696E6B5C486172644661756C745F4861C2
:104DD0006E646C65722E6300F0B503460E4602F0F9
:104DE000004030B122F00040C01D20F00702102525
:104DF00003E0D01C20F003020C250AB90120F0BD0D
:104E00005019B04201D90120F9E7591919609F19C9
:104E10005F609A60BF1A05E08C18BC4200D902E0BE
:104E20000C602146F8E700BF0020086000BFE6E7FD
:104E30002DE9FF4F8DB09B460F460446002606E045
:104E400025280BD05A460F999047641C761C207871
:104E50000028F5D111B03046BDE8F08F0025A846F6
:104E60000122984900E0054314F8013F203B02FA73
:104E700003F00842F7D120782E2817D114F8010F3B
:104E800045F004052A280ED06FF02F022078A0F1FB
:104E9000300109290AD808EB880102EB410100EB37
:104EA0000108641CF2E757F8048B641C20786C2816
:104EB0000DD004DC4C2812D06A2811D104E07428EB
:104EC0000DD07A280CD10AE045F4001507E061788E
:104ED00045F48015814202D1641C05F58015641CDF
:104EE0002078692844D008DC0028B3D0582867D03F
:104EF00063280FD0642808D13AE0702865D0732861
:104F000012D075285AD078285AD05A460F9990470F
:104F1000761CD5E017F8040B8DF8000000208DF802
:104F20000100E946012003E057F8049B4FF0FF30F1
:104F300069074FF0000501D40AE06D1C45450DDA04
:104F40008542FADB19F805100029F6D106E06D1C40
:104F50008542FCDB19F805100029F8D12E4404E045
:104F600019F8010B5A460F9990476D1EF8D2A7E029
:104F70000A200021CDE90801C5F3025002280CD017
:104F800001CFC117021E71F100020CDA0023D0EB31
:104F9000030063EB01012D2208E0FF1D27F0070746
:104FA000F7E80201EEE72A0504D52B228DF8282028
:104FB00001223CE0EA073AD02022F7E70A2000E08D
:104FC00010200021CDE9080107E01020002145F064
:104FD0000405CDE908014FF00808C5F30250022886
:104FE00010D001CF00214FF0000A2A0720D52278E7
:104FF000702A0DD0DDE908C38CF0100C5CEA030CBC
:105000000CD015E0FF1D27F00707F7E80201EAE7DB
:1050100040228DF828204FF0010A0CE050EA0103ED
:1050200006D030238DF828308DF8292002229246B0
:105030002278582A04D024A20DF120090B9209E00D
:1050400026A2F9E7DDE90823FAF720F90B9B9B5C20
:1050500009F8013D50EA0102F4D1ADEB090020301E
:105060000890680701D44FF001080899884503DDCE
:105070000898A8EB000000E000208046002506E02C
:105080000AA85A46405D0F9990476D1C761C5545FD
:10509000F6DB04E030205A460F999047761CB8F1B1
:1050A0000001A8F10108F5DC05E019F8010B5A46EA
:1050B0000F999047761C0899481E08900029F4DC47
:1050C000641CC4E6092801003031323334353637E8
:1050D0003839616263646566000000003031323344
:1050E00034353637383941424344454600000000E4
:1050F0002DE9F04781460D469046B9F1000F01D0E9
:10510000BDE8F08748F07B404FF08041FAF7E7F9BF
:105110002846FAF72AF90646711F695C0A06311F0C
:10512000695C42EA0142F11E695C42EA0121B21E59
:10513000AA5C41EA02004FF08041FAF7D0F900BFC3
:1051400000BFEFF31081084672B600BF044600238B
:105150001A461946184600F0B1FD07461FB94146E8
:10516000284600F019FE00BF00BF84F3108800BF7E
:1051700000BF002F0CD100BF00BFEFF3038000F091
:105180001F0008B1012000E0002008B907F064FC0E
:1051900000BFB5E710B505F069FF064800780128A3
:1051A00005D105480078022801D10249087005F0B0
:1051B00067FF10BD3A0A0020390A002030B591B0CF
:1051C0001546044644220B496846FAF790F84222F5
:1051D00069462046FAF78BF804F8025F257284F8D6
:1051E00020506D1C84F8215084F82B5011B04220BF
:1051F00030BD00009CE3010210B504460B4620467A
:1052000000F041F89878002141EA400059780843BD
:10521000D97840EAC100197940EA0120597940EA79
:105220008100997C40EA0140D97C40EA011020616C
:1052300098790006D97940EA81511889401EC0F357
:10524000080041EA00305989491EC1F308010843AA
:10525000197B40EA4170597B40EA8170597C40EAF1
:10526000C1702062D97B204600F04BF8197C2046A3
:1052700000F036F81978204600F03BF8997B20467C
:1052800000F014F810BD00B50246106B40F00100AC
:10529000106300BF106B00F001000028FAD1104627
:1052A00000F013F8104600F005F800BD826B0A43C9
:1052B00082637047016B41F00201016300BF016B23
:1052C000C1F340010029FAD17047016B41F004019C
:1052D000016300BF016BC1F380010029FAD170475F
:1052E000026B22F47F420263026B42EA01220263F4
:1052F0007047026C22F0FF020264026C0A430264EF
:105300007047026B22F47F020263026B42EA0142A1
:105310000263704770B50B461446DE00B6FBF4F22C
:10532000D109A2EBC112561C75084162B1F5803F4C
:1053300000D201B970BD4FF6FF76B14202D100260E
:10534000866201E0521A8562C66AC66200BFF1E752
:1053500001468869C0F30010704701468869C0F3B0
:1053600040107047816B21F0100181637047816BA1
:1053700041F0100181637047816B41F0200181632E
:1053800070470146886B704770B505460C46164657
:10539000002028636864A86368606862A862E862A5
:1053A0002846D4E90312FFF7B5FF6078C0F3800008
:1053B000C001217840EA4110A17840EA0110E1786B
:1053C00040EAC100617801F0030140EA4100E8626F
:1053D000A07A617A40EA01206863AE6320794002D6
:1053E000617940EA0120A1790843E17940EAC130BE
:1053F000217A40EA8130286370BD016B21F0010100
:1054000001637047016B41F001010163704738B5DA
:1054100004462046FFF7A6FF2046FFF7EEFF03E015
:105420002068009000BF00BF2046FFF791FF0128D1
:10543000F6D1204606F02AFA204606F02CFA20463D
:10544000FFF7E0FF2046FFF792FF38BD7047704737
:1054500002460020704770477047000010B50020DA
:1054600007490860FF224FF400610548001DF9F765
:105470005EFF044902480268001D40F8221010BD7A
:10548000503400203936353470B504460225207872
:1054900006286AD2DFE800F02D4403181F26217881
:1054A00041F07041227941EA0222617942EA0140E9
:1054B0000121FAF714F806F0D1FE2E48006810B169
:1054C0002C480068804751E02B48006810B12A48FA
:1054D000006880474AE02948006810B12748006802
:1054E000804743E02648006810B12548006880479F
:1054F0003CE0217841F07041227941EA0222617951
:1055000042EA01400121F9F7EAFFFEF7E1FF064612
:105510001C48006818B11B4801680220884725E034
:10552000227842F07042237942EA0323627943EA07
:1055300002402379012202FA03F1F9F7D0FF207922
:10554000104951F8200078B16079012806D12079FE
:105550000A4652F820100820884705E02079094AB9
:1055600052F820100420884700E000BF00BF284602
:1055700070BD0000D8E10102E8E10102DCE10102B6
:10558000E0E10102F0E1010210B586B04FF4200025
:10559000FBF7ABFCFBF732FF2349B0FBF1F084B221
:1055A0002046FBF7B9FF11211020FBF705FB032173
:1055B0001020FBF775FB03211120FBF771FB012184
:1055C0000846FBF7C9FF18211848F9F7B7FE142160
:1055D00001A8F9F7B3FE082001901548059001A82D
:1055E000FFF7D4F8FFF73AFF1F20002807DB00F091
:1055F0001F02012191400F4A430942F8231000BFC6
:105600001F2000280DDB00BF00BF00F01F0201219A
:1056100091404209920002F1E022C2F8001100BF5D
:1056200000BF00BF06B010BD006CDC02543C00207F
:105630008954010280E200E010B528220F49104889
:10564000F9F755FE07F0C2FA0E4807F0B9FA07F06D
:10565000A1F80D4908604FF400700C490860012062
:105660000B4908600848006808490968B0FBF1F078
:105670000849086008480949086010BD1CD50102A6
:10568000A427002021650102240A0020280A002006
:105690002C0A0020300A0020A4250020340A002013
:1056A00030B587B015460446182208A16846F9F7B8
:1056B0001EFE172269462046F9F719FE0948A57013
:1056C00080F8AE5007B0172030BD0000090400007C
:1056D00002FF0000080705050240000007058502DB
:1056E00040000000600C002010B50246002001E0E0
:1056F00010CA20440B1EA1F10101F9D110BD000018
:1057000010B594210148FFF7EFFF10BD0010000213
:1057100070B504460D4600BF0548FFF71EFE012880
:10572000FAD021780248FCF725F8002070BD00006F
:105730000010014010B590B00024FCF79DF804461D
:10574000402C00D9402424B1A1B2684606F0D0F81C
:1057500004463CB121466846FCF7C6F810B101206A
:1057600002F072F906F02EFA0446402C00D94024CB
:1057700024B121466846FCF78FF804463CB1A1B23B
:10578000684606F0B3F910B1012002F05DF902F0AD
:1057900079F910B010BD0000044800780449097878
:1057A000884201D0012070470020FCE7390A002020
:1057B0003A0A002070B5054600BF00BFEFF3108124
:1057C000084672B600BF0446284600F00BF8A968E8
:1057D000081A461E204600BF80F3108800BF00BF95
:1057E000304670BD30B5014600BF00BFEFF31084F6
:1057F000234672B600BF1A46D1E90043A34203D341
:10580000D1E90043181B04E0D1E9013423440C68BA
:10581000181B00BF00BF82F3108800BF00BF30BD5F
:1058200070B50B46144600BF00BFEFF31085294644
:1058300072B600BF0A46C360846000210160416007
:10584000114600BF81F3108800BF00BF70BD00008B
:1058500070B5044600BF00BFEFF31081084672B672
:1058600000BF0546D4E90012914201D0012100E0B9
:1058700000210846462211A1FFF73AFC2168E068A2
:10588000465C2068401C2060A168206888420DD3D7
:10589000A2682168914201D1012100E0002108465F
:1058A0004B2206A1FFF724FC0020206000BF00BFB0
:1058B00085F3108800BF00BF304670BD2E2E5C2ED1
:1058C0002E5C2E2E5C736F757263655C6461706C08
:1058D000696E6B5C636972635F6275662E6300005C
:1058E00070B504460E4600BF00BFEFF310810846B6
:1058F00072B600BF05466168E06846546068401CA7
:105900006060D4E9010188420DD3D4E901129142CB
:1059100001D1012100E00021084630220BA1FFF750
:10592000E7FB00206060D4E90012914201D0012120
:1059300000E000210846352204A1FFF7D9FB00BF93
:1059400000BF85F3108800BF00BF70BD2E2E5C2EF7
:105950002E5C2E2E5C736F757263655C6461706C77
:10596000696E6B5C636972635F6275662E630000CB
:105970002DE9F04180460E4617464046FFF732FFBC
:105980000546AF4201D2384600E0284605460024CD
:1059900004E04046FFF75CFF3055641CAC42F8D38E
:1059A0002846BDE8F0812DE9F04180460E461746B5
:1059B0004046FFF7FFFE0546AF4201D2384600E001
:1059C00028460546002404E0315D4046FFF788FF85
:1059D000641CAC42F8D32846BDE8F08110B54FF402
:1059E000805205490548FFF71BFF4FF480520449D8
:1059F0000448FFF715FF10BD1446002004460020A0
:105A0000245600201456002070B5054600F028FEEC
:105A10000446204670BD70B5054600F021FE0446E0
:105A2000204670BD01460648B0F80B00054B1B68C8
:105A3000B3FBF0F2881E024B5B7B00FB0320704738
:105A400010280020640A002038B53048FBF74DFAD2
:105A50007F220B210120FBF7E5F816210C20FBF734
:105A600043F900211320FBF73FF900211320FAF737
:105A7000B9FE00211320FAF7FFFE00211420FBF7E6
:105A800033F900211420FAF7ADFE00211420FAF7B3
:105A9000F3FE01210B20FAF739FF002001231A46FB
:105AA000014600904FF04020FBF751FE00214FF0DF
:105AB0004020FBF719FE1121B0FBF1F42246002132
:105AC0004FF04020FBF750FE0F2200214FF0402006
:105AD000FBF72FFE002001231A46014600900C48D8
:105AE000FBF735FE00210A48FBF7FEFD42F210717C
:105AF000B0FBF1F4224600210548FBF735FE0F22EA
:105B000000210348FBF715FE38BD00001B002200F2
:105B1000003000400348807908B101207047002020
:105B2000FCE700001A6F00200348C07908B101208B
:105B300070470020FCE700001A6F00200348407AFD
:105B400008B1012070470020FCE700001A6F002018
:105B50000348007A08B1012070470020FCE70000EC
:105B60001A6F002070B58E212D48F9F7E7FB8E24BF
:105B70002C4800682C4988421BD12A4880888E28EE
:105B800002D22848808800E08E200546254880887B
:105B90008E2802D92348808800E08E2004462A46B9
:105BA00020491F48F9F7A3FB00211D4880F8471042
:105BB00000BF8E211B48F9F7C1FB1B48194908603B
:105BC0008C8041221649C91D1648C01DF9F78FFB6C
:105BD0001348B0F848001349A1F84800104890F85D
:105BE0004A0081F84A000E4890F84B0081F84B00BB
:105BF0000B4890F84B00820009494C3109484C3061
:105C0000F9F775FB064890F88C00064981F88C007E
:105C1000034890F88D0081F88D0000F00BF970BDFD
:105C20008C6E002000DF0020646C766B10B50A21BA
:105C30000A4801F0D1F808B9012010BD07480068F2
:105C40000749884201D00120F7E7044880880A28E4
:105C500001D20120F1E70020EFE70000007003020D
:105C6000646C766B01460C4890F84B00102801DB01
:105C700000207047084890F84B2090F84B00401CDB
:105C8000054B83F84B0003F14C0000EB82000160F0
:105C9000184690F84B00ECE700DF002010B54121DA
:105CA0000548F9F74BFB00200349C91FA1F848003C
:105CB00081F84B0010BD000007DF00202DE9F04700
:105CC00080460E4614461D461D48F9F74EFB00F16E
:105CD000010AB8F1000F03D031464046F9F72EFB18
:105CE0000CB1002020800DB1002028701448C01F86
:105CF000C07910B90020BDE8F087B24503D8DFF8BD
:105D00004090574605E0AAEB06010D4801EB00095B
:105D10003746B8F1000F04D00948C01FB0F848005A
:105D2000208024B13A4649464046F9F7E0FA25B1C9
:105D30000348C01F90F84A0028700120DBE70000EC
:105D400007DF0020014890F88C00704700DF00203A
:105D50000146064890F84B0008B900207047034AF6
:105D60004C320A60014890F84B00F7E700DF002052
:105D70000348807908B1012070470020FCE700004B
:105D800000DF0020034890F88D0008B10120704723
:105D90000020FCE700DF00202DE9F047054689469A
:105DA0002846F9F7E2FA461C4FF04108412117480E
:105DB000F9F7C4FA464502D82F46344603E0A6EB6D
:105DC000080047194446224639461048F9F78FFA29
:105DD0000E48C01FA0F8489000BF002028B1012045
:105DE0000A49C91F81F84A000DE000BF012028B10F
:105DF00002200649C91F81F84A0004E00020034937
:105E0000C91F81F84A00BDE8F087000007DF0020C5
:105E1000014981F88C00704700DF0020014988713A
:105E20007047000000DF0020014981F88D007047B5
:105E300000DF002010B5002211461046FAF73FFDA2
:105E4000164817490A6802604A6842600989018158
:105E50000A21144800F0C0FF98B1124800681249A6
:105E600088420ED10F4880880A2802D20D488088C7
:105E700000E00A20044622460A490848F9F737FAA2
:105E800000BF0948054908600A208880FFF7CEFE58
:105E900010B1024802F03CFB10BD00001A6F002058
:105EA00008E4010200700302646C766B10B50446CE
:105EB0000248847102F02CFB10BD00001A6F002014
:105EC00010B504460248C47102F022FB10BD000068
:105ED0001A6F002010B504460248447202F018FB05
:105EE00010BD00001A6F002010B50446024804726D
:105EF00002F00EFB10BD00001A6F002030B585B017
:105F000005460C4603208DF8000000208DF80100A6
:105F100001208DF8020000208DF8030001208DF88B
:105F200004008DF805008DF8060000208DF80700AC
:105F30008DF8080001208DF809008DF80A000395FE
:105F40000494002269460248FFF71EFA05B030BDEE
:105F500000100140F0B591B007460E46154616E018
:105F6000002408E0304602F0CFFD01A941F82400EA
:105F7000641C6D1E361D002D01DD102CF2D3A20015
:105F800001A9384607F0FEF807EB840700BF002D93
:105F9000E6DC11B0F0BD00002DE9F04706460F46E3
:105FA0004FF0FF34B146002519E019F8050008212B
:105FB00002F0AAFE84EA00644FF008080BE004F047
:105FC000004018B10A4880EA440400E06400A8F1E7
:105FD000010000F0FF08B8F1000FF0DC6D1CBD42BD
:105FE000E3DB2021204602F08FFEC043BDE8F087AE
:105FF000B71DC1042DE9F04706460F469046F04311
:10600000202102F081FE0446BA46002519E01AF864
:106010000500082102F078FE84EA00644FF00809C8
:106020000BE004F0004018B10A4880EA440400E0A4
:106030006400A9F1010000F0FF09B9F1000FF0DCE4
:106040006D1C4545E3DB2021204602F05DFEC04388
:10605000BDE8F087B71DC1042DE9F04107460E46A3
:106060001546FF2D08D840F2DD120CA10020FFF7E5
:106070003FF80220BDE8F081384600F027FE0446D4
:106080000CB11020F6E732462946384601F0C6F832
:1060900004460CB12020EDE70020EBE72E2E5C2E0D
:1060A0002E5C2E2E5C736F757263655C6461706C20
:1060B000696E6B5C647261672D6E2D64726F705CCB
:1060C0006961705F666C6173685F696E74662E6388
:1060D0000000000070B504460D4600231A4629460C
:1060E000204600F0FFFA08B1012070BD0020FCE757
:1060F00070B504460D46204606F01CFA012800D172
:1061000070BD0020FCE700002DE9F041184D194E4C
:1061100019480078012808D040F2371217A1002052
:10612000FEF7E6FF0220BDE8F0812248007848B182
:1061300040F23D1211A10020FEF7DAFF02200E49C5
:106140000870F0E72C460BE0204600F041F80746C7
:1061500027B10220084908702220E4E704F58054A2
:10616000B442F1D30120134908700020DBE700009E
:106170000020000200F00002F00900202E2E5C2E0C
:106180002E5C2E2E5C736F757263655C6461706C3F
:10619000696E6B5C647261672D6E2D64726F705CEA
:1061A0006961705F666C6173685F696E74662E63A7
:1061B00000000000F209002038B504464FF0FF301F
:1061C000009004226946204602F0C4F938BD000060
:1061D0002DE9F04104462D480078012807D0FF2220
:1061E0002BA10020FEF784FF0220BDE8F0812046AD
:1061F00000F070F80646B4FBF6F006FB104048B11C
:1062000040F2071222A10020FEF772FF02201F4970
:106210000870EAE72C48007880B12C4800682C49C7
:1062200009680844A04209D04FF4877218A10020E1
:10623000FEF75EFF022015490870D6E7204603F0FE
:106240005BFC20B90220114908702120CDE7012014
:106250001D4908701D4804601D480660204601F075
:106260004DFB0546262D05D015B1022007490870C3
:106270002846BAE7204600F029FD074627B102204C
:10628000024908702120B0E70020AEE7F0090020A5
:106290002E2E5C2E2E5C2E2E5C736F757263655CE9
:1062A0006461706C696E6B5C647261672D6E2D64E5
:1062B000726F705C6961705F666C6173685F696E54
:1062C00074662E6300000000F3090020F40900202A
:1062D000F809002001464FF48050704710B5064978
:1062E00009680868804704490968086980470249C5
:1062F00009684868804710BDC4D4010270B50446DF
:106300000025282C02DA064850F824502DB9F7222F
:1063100004A10020FEF7ECFE0AA5284670BD00008F
:10632000F4D301022E2E5C2E2E5C2E2E5C736F7524
:106330007263655C6461706C696E6B5C6572726FD0
:10634000722E63000000000001460120282901DAB6
:10635000014A505C70470000060900202DE9F04713
:1063600004460F46A04600BF00E0641C2078402889
:1063700002D020780028F8D12078402878D16078A1
:1063800062282ED012DC522845D008DC422829D0C1
:10639000442836D048282AD04D2847D118E0542820
:1063A0002AD0552819D0562840D12FE0722831D054
:1063B00006DC642824D0682818D06D2836D106E081
:1063C000742818D0752807D076282FD11DE000BF7B
:1063D00001F024F981462CE000BF01F027F9814645
:1063E00027E000BF01F0F4F8814622E000BF01F091
:1063F00011F981461DE000BF01F014F9814618E053
:1064000000BF01F003F9814613E000BF01F016F967
:1064100081460EE000BF00BF1A4890F82A0010B174
:1064200018482A3000E018A0814602E00FF29409D3
:1064300000BF00BF2046F8F798FF06464846F8F729
:1064400094FF054660193044801E08EB070188421E
:106450000BD2B21E6019A11CF8F749FF2A46494623
:106460002046F8F744FF02E002E0344404E000BFB5
:10647000207800287FF478AF00BFA4EB0800BDE8C7
:10648000F08700005CD3010268747470733A2F2F98
:106490006D6265642E6F72672F6465766963652F20
:1064A0003F636F64653D40553F76657273696F6EFB
:1064B0003D40563F7461726765745F69643D405446
:1064C000000000004552524F520000002DE9F043F9
:1064D000A3B006460F46904699462A9C802103A801
:1064E000F8F72CFF002003E0215C03AA1154401CA4
:1064F0007F2802D2215C0029F6D1802103A8FFF772
:106500002DFF054603A84B4642463946CDE9000516
:10651000304605F005FF23B0BDE8F083704700006A
:106520002DE9F04707460C4615461E4633462A46D7
:106530002146384606F008FC244890F8200003283D
:1065400001D1BDE8F087022C16D120480068A8428E
:1065500012D1304606F008F98246304606F008F9B6
:106560008146384603F0CCFD8046434652464946B4
:10657000284605F037F800BFF4B9384603F0C0FDEF
:10658000032818D0304606F0EBF800F0020090B96E
:10659000384603F0B5FD8046304606F0E5F8814602
:1065A000304606F0E5F8824643464A4651462846BC
:1065B00005F018F800BF00BF012C05D103480068A2
:1065C000A84201D104F0F4FF00BFBAE7A4270020DD
:1065D0003FB501460EA539CD8DE83900612904DBB0
:1065E0007A2902DC002004B030BD202903DA052915
:1065F00001D00020F7E7002206E01DF802008842E3
:1066000001D10020EFE7521C102AF6D30120EAE75F
:10661000222A2B2C2E2F3A3B3C3D3E3F5B5C5D7C7F
:1066200038B505460DA000680090002407E01DF86D
:1066300004002978884201D1002038BD641C032C55
:10664000F5D3002406E0285DFFF7C2FF08B900205B
:10665000F3E7641C0B2CF6D30120EEE7E5002000E5
:1066600070B500240F480578007838B94FF4B87237
:106670000DA10020FEF73CFD022070BD002009495D
:1066800008701648007810B100F016FD0446022D7F
:1066900005D013480078032801D004B925242046EA
:1066A000EBE70000BC0900202E2E5C2E2E5C2E2E67
:1066B0005C736F757263655C6461706C696E6B5C52
:1066C000647261672D6E2D64726F705C666C6173AD
:1066D000685F6465636F6465722E6300CC09002097
:1066E000BD090020FEB505460E4617461C46302E55
:1066F00001D3012100E0002108464C2217A1FEF73A
:10670000F7FC286A0090686A0190A86A029014B9A0
:1067100000201F4908701F49019888420ED11E4968
:106720000098884201D10220FEBD1B49FC39009827
:10673000884201D10120F7E70020F5E7284605F05F
:1067400087FE28B114B90120114908700320EBE736
:106750000CB10320E8E70020E6E700002E2E5C2EB7
:106760002E5C2E2E5C736F757263655C6461706C59
:10677000696E6B5C647261672D6E2D64726F705C04
:10678000666C6173685F6465636F6465722E630035
:10679000CE090020229996978F9E939B2DE9F05F5A
:1067A00004460D4616461F46DDF828804FF00009C6
:1067B000CB4617B1B8F1000F07D1762241A10020D6
:1067C000FEF796FC0220BDE8F09F00203860C8F874
:1067D00000008246834600BF00BF00B3022C0CD1EC
:1067E0002EB14548854202D04FF01B094EE0DFF83C
:1067F00008A14248D0F800B048E0032C0CD12EB1DB
:106800003D48854202D04FF01B093FE0DFF8E8A089
:106810003A48D0F800B039E04FF01C0936E000BF2C
:10682000012080B3012C0CD12EB13548854202D015
:106830004FF01A092AE0DFF8C8A03048D0F800B0BD
:1068400024E0032C1CD12F480069B0B12D490969FF
:1068500001F10C0006E08168012902D1D0F800A006
:1068600006E0143001680029F5D141680029F2D111
:1068700000BF2549D1F800B008E04FF01C0905E041
:106880004FF01C0902E0FFE74FF01C09FFF74CF93D
:1068900018B9012C01D14FF01C09B9F1000F01D03A
:1068A000484690E7BBF1000F06D1BD2205A10020AC
:1068B000FEF71EFC022086E7C7F800A0C8F800B06B
:1068C000484680E72E2E5C2E2E5C2E2E5C736F7554
:1068D0007263655C6461706C696E6B5C6472616745
:1068E0002D6E2D64726F705C666C6173685F646599
:1068F000636F6465722E630000F000020CD5010224
:10690000002000025CD30102C4D4010230B503466A
:106910000D4600241C480078012804D0022804D029
:10692000032826D103E0194C25E0194C23E019482F
:106930000078D8B118480069C0B11748006900F163
:106940000C0108E00868984204D84868984201D3CE
:106950004C6806E0143108680028F3D14868002824
:10696000F0D100BF0CB9002030BD01E00020FBE7F2
:1069700001E00020F8E700BF9818A04201D30120F1
:10698000F2E70020F0E70000BD09002000F000025F
:1069900000700302CE0900205CD3010210B510483C
:1069A000007830B1DF220FA10020FEF7A1FB02200A
:1069B00010BDFF2230211848F8F7B9FC0120084922
:1069C00008700020154908701549086015490860CD
:1069D00015490860154908701549087000BFE7E7B8
:1069E000BC0900202E2E5C2E2E5C2E2E5C736F7543
:1069F0007263655C6461706C696E6B5C6472616724
:106A00002D6E2D64726F705C666C6173685F646577
:106A1000636F6465722E63004C110020BD09002075
:106A2000C0090020C4090020C8090020CC090020AA
:106A3000CD0900202DE9F04104460D4616460027F9
:106A400000BF012060B1032C0AD10748006938B1AA
:106A500031462846FEF7FCFC08B11D2700E0002760
:106A60003846BDE8F08100005CD301022DE9FE4FFD
:106A70000646884617466B480078012807D0F4225E
:106A800069A10020FEF734FB0220BDE8FE8F7348A9
:106A9000007838B9724806600068724908600120C1
:106AA0006E49087070480078002874D181466D489E
:106AB0000068864201D1012000E00020824669483A
:106AC0000068384467490860BAF1000F39D0674858
:106AD0000068C0F13000B84201D9384603E063488D
:106AE0000068C0F1300005466149604A12688818A4
:106AF0002A464146F8F7FBFB5C48006828445B499E
:106B00000860A8447F1B2E440846006830281DD327
:106B10000968302901D1012100E0002108464FF425
:106B20008B7241A1FEF7E4FA01234D4802684F48F9
:106B300001684F48FFF7D6FD4E4908704FF0010934
:106B400004E003204B4908704FF00109B9F1000F30
:106B500039D002A801AB01220090414801684548A4
:106B60000078FFF71BFE044624B103202D4908706E
:106B700020468AE7FEF7E2FF70B13C483C490268D4
:106B80003C480078FFF756FF04462CB10320254906
:106B90000870204679E728E03349097881F0010040
:106BA00040F2391220A1FEF7A3FA029800F0FEF994
:106BB000044624B103201B490870204665E70120E4
:106BC0002949087000BF2848007868B1274828493B
:106BD00002682348006800F013F9044624B103203A
:106BE00010490870204650E700BF1F48007858B190
:106BF0003A464146304600F003F9044624B10320EA
:106C000008490870204640E73A4641463046FFF7BB
:106C10007DFE20B1022003490870132035E70020D3
:106C200033E70000BC0900202E2E5C2E2E5C2E2E99
:106C30005C736F757263655C6461706C696E6B5CCC
:106C4000647261672D6E2D64726F705C666C617327
:106C5000685F6465636F6465722E6300CD09002010
:106C6000C4090020C8090020CC090020C009002068
:106C70004C110020BD0900202DE9F04105460E46CB
:106C8000FEF71FF8804672B640F2C970804740F6A2
:106C90004D0080470446274644F27C008443B003FD
:106CA00040EA8500204384B2A74203D0204640F644
:106CB0000131884740F25160804740F60D0080471F
:106CC000B8F1000F00D162B6BDE8F08170B505469D
:106CD0004FF0FF3600BF00BFEFF31081084672B6D9
:106CE00000BF04462846F9F754FD0646204600BF7B
:106CF00080F3108800BF00BF304670BD3EB504462B
:106D00001C4805681C480078A04231D01A48007819
:106D1000A0B195F8380000F0020000B174B900206D
:106D2000009001900290696803461348027805F1CB
:106D3000180003F093FA08B90C203EBDB4B195F8E1
:106D4000380000F0020010B10B48007870B9002044
:106D5000CDE900400290296803460848026805F121
:106D6000180003F07BFA08B90B20E6E7024804702C
:106D70000020E2E784090020810900208C0900201E
:106D800010B500F001FA08B9014810BD0020FCE779
:106D900000100002014609B900207047486808B990
:106DA0000020FAE7886808B90020F6E7C86808B943
:106DB0000020F2E7086908B90020EEE7486908B941
:106DC0000020EAE7886908B90020E6E7C86908B941
:106DD0000020E2E70120E0E702465018431E074882
:106DE000824209D3B2F1027F06D2834204D3B3F1C7
:106DF000027F01D2012070470020FCE70020000242
:106E00002DE9F04704468946174600255148007889
:106E1000012807D0802250A10020FEF769F9022046
:106E2000BDE8F0875948007870B9204602F068FF45
:106E3000054625B10220474908702846F0E70120A1
:106E4000524908705248046052480068B4FBF0F19F
:106E500000FB1140201A4E4909684E4A1268B1FBE6
:106E6000F2F302FB13114A4A1268511A884209D000
:106E7000204600F011FA054625B102203549087078
:106E80002846CDE744480068B4FBF0F100FB114010
:106E9000201A3F490968404A1268B1FBF2F302FB2D
:106EA00013113B4A1268511A884209D0204602F059
:106EB00027FF054625B10220264908702846AFE77E
:106EC00041E036480068334909680844A04209D8BF
:106ED000204600F0E1F9054625B102201D49087061
:106EE00028469DE707B92FE02D4800682A49096820
:106EF0000844A04209D8204602F002FF054625B109
:106F000002201449087028468AE724480068A4EB48
:106F1000000820480068A0EB080A574501D238460F
:106F200000E0504606461F4901EB0800324649463C
:106F3000F8F7DDF90EB9012000E000201A490870C9
:106F40003444B144BF1BBCE700BF1148046028466D
:106F500066E70000EC0900202E2E5C2E2E5C2E2E03
:106F60005C736F757263655C6461706C696E6B5C99
:106F7000647261672D6E2D64726F705C666C6173F4
:106F8000685F6D616E616765722E6300D1090020D4
:106F9000E4090020D8090020E0090020D4090020DD
:106FA000DC0900207C110020D009002070B50546C6
:106FB0002448007830B14C2223A10020FEF798F835
:106FC000022070BD2846FFF7E5FE30B952221EA10F
:106FD0000020FEF78DF80220F3E7FF224FF48061D6
:106FE0002648F8F7A4F90120254908700020254912
:106FF0000870254908602549086025490860254929
:107000000860254908602548056001460968086848
:10701000804704460CB12046D3E72148007858B990
:107020001E4909680869804704462CB11B49096854
:10703000486880472046C4E701200249087020467E
:10704000BFE70000EC0900202E2E5C2E2E5C2E2EB9
:107050005C736F757263655C6461706C696E6B5CA8
:10706000647261672D6E2D64726F705C666C617303
:10707000685F6D616E616765722E63007C11002030
:10708000D0090020D1090020D4090020D80900200F
:10709000DC090020E0090020E4090020E8090020C4
:1070A000D209002010B504462046FEF7BDFE014877
:1070B000047010BDD209002070B500251B4800786F
:1070C00030B9D1221AA10020FEF712F8022070BDBB
:1070D00016480078012803D1002000F0DDF80546AD
:1070E00020490968486880470446FF224FF48061C0
:1070F0001D48F8F71CF901201C49087000201C49A4
:1071000008701C4908601C4908601C4908601C493B
:1071100008601C490860054908700CB12046D6E794
:107120000DB12846D3E70020D1E70000EC0900208C
:107130002E2E5C2E2E5C2E2E5C736F757263655C3A
:107140006461706C696E6B5C647261672D6E2D6436
:10715000726F705C666C6173685F6D616E616765AC
:10716000722E6300E80900207C110020D009002065
:10717000D1090020D4090020D8090020DC09002012
:10718000E0090020E40900201CB500F007FC08B16C
:1071900000201CBD4FF4805001F0B6FC04461B4893
:1071A000844201D00120F4E741F2040001F0ACFC7C
:1071B00004461748844201D00220EAE7694601A844
:1071C00000F04AF800210846FFF756FD1148FEF787
:1071D000F3FF1E224FF480510E48FEF7BBFE24221F
:1071E0004FF488510B487830FEF7B4FE53224FF429
:1071F00000510948FEF7AEFE06F020F89DF8001099
:107200009DF80400FFF738FD0020C2E743474E49D0
:107210005350494800100002081100022DE9F041C6
:1072200005460E4617464FF0FF3800BF00BFEFF38C
:107230001081084672B600BF04463A4631462846D9
:10724000F9F7DAFD8046204600BF80F3108800BFC2
:1072500000BF4046BDE8F0812DE9F04104460D46EF
:10726000FDF72FFD074672B640F2C970804740F621
:107270004D0080470646C6F3803028701F2000EA84
:10728000A600207040F25160804740F60D00804714
:1072900007B962B6BDE8F08170B504460025104814
:1072A000007860B90F48006883680F480F4902688A
:1072B0000F48006898470546012009490870FF22D9
:1072C000094801680948F8F732F807480068B4FB34
:1072D000F0F100FB1140201A05490860284670BDF6
:1072E000D0090020E8090020D80900207C110020E6
:1072F000D409002013B50C4600216846FEF708FAB1
:1073000000981CBD0748006948B106480069D0F8DC
:107310009C0120B103480069D0F89C0170470148E6
:10732000001DFBE75CD301020748006948B106482D
:107330000069B0F8A00120B103480069B0F8A001CD
:10734000704701484088FBE75CD3010210B5044652
:10735000002211461046A04710BD00000246144806
:10736000006900F10C010FE0086890420BD84868F2
:10737000904208D308680F4B1860086908B1086983
:1073800070470020FCE7143108680028ECD14868F9
:107390000028E9D10848006840B107480068006843
:1073A000044B1860044800680069E9E70020E7E73B
:1073B0005CD301028C090020880900200148006884
:1073C00070470000531200020246900000F1804016
:1073D0000068C84000F00F030BB901207047184641
:1073E000FCE70246900000F180400068C840C0F30E
:1073F00009030BB9012070471846FCE702469000CC
:1074000000F180400068C84000F03F030BB9012044
:1074100070471846FCE7000010B50F48007870B9B7
:10742000F8F73AF858B10D490968C869804790B92A
:10743000002004F04FF80120074908700BE00648CF
:10744000007840B1F8F728F828B9022004F042F893
:1074500000200149087010BD68090020C4D4010251
:107460002DE9F04385B004460D4616461F46DDE97A
:107470000C890C4A07CACDE90312029049460DF166
:107480000A0004F021FF00208DF8120002A83B46FC
:1074900032462946CDE90080204602F09DFE05B027
:1074A000BDE8F083F0D501020146092902DD01F1B2
:1074B000270000E008463030C0B2704730B589B0D0
:1074C00015460446202206A16846F7F710FF202241
:1074D00069462046F7F70BFFA57009B0202030BDA4
:1074E0000904000002030000060921000100012236
:1074F0002100070581034000010705010340000149
:107500001CB56A4601A90948F9F70EF968B1009857
:10751000402805DD312206A10020FDF7E9FD04E049
:1075200040220020019904F0D5FD1CBD1C740020F0
:107530002E2E5C2E2E5C2E2E5C736F757263655C36
:107540007573625C6869645C757362645F757365AA
:10755000725F6869642E630010B5002015490860E9
:1075600015490860154908604CF6FC711448FFF78E
:1075700033FC30B14CF6FC711148FEF70DFD0D499E
:10758000086010491048FFF727FC28B10D490E4844
:10759000FEF702FD084908604FF492210B48FFF7FF
:1075A0001BFC30B14FF492210848FEF7F5FC03496B
:1075B000086010BD34090020380900203C09002073
:1075C00000200002FC7F020000F0000200700302B5
:1075D00000487047400900200020704700B5FFF7C1
:1075E000FBFF08B9002000BD0148806AFBE70000EE
:1075F00000200002014800687047000034090020A4
:1076000001480068704700003809002000487047B2
:10761000D80F002000487047960F002000487047A0
:10762000890F002000487047B70F002000487047BE
:10763000580F002000487047E40F002000487047B2
:107640004A09002010B5054801F0B2FA02F0A8FA84
:1076500002F03AFC02F00CFC10BD0000380F0020D4
:1076600070B501251948007830B1622218A10020B8
:10767000FDF73EFD022070BD0DB92420FBE700227E
:1076800011461046F9F71BF904460CB11E20F2E72B
:1076900000201D4908701D4908701D4908701D49CA
:1076A00008601D4908601D4908701D4908601D4992
:1076B00008601D4908604FF480511C48F7F73EFEF2
:1076C0000120024908700020D5E70000F0090020E1
:1076D0002E2E5C2E2E5C2E2E5C736F757263655C95
:1076E0006461706C696E6B5C647261672D6E2D6491
:1076F000726F705C6961705F666C6173685F696E00
:1077000074662E6300000000F1090020F2090020D9
:10771000F3090020F4090020F8090020FC090020EA
:10772000000A0020040A0020080A00207C1500201E
:1077300010B51449096801B110BD0024FFF7F4FD2C
:1077400011E0114951F8241059B10F4951F8241092
:107750000988814205D10C4951F82410094A116069
:1077600007E0611CCCB2084951F82410491C0029DB
:10777000E7D100BF0349096811B90449014A116002
:1077800000BFD9E7680E0020180E002020E4010297
:1077900010B50346002000BF05E0C40021FA04F440
:1077A0001C54441CE0B29042F7DB10BD2DE9FC5F95
:1077B00004460D461746DFF8F4803D4E3D480078FC
:1077C000012808D040F279123BA10020FDF790FC7F
:1077D0000220BDE8FC9F444501D3B44201D32320DD
:1077E000F7E700BF012008B92620F2E7301B001F91
:1077F000B84201D9384601E0301B001F01902946EC
:107800003B48019A0068FEF7F5FB3949086044459A
:107810000ED308F5805084420AD2A4EB08093549FA
:1078200001EB09003A462946F7F761FD0020D0E751
:10783000E019B04238D1A6EB0409A9F10400295C93
:10784000401C285C41EA0021A9F10200285C41EAC1
:107850000041A9F10100285C41EA00600090244841
:1078600001680098814201D02720B2E72A463946B4
:107870002046FFF7D3FC8346BBF1000F01D0202048
:10788000A7E74FF480521B490848FEF7E5FB824604
:10789000BAF1000F01D14FF0000AFFF75DFE0120A1
:1078A00015490870504694E7262092E70020000210
:1078B00000F00002F00900202E2E5C2E2E5C2E2EF1
:1078C0005C736F757263655C6461706C696E6B5C30
:1078D000647261672D6E2D64726F705C6961705F98
:1078E000666C6173685F696E74662E6300000000E9
:1078F000080A00207C150020F10900202DE9F04144
:107900000446154E154F16480078012808D040F25D
:10791000BB1214A10020FDF7EBFB0220BDE8F081B3
:10792000B44201D3BC4201D32320F7E700BF0120BA
:1079300008B92620F2E7084884420AD1804642145A
:1079400006494046FEF788FB054605B9002528464E
:10795000E4E72620E2E700000020000200F0000239
:10796000F00900202E2E5C2E2E5C2E2E5C736F757F
:107970007263655C6461706C696E6B5C6472616794
:107980002D6E2D64726F705C6961705F666C6173DF
:10799000685F696E74662E630000000070B50B4C62
:1079A00020680B49884203D160680A49884201D0A7
:1079B000002070BDFFF702FD0546FDF7A1FE8542E0
:1079C00001D00020F5E70120F3E7000000100002DD
:1079D00043474E495350494870B504460E46701E01
:1079E000064951F8205005B970BD2146284601F0DE
:1079F00007FE01F0F3FD00BFF6E700007C6E0020FB
:107A00000B480C49086002F071F80BA0FDF718F95B
:107A1000F9F7F4FC0A49086000F00CFB002211465B
:107A2000084800F059FB00F00BFB00BFFEE7000028
:107A300000F0000208ED00E06D61696E0D0A0000C3
:107A400064090020AD7A01020121024A1170024945
:107A50000870704755090020580900200121024A8A
:107A6000117002490870704754090020570900201E
:107A70000121024A1170024908707047560900201E
:107A80005909002010B54FF400610248006800F069
:107A9000EFFA10BD5009002010B504460421024839
:107AA000006800F0E5FA10BD500900200024002510
:107AB000002600274FF00B084FF01609B9A0FDF77C
:107AC000BFF8FEF74FF800F001FBBA490860BAA012
:107AD000FDF7B6F8F7F7E5FC2846F7F7E7FC304680
:107AE000F7F7E9FC3846F7F7EBFCF8F71FFDB54967
:107AF0000988012900D100E0002108464FF4957261
:107B0000B1A1FDF7F5FAAF48C06E10B1AD49C86E2E
:107B10008047FFF70DFEB948006838B1B7480068E4
:107B2000C06818B1B5490968C8688047A548007B96
:107B300000F0020010B1012002F016FEA148007B07
:107B400000F0010010B10120FFF7ACFAFFF77AFD59
:107B5000F9F754FCAA49086004F072FBFEF7F2F84A
:107B600008B9012000E00020824604F061FF0020F7
:107B700004F05AFA0120A349087000231A46012193
:107B8000A14800F0D5FA83460321584600F0D8FA00
:107B900007E14FF0FF32002140F63F2000F084FA69
:107BA00084B204F4007038B19848007810B1012014
:107BB00000F030FAFBF760F904F0040010B1022085
:107BC00003F088FC04F0100098B1032003F082FC5D
:107BD0000020F7F77AFC002004F026FA0020F7F7DF
:107BE00065FC0020F7F767FC0020F7F769FCFDF75C
:107BF00032FC04F0200010B1032003F06BFC04F40D
:107C0000006008B1FDF796FD04F0080008B1FDF72B
:107C10001EFC04F00100002852D05A2004F038FF66
:107C200078480078062849D2DFE800F0390C381E81
:107C30004803002073490870F7F747FC002004F060
:107C4000F3F93CE0B8F1000F03D0A8F10100804641
:107C500000E0002038B9012004F0E6F9032069496A
:107C600008704FF016092AE004F0D4F930B1012071
:107C7000F7F72BFC0220634908700EE0B9F1000F02
:107C800003D0A9F10100814600E0002028B90120BD
:107C9000F7F71BFC00205B49087010E000BF04F000
:107CA000B9F918B102205749087006E0002055497B
:107CB00008704FF00B084FF0160900BF00BF00BF5F
:107CC00004F0020000286CD0FFF7A6FBFDF7BEFB16
:107CD0004F480078F8B14F480078012803D04D484C
:107CE0000078022810D1012D01D0012000E00020F1
:107CF00005466DB947480078012809D1002044495C
:107D000008704449087003E00025002040490870CD
:107D10002846F7F7CBFB40480078F8B13F48007899
:107D2000012803D03D480078022810D1012F01D04E
:107D3000012000E0002007466FB93848007801288C
:107D400009D10020344908703449087003E0002745
:107D50000020314908703846F7F7B2FB3048007808
:107D6000F8B130480078012803D02E480078022866
:107D700010D1012E01D0012000E0002006466EB98E
:107D800028480078012809D1002025490870254994
:107D9000087003E000260020214908703046F7F7FC
:107DA0008AFBF6E6636F6E66696720696E69740D1B
:107DB0000A000000500900206770696F20696E6931
:107DC000740D0A005CD301022E2E5C2E2E5C2E2E2A
:107DD0005C736F757263655C6461706C696E6B5C1B
:107DE000696E746572666163655C6D61696E5F6919
:107DF0006E746572666163652E630000680E002014
:107E0000600900205A09002075B501025B090020B5
:107E10005409002057090020560900205909002064
:107E200055090020580900200149087070470000DA
:107E30005B09002001468868401E704710B5114854
:107E4000C46B11A0FCF7FCFE0E4844640F22002115
:107E50004FF04020F9F766FC002211464FF0402019
:107E6000F9F734FC1220FCF7FBFE0648006B40F0EB
:107E70000100044908631220FCF712FF00200349A7
:107E8000087010BD00200140310D0A00290C0020AF
:107E90002DE9F041804600243848C56B456405F063
:107EA000800068B136480068401C354908600846C3
:107EB0000068052801D90020086001202F4948608A
:107EC00005F02000002831D02E48FDF78BFC044639
:107ED000042C12D9202C00D320240BE000BF27480B
:107EE000FDF73BFA0028FAD12648FDF7B1FC2349FB
:107EF0000860641E002CF1D118E0002022490870AF
:107F00001E48806B20F020001C49886300260BE08F
:107F100000BF1A48FDF721FA0028FAD11948FDF7E9
:107F200097FC16490860761CA642F1D305F01000B4
:107F300000B31AE011480068144908711448FDF7AD
:107F400039FC0746132F05D9104801791048FDF771
:107F5000C7FC09E0132F07D1FDF7FAFD20B113226A
:107F60000CA10B48FDF71FFD00BF0448FDF7F0F919
:107F70000128DFD10020BDE8F08100000020014091
:107F80003C0C002004460020280C00202C0C002073
:107F9000145600203C4441504C696E6B3A4F766554
:107FA00072666C6F773E0A0010B51F2000280BDB4D
:107FB00000F01F0201219140054A430942F82310B5
:107FC000BFF34F8FBFF36F8F00BFFBF7ADFD10BD49
:107FD00080E100E0002101E000BF491C8142FBD3A9
:107FE000704770B50546FEF7D9FC0446204670BDC3
:107FF00070B50446254640F201112846F7F79EF970
:1080000000F09CFE00202870FEF7C8FC06463046B3
:1080100070BD000010B50446A0B2DFF808C000DF54
:10802000002010BD59900102DFF804C000DF704746
:10803000E19901020020014908607047EC0D002021
:108040000020704770B505460C46A1B22846DFF8FF
:1080500008C000DF002070BDB994010210B50446CD
:108060002046DFF808C000DF002010BDE1930102C8
:1080700070B505460C4600BF00BFEFF3038000F06B
:108080001F0008B1012000E0002020B1A0B2294665
:10809000FFF7A2FC04E0A0B22946DFF808C000DF29
:1080A000204670BDCD90010270B504460E461546BF
:1080B000A9B2A0B20022DFF80CC000DFDFF808C0D0
:1080C00000DF70BD3991010269900102DFF804C040
:1080D00000DF7047D59A01022DE9F04104460E46B3
:1080E000174600250D48006840B9F7F71DF80C4AFF
:1080F0000C492046DFF830C000DF07E000231A46B5
:108100000B212046DFF824C000DF05460348006845
:10811000401C024908602846BDE8F081EC0D0020B3
:10812000D86800200A200300199801026D9A010204
:1081300030B504460020014D2C6030BDF00D00200C
:1081400070B506460C46064804600023054A48F60A
:108150000B010548DFF814C000DF0546002070BDA4
:10816000F40D0020F86B0020ED9901026D9A0102D8
:108170000446012C04D0022C08D0032C12D10BE0B1
:10818000BB220EA10020FCF7B3FF11E0BF220BA120
:108190000020FCF7ADFF0BE0C32208A10020FCF794
:1081A000A7FF05E0C72205A10020FCF7A1FF00BF43
:1081B00000BFF9F775FA00BFFEE700002E2E5C2E17
:1081C0002E5C2E2E5C736F757263655C72746F73B8
:1081D0005C5254585F436F6E6669672E63000000FF
:1081E00000BFFEE700BF094800684FF0E02148618A
:1081F00000208861072008610548006840F07F4042
:108200000349086000BF481770470000ECE3010213
:1082100020ED00E07047704702460548824205D2D3
:108220005018044B984201D9002070470120FCE708
:108230000070030200F000022DE9FF5F8846DDE9CF
:108240000FA5044600EB08060020DDF838B02860D2
:1082500092489146007A30B120783A2840F0BA80AE
:108260008E49002008728D488D4FC079C8B18B4966
:108270000020C8713A78391D0398F7F738F8387834
:1082800003990144039129680844286083480168E0
:10829000B7F801006FF30F010843397801447F48B4
:1082A0000160B44218BF7D4F7ED020780A2818BFE5
:1082B0000D287AD03A282AD03979002900F0DF80B9
:1082C00010F0100F00F00F0008BF093000F00F028F
:1082D00073487979435C1A434254491CC9B2797195
:1082E00090F800E00EF1050081426DD300216C4B47
:1082F00008461EF1050213D013F800C0401C61446B
:10830000C0B2C9B28242F7D851B1042763E0252137
:108310006348F7F713F8002038717871B87155E0A9
:10832000B87900284DD15E4B0120B871B3F8010037
:1083300040BAA3F80100D97804297DD005DC69B1E1
:10834000012962D0022962D03BE00A2902D00D291E
:1083500004D036E0988840BA788132E0798939B122
:10836000504A1288914203D04F4A1288914248D114
:1083700039680A466FF30F021043884204D0012087
:10838000F8710227641C26E00020F8717246474904
:108390000398F6F7ACFF424801780398084403902D
:1083A00028680844286001E014E00FE03C49386880
:1083B000B1F801106FF30F00014339480078084409
:1083C00038603879002866D000203871641CB442C7
:1083D0007FF46BAF00272868FF22ABEB0001039806
:1083E000F6F7A5FF2D4829680068401ACAF8000072
:1083F000301BA8EB0000C9F8000004B03846BDE807
:10840000F09F012038720027E5E70127E3E728689D
:10841000FF22ABEB00010398F6F789FF2868396863
:10842000081ACAF80000301BA8EB0000C9F80000C9
:108430001B480179090300E007E0407941EA001098
:10844000386004B00220BDE8F09F2868FF22ABEB43
:1084500000010398F6F76BFF28683968081ACAF814
:108460000000301BA8EB0000C9F800000C48808811
:1084700040BA0004386004B00220BDE8F09F79796A
:10848000252908D210F0100F00F00F0008BF0930A6
:108490000001034A5054012097E700000C0A002015
:1084A0007C2500201A0A0020180A002080250020C0
:1084B000F0B502464FEAE27C02EB5C7C4FEAEC0549
:1084C00002F0070C802040FA0CF600274B1E01EB4F
:1084D000410000EB0110DFF834C000EB0C04605DDC
:1084E000304008B9781EF0BD0CE003EB430000EB10
:1084F0000310DFF818C000EB0C04605D304000B1E1
:108500007F1C5B1E002BF0DA3846ECE750DE0102E0
:108510007FB504460E4E3046FEF7D8FB054605B142
:108520007FBDFF2210216846F6F701FF206800900A
:10853000606801902089ADF808006A461021304635
:10854000FEF76CFE054605B1EAE700BFE8E700006C
:108550000070030270B504460D46164632462946A1
:10856000204643F69B33984770BD00002DE9F05F2D
:1085700004468A461546DFF864B159480078012858
:1085800007D0A22257A10020FCF7B2FD0220BDE8CF
:10859000F09F204600F0D2F807462046FDF79AFEED
:1085A0008046B4FBF7F007FB104040B1AB224DA171
:1085B0000020FCF79DFD022049490870E7E7BD4215
:1085C00004D3B5FBF7F007FB105040B1B22245A130
:1085D0000020FCF78DFD022041490870D7E7B4FB6D
:1085E000F8F008FB10402844404508D9B9223DA1C5
:1085F0000020FCF77DFD022039490870C7E7474895
:10860000007800281FD14648007840B9C12235A122
:108610000020FCF76DFD022031490870B7E74148A2
:108620000068844206D33F4800683F49096808440F
:10863000A04208D8C7222BA10020FCF759FD022038
:1086400027490870A3E73948007878B138480068AE
:10865000384909680844A04208D0CF2221A100204F
:10866000FCF746FD02201E49087090E72946204687
:10867000FFF7D2FD20B9022019490870202086E7B3
:1086800001202A4908702A4804602A4805602A46C1
:1086900051462046FFF78AF80646262E05D016B129
:1086A00002200F490870304671E75246294620469D
:1086B000FEF7B4FD8146B9F1000F04D0022008494D
:1086C0000870202063E76019584504D3FEF744FF83
:1086D000012019490870002059E7000000F000024D
:1086E000F00900202E2E5C2E2E5C2E2E5C736F75F2
:1086F0007263655C6461706C696E6B5C6472616707
:108700002D6E2D64726F705C6961705F666C617351
:10871000685F696E74662E6300000000F209002035
:10872000F3090020F4090020F8090020FC090020CA
:10873000000A0020040A0020F109002001464FF43D
:108740008070704770B504460E46154660194FF4A8
:108750008061B1EB402F07D240F263220AA10020D2
:10876000FCF7C6FC002070BD4FF400713046F6F7F0
:10877000E5FD34B911480068420111493046F6F769
:10878000B6FD6802EFE700002E2E5C2E2E5C2E2E2A
:108790005C736F757263655C6461706C696E6B5C51
:1087A000647261672D6E2D64726F705C766972748D
:1087B00075616C5F66732E6300000000600A002024
:1087C000D02C00202DE9F04104460D4617464FF409
:1087D000007614B10020BDE8F081324602492846F7
:1087E000F6F785FD3046F6E7102A00202DE9F04F18
:1087F00087B006460F4690464FEA462B4FEA482080
:108800000690002400200590814682461EB117B1D3
:1088100007B0BDE8F08F37480078012801D136A5B0
:1088200006E034480078022801D136A500E0002592
:1088300037A023465A4600903846069903F0A2FD19
:108840000444364836A123465A46CDE9001038463E
:10885000069901F0C1FC04443348008833A1234643
:108860005A46CDE900103846069903F0B3F904449E
:108870004DB130A023465A46CDE900053846069949
:1088800001F0AAFC044405A8FDF762FA8146B9F19B
:10889000000F2CDD059850B328A023465A460090BF
:1088A0003846069903F06EFD044419E026A207CA73
:1088B00002AB07C35046421C02F0FF0A059A52F869
:1088C000201002A803F000FD0A2002A923465A4600
:1088D000CDE900103846069903F022FD044400BF9C
:1088E000CA4504DA04F10A00B0F5007FDED3204661
:1088F0008EE700004A0A0020426F6F746C6F61645B
:10890000657200004170706C69636174696F6E001C
:108910004173736572740D0A00000000CC270020BB
:1089200046696C6500000000480A00204C696E65CD
:1089300000000000536F757263650000486578643D
:10894000756D70730D0A000000000000000000004B
:108950000D0A000070B504460D461646620271020B
:10896000284603F093F970BD2DE9F04F85B0064617
:108970000F469146700204904FEA4920039000246C
:1089800004F07EF802900298FDF7B8FC8346029846
:10899000FDF7DAFC804626B11FB1002005B0BDE826
:1089A000F08F25A02346CDE9000B3846DDE9031200
:1089B00001F012FC044422A0234600903846DDE971
:1089C000031203F0DFFC044400254FF0010A20E00D
:1089D000BAF1000F0AD102201BA12346CDE90010F5
:1089E0003846DDE9031203F09BFC044408F0010063
:1089F00060B1164850F82500234600903846DDE95E
:108A0000031203F0BFFC04444FF0000A6D1C4FEA50
:108A10006808B8F1000F01D0052DD9D302200CA1B0
:108A20002346CDE900103846DDE9031203F078FC57
:108A300004442046B2E700006572726F72000000C5
:108A4000747970653A2000002C200000DCD501020A
:108A50000D0A00002DE9F84305460E4617464FEA79
:108A600045284FEA472900241DB116B10020BDE872
:108A7000F8830E482346424649460090304603F0AC
:108A800081FC04440AA023464246494600903046F1
:108A9000FDF71CFD044407A02346424649460090CA
:108AA000304603F06FFC04442046E0E764F0010226
:108AB0004052000022293B0D0A3C2F7363726970FB
:108AC000743E0D0A3C2F626F64793E0D0A3C2F689C
:108AD000746D6C3E0D0A00002DE9F04105460C4610
:108AE0009046084E3046F6F740FC074644B115B1B3
:108AF0000020BDE8F0813A4631462046F6F7F7FB04
:108B00003846F6E790EF010270B592B00446684629
:108B1000B0F1804F05D26946204600F013F812B03C
:108B200070BD074E0120F8F7C3FC3146204600F027
:108B300009F805460020F8F7BBFC2846EFE70000DF
:108B4000000001202DE9F04105460C4648220D4960
:108B50002046F6F7CCFBFCF7B4F8064672B640F2B6
:108B6000C970804721462846F6F7D4FA074640F2F6
:108B70005160804740F60D00804706B962B638461E
:108B8000BDE8F08108DE01022DE9F04104460D4602
:108B900017464FF4007614B10020BDE8F08132464C
:108BA00002492846F6F7A3FB3046F6E710280020D6
:108BB00070B50446FEF7E4F8054645B12869206023
:108BC000E8696060A869A0606869E06005E0034842
:108BD000206000206060A060E06070BDADACABAA1A
:108BE0002DE9F04107460C4615466E0231462046F7
:108BF000F6F7A4FB3046BDE8F081000010B54FF059
:108C0000FF3430490978304A1278914201D001216D
:108C100000E0002108464FF4FF722CA1FCF768FA2F
:108C20002848007802281ED1354890F8200030B13D
:108C3000012808D0022809D003280AD100E000BF8B
:108C40004FF4FA740EE044F620640BE04FF4FA742B
:108C500008E04FF404721DA10020FCF749FA4FF41C
:108C6000FA7400BF1BE01748007828B9164800784E
:108C7000022801D1002412E012480078012806D110
:108C800011480078022802D140F6C41407E00D48CC
:108C90000078012803D10C48007800B90024B4F111
:108CA000FF3F06D14FF4087208A10020FCF720FA1C
:108CB000002414480068A04201D9012010BD002002
:108CC000FCE70000390A00203A0A00202E2E5C2E14
:108CD0002E5C2E2E5C736F757263655C6461706CC4
:108CE000696E6B5C647261672D6E2D64726F705C6F
:108CF0007666735F6D616E616765722E630000005A
:108D0000A42700203C0A002030B50246202902D1C9
:108D100092FAA2F030BD002400230AE002F0010024
:108D200020B1481EC51A0120A84004435208581C0F
:108D3000C3B28B42F2DB2046ECE7000010B52521E0
:108D40000648F6F7FBFA06480021016001714171FF
:108D50008171C1714181017210BD00007C2500202C
:108D60000C0A002070B504460D462846F6F7FDFAB9
:108D7000401C3C2801D93C2003E02846F6F7F5FAD0
:108D8000401C0646324629462046F6F7B0FA002037
:108D900084F83B00F0B270BD00B101B97047426881
:108DA0000A44426000BFF9E700B503460BB9002052
:108DB00000BD184600F0AAF89968491E081AF7E79E
:108DC0002DE9F04704460E4615462CB126B11DB1DB
:108DD000204600F04BF810B10020BDE8F087204697
:108DE00000F094F80746BD4201D2284600E038461C
:108DF00005462046FFF71EF861680840A168081A7A
:108E0000A84201D9284606E02046FFF713F861681A
:108E10000840A168081A80462046FFF70BF86168F1
:108E20000840E16800EB0109424649463046F6F742
:108E30005EFAA5EB080206EB0800E168F6F757FAC0
:108E40006068284460602846C7E7034623B119B12B
:108E500012B1501E104010B14FF0FF30704700208B
:108E6000186058609A60D96000BFF7E7014609B9F9
:108E700001207047D1E90002904201D10120F8E7BA
:108E80000020F6E72DE9F04704460F4615460CB1E1
:108E900007B115B90020BDE8F0872046FFF784FF31
:108EA00006460EB90020F6E7B54201D2284600E09A
:108EB000304605462046FEF7BDFF21680840A16800
:108EC000081AA84201D9284606E02046FEF7B2FF5C
:108ED00021680840A168081A80462046FEF7AAFFCC
:108EE00021680840E16800EB0109424639464846DE
:108EF000F6F7FDF9A5EB080207EB0801E068F6F7C5
:108F0000F6F92068284420602846C4E7014609B9DC
:108F100000207047D1E90002801AFAE70146EFF31A
:108F2000108303F0010272B6086808B103680B6091
:108F300002B962B67047000070B504460D4694B1A0
:108F40004FF6FF70844204DA07490868214600F0B2
:108F500087FB054800684570044800F04FF9064655
:108F6000304600F051FC70BD000E00208C6C0020DB
:108F70007047000010B52148C06800B910BD1F48F7
:108F8000808A401E1D4988822EE01C48C468A06863
:108F900058B1D4E901014860606820B1D4E90110FA
:108FA0008860002060600020A0602146144800F026
:108FB00085FBA08A114988826078042804D1E08A60
:108FC000104909880844A0820120607084F82000BC
:108FD0000A49E068C860E06820B10846E1680861B5
:108FE0000020E060002020610448808A18B903480E
:108FF000C0680028C9D100BFC0E70000A46C0020F1
:109000008C6C0020080E002010B504463CB91048B6
:1090100000F0F4F80446204600F0F6FB17E0A078D4
:109020000C490968897888420BDD0A49086800F014
:1090300065FB0120074909684870204600F0E4FB01
:1090400005E0012060702146014800F037FB10BDAB
:109050008C6C0020000E002010B504460321204631
:10906000FFF76AFF10BD000001480068408B7047A1
:10907000000E002070B504460E46208B304320833E
:10908000658B6078062804D1208B2840A84200D147
:109090000AE06078052816D1208B284098B1608BB3
:1090A000218B0840608300BF208BA843208320468B
:1090B00000F048FB01206070022084F82000214667
:1090C000014800F0FBFA70BD8C6C002070B50546BD
:1090D0000E46701E174951F8204004B970BD208B10
:1090E00028432083658B6078062804D1208B284094
:1090F000A84200D10AE06078052818D1208B2840CA
:10910000A8B1608B218B0840608300BF208BA843EF
:109110002083204600F016FB208BA84320830120EB
:109120006070022084F820002046FFF76DFF00BF2A
:10913000D4E700007C6E00202DE9F04104460E4685
:1091400017468FB118480068008B2040A04209D113
:1091500015480068008BA043134909680883022062
:10916000BDE8F081062515E00F480068008B20401F
:1091700078B10D480068008B20400B49096848838E
:1091800009480068008BA04307490968088302204A
:10919000E6E70525044800684483E9B23046FFF756
:1091A000CBFE0120DCE70000000E002002469142C9
:1091B00002D35068884201D801207047EFF3108035
:1091C00000F0010372B610680860116003B962B65E
:1091D0000020F2E7012107E0481E064A52F820006D
:1091E00008B908467047491C034800888142F3D9F2
:1091F0000020F7E77C6E0020E0E3010201464868AA
:1092000042684A600A78022A05D00A78012A02D008
:109210000A78032A08D142681AB142689160002294
:1092200042600022826001E000224260704700003C
:1092300070B504460E46154600202070012060706F
:10924000A67000206060A060E0602061A082E082E3
:109250002083608384F8200084F82100608C18B992
:109260000448FFF75BFEA0622946204600F006F89E
:1092700070BD0000C06D00207047000070B5024650
:109280000B46558CAC101CB90F4D2D88C5F38D04C1
:10929000956A05EB840000F0040505B1001F403815
:1092A0004FF08075C5638363002103E0002540F81B
:1092B0002150491C0E29F9D3D56905625062D36249
:1092C000024D966A356070BDE4E30102A52E5AE2B4
:1092D00004490968C882044909880144014A12689E
:1092E00091827047000E0020080E002010B50C4837
:1092F0000068808A0B490988401A84B208480068CF
:10930000808A07490968C98A08440549096888822A
:1093100004F4004018B904212046FFF70DFE10BDEB
:10932000000E0020080E002070B504460E4660684E
:1093300000B3607802281DD1002060702046FFF73E
:109340005DFF0546002085F82000228904F1100009
:10935000E96940F8221072B6A089401CA08162B66B
:109360002089401C80B22081E189884201D10020FF
:1093700020810DE06068A8B1A08998B92046FFF768
:109380003DFF0546E8690660042085F8200000BF1F
:1093900001206870284600F0D5F929460F4800F0F2
:1093A0008DF91AE0A089E189884213DA218904F154
:1093B000100040F8216072B6A089401CA08162B6FE
:1093C0002089401C80B22081E189884205D100209B
:1093D000208102E00320FEF7CBFE70BD8C6C0020E4
:1093E00070B506463446608820B13149A0680968E6
:1093F000884201D0FF2070BD6088401E80B260802E
:1094000008B10020F7E7607829490968887060682A
:1094100088B32046FFF7F2FE0546052085F82000B8
:10942000284600F08FF901206080A560A878607060
:109430001F48006880781F4949688978884203DBA3
:109440002846FFF7E1FD10E019480168194800F0CF
:1094500035F92946174800F031F901201449096807
:10946000487068700020FFF7CFFD002010490968A0
:1094700081F8200019E0FFE70E48406880780C4929
:1094800009688978884210DD09480168094800F0B8
:1094900015F901200649096848700020FFF7B4FD5E
:1094A00000200349096881F820000020A3E700009C
:1094B000000E00208C6C002070B505460E462C4630
:1094C000608838B91D480068A0601C480068807832
:1094D000607005E01949A0680968884205D100BF9D
:1094E0006088401C6080002070BD0EB90120FBE741
:1094F0006078124909688978884207DA0F4800685D
:109500008078A1688870A06800F002F9606828B1CE
:109510000A480168204600F0D1F809E007480068D1
:10952000606000200549096848600448006884605C
:1095300009213046FFF700FD0120D5E7000E00208D
:1095400070B501202249096848702149086800F077
:10955000D5F8204844782CE01E48001D50F83450BF
:10956000287848B91B48001D00EBC400808881B2F0
:109570002846FFF77FFD0EE02878012808D115481E
:10958000001D00EBC40041682846FFF7CDFE02E055
:10959000284600F005F9601C04460E49C978884247
:1095A00000D1002472B60B488078401E09498870AB
:1095B00062B6084880780028CED106494C7006482B
:1095C000FFF71CFE0646304600F01EF970BD000095
:1095D000000E0020586E00208C6C0020054800789A
:1095E00020B94FF080500449086002E0012003498F
:1095F00008707047FC0D002004ED00E0FD0D002018
:109600002DE9F04106460F46144BD878991C8A1E66
:1096100072B691F800C0634684450BD203F1010C89
:1096200081F800C092F800C063465D1C854200D1FD
:109630000025157062B600BF1C460848C078A042DD
:1096400007D90648001D40F8346000EBC4004760AD
:1096500002E00220FEF78CFDBDE8F081586E00208C
:1096600070B50C4623461449CD680DB9002205E0BB
:10967000114DAA8A0EE0CD684DB900BF0025C56026
:10968000C86001619D1A8D820025858270BDC96800
:109690008D8A2A449A42EED3CD68C560C8600161C4
:1096A000C5680DB1C5682861D51A85828D8A868AFC
:1096B000AD1B8D8200BFE9E7A46C002030B50A46DF
:1096C00000240578022D05D00578012D02D00578FB
:1096D000032D00D101249378416801E008464968D0
:1096E00011B18D789D42F9D2516042601CB101B137
:1096F0008A60906001E00025956030BD03494968AB
:109700004160002181600149486070478C6C0020F5
:1097100030B50546A86820B9687801280FD1084CF3
:1097200006E0AC6800E0A46820780028FBD000BF09
:10973000284600F01BF829462046FFF7BFFF30BD42
:109740008C6C0020016981B1C268CA60C26842B1F4
:109750008A8A838A1A448A82C26811610022C2609E
:1097600001E000228A82002202617047826842B1D1
:10977000D0E901235A60426812B1D0E901329A60FF
:109780007047064906E04A68824202D142684A6050
:10979000F6E749680029F6D100BFF1E78C6C00209C
:1097A00070B50546686880B12846FFF727FD044676
:1097B0002046FFF7C7FF01206070032084F82000D7
:1097C00021460448FFF77AFF02E06888401C688061
:1097D00070BD00008C6C002010B509480068406A1C
:1097E00007490968896A884206D305480068806A83
:1097F00000680449884202D00120FEF7B9FC10BD80
:10980000000E0020A52E5AE2024948600221417054
:1098100070470000000E00202DE9F04105460E467D
:109820001746002404E000204A4941F82400641C43
:10983000494800888442F6D3302248480188484885
:10984000FBF7CAFA4748008880B240F00042464819
:1098500001684648FBF7C0FA082245480188454898
:109860000068FBF7B9FAFF204349C870002048841C
:10987000424A00214048FFF7DBFC042040490870C1
:109880000020486004203F4908700020C86008613B
:1098900088823949496A01F12000F5F73FFC3648D2
:1098A000394908600220096848700020374908706B
:1098B000487037480078C870FFF7DEFC00BF354AB3
:1098C000126842F47F02334B1A601A4612684FF056
:1098D0007F4303EA0222D243B2FA82F2C2F10800C5
:1098E0002C4A143A1268C2F30221814200DB481C60
:1098F000284A121F13686FF08072824063F31702C8
:10990000244B1B1F1A6000BFFEF76CFC2249086045
:1099100008460068002814DBFF211F48006800F19A
:10992000E02080F800141C48007800F01F0101209E
:109930008840194909684911890001F1E021C1F8FD
:10994000000100233A463146284600F08FF8BDE872
:10995000F08100007C6E0020E0E30102FCE30102E4
:10996000F06C0020E4E3010200E40102C06D00207D
:1099700006E40102140E0020BC6C0020E18101020B
:109980008C6C0020A46C0020000E0020586E00207B
:1099900004E4010220ED00E0F80D002010B50120E4
:1099A0000C49096848700B490868FFF7A7FEFFF7E4
:1099B000DFFA09480068401C07490860FFF7DAFA37
:1099C00000F02EF80548FFF719FC04462046FFF783
:1099D0001BFF10BD000E0020080E00208C6C002024
:1099E0000148006870470000080E002008490988F7
:1099F00088B2DFF820C000DF09E0DFF81CC000DF1C
:109A00000648006818B10020044909688847F4E74F
:109A1000F40D0020D1920102ED920102F00D002020
:109A200010B51048006800B910BD0E488088401E6F
:109A30000C4988800CE0E088FEF7EDFBA08809491E
:109A4000888020680860214607480068FFF7AEFB61
:109A50000448808818B903480468002CEBD100BF83
:109A6000E2E700000C0E0020140E00202DE9F04764
:109A700007460D4690469946E8B200B96D1C12485B
:109A8000FFF74CFA044614B90020BDE8F087C4F88B
:109A90002880C5F30F206084C4F81C90E9B23A46D0
:109AA0002046FFF7C5FBFFF795FB0646701E0749EA
:109AB00041F82040E6702046FFF7A6FA04490968FD
:109AC00081F820603046E0E7F06C00207C6E0020DA
:109AD000000E00200448006808B9002070470248C2
:109AE0000068C078FAE70000000E002010B5F7F714
:109AF0006DFDFDF749FB10BD0146054A054B91423E
:109B000003D3994201D2002070470120FCE70000F6
:109B100000F000020070030230B5012404FA02F3E1
:109B200004689C4301FA02F52C43046030BDF0B593
:109B300001269640741E04FA03F6F54306682E408B
:109B400001EA04079F403E430660F0BD70B5012561
:109B500095406D1E05FA03F40568A54301FA03F666
:109B60003543056070BD00002DE9FC4704460D46F5
:109B700016461F46DDE90A89B9F1000F01D006A09B
:109B800000E006A03B4632462946CDE9008020464B
:109B900000F022FBBDE8FC8731000000300000002F
:109BA00070B500250024FDF7BFFB06464B48002199
:109BB0000160017121214A48F5F7C0FB2121494884
:109BC000F5F7BCFB09214848F5F7B8FB43480021ED
:109BD0000160017100BF00BF0AE0444A52F825103D
:109BE0003F4A101902F070FB2044C4B2681CC5B291
:109BF000042DF2DB00222046611CCCB238490A5405
:109C0000002400250AE03A4A52F82510354A101976
:109C100002F05AFB2044C4B2681CC5B2042DF2DB2A
:109C200000222146601CC4B22E48425400242E4912
:109C300008193049096802F047FB2044C4B20022E9
:109C40002046611CCCB228490A54FDF75BFB23492E
:109C500000680860002008710024300BFDF724FC28
:109C600001462246641C24488154C6F30320FDF7B4
:109C70001BFC01462246641C1F488154082141EA0E
:109C8000261101F00F00FDF70FFC01462246641C6F
:109C90001948815406F00F00FDF706FC01462246E4
:109CA000641C1548815400222146641C425400243F
:109CB00030222146641C1148425432222146641C41
:109CC000425435222146641C425439222146641CE8
:109CD000425400222146641C425470BD40090020B9
:109CE000960F0020B70F0020D80F0020380F00205B
:109CF000480F002030090020450900204A090020B3
:109D00002DE9F041074646480068416938468847D2
:109D1000054643480068816938468847044605B1CE
:109D200044B94FF49D723FA10020FBF7E1F90220F6
:109D3000BDE8F081B5F5806F01D8012100E0002178
:109D4000084640F23F1237A1FBF7D2F94FF480608A
:109D5000B0FBF5F105FB110008B9012000E000207F
:109D600080464FF4A0722FA1FBF7C2F9AC4201D399
:109D7000012100E00021084640F2411229A1FBF731
:109D8000B7F9B4FBF5F005FB104008B9012000E07D
:109D9000002080464FF4A17222A1FBF7A9F9B7FB7E
:109DA000F4F004FB1070381A2B4908602B4804604B
:109DB000084600682A490860B4F5806F01D2204641
:109DC00001E04FF480602749086015480068006A88
:109DD00068B113480068016A1F4800688847064652
:109DE0002EB10F490968486880473046A0E71E48F1
:109DF000007868B10A480068C16817480068884759
:109E000006462EB1064909684868804730468FE704
:109E1000FF22144801681548F5F789FA002087E702
:109E2000E80900202E2E5C2E2E5C2E2E5C736F75A2
:109E30007263655C6461706C696E6B5C64726167AF
:109E40002D6E2D64726F705C666C6173685F6D61FE
:109E50006E616765722E6300DC090020E009002056
:109E6000D4090020D8090020D20900207C1100204C
:109E700070B50025002400261148F5F776FAC6B221
:109E8000022000EB4600C2B22146641C0D48425439
:109E900003222146641C425400BF0EE00848425D84
:109EA0002046611CCCB207490A5400222046611C9E
:109EB000CCB204490A54681CC5B2B542EEDB70BD91
:109EC000580F0020E40F002010B531210948F5F7A4
:109ED00035FA09490748F5F73CFA08490548F5F706
:109EE00038FA07490348F5F734FA06490148F5F707
:109EF00030FA10BD580F002040090020450900200D
:109F0000960F0020D80F0020F0B5034603EB430066
:109F100000EB0310124E841900254A1ECE1701EBE8
:109F20005676F610A65D01F0070C802747FA0CF76D
:109F30003E400EB9681EF0BD0DE0D61702EB567616
:109F4000F610A65D02F0070C802747FA0CF73E409A
:109F500006B16D1C521E002AEFDA2846EBE700001E
:109F600050DE010204A1D1E90023097A02604360B6
:109F7000017209207047000009028B000501008072
:109F8000FA00000010B50B48007830B9C0220AA1D1
:109F90000020FBF7ADF8022010BD00F07DF813485B
:109FA0000068C168124888470446002001490870CB
:109FB0002046F1E7B00900202E2E5C2E2E5C2E2EBE
:109FC0005C736F757263655C6461706C696E6B5C09
:109FD000647261672D6E2D64726F705C66696C656A
:109FE0005F73747265616D2E63000000B409002018
:109FF0004810002070B504461648007830B185221C
:10A0000015A10020FBF774F8022070BD022C06DBBE
:10A010008B2211A10020FBF76BF80220F5E700F07E
:10A0200067F84FF482711948F5F788F9012009495A
:10A030000870174800EB04101649086008460068CD
:10A04000416812488847054615B103200149087048
:10A050002846DAE7B00900202E2E5C2E2E5C2E2E2C
:10A060005C736F757263655C6461706C696E6B5C68
:10A07000647261672D6E2D64726F705C66696C65C9
:10A080005F73747265616D2E6300000048100020DC
:10A0900090090020B409002010B5FEF717F8064912
:10A0A0000968884201D1012000E0002004466222B4
:10A0B00002A1FBF71DF810BDB80900202E2E5C2E62
:10A0C0002E5C2E2E5C736F757263655C6461706CC0
:10A0D000696E6B5C647261672D6E2D64726F705C6B
:10A0E00066696C655F73747265616D2E6300000054
:10A0F00010B5FDF7EBFF0149086010BDB80900205D
:10A1000010B50446032204F1080108A0F5F741F94F
:10A1100008B9002010BD032204F1080104A0F5F7DE
:10A1200038F908B90120F5E70320F3E742494E006A
:10A130004845580070B505460E4617480078012876
:10A1400006D0A42215A10020FAF7D2FF022070BD8C
:10A15000FFF7A2FF1E4800683246294683681D4863
:10A1600098470446132C03D102200B49087011E0D4
:10A17000142C00D05CB908490978012900D100E00D
:10A1800000210846B22205A1FAF7B2FF02E003203F
:10A19000014908702046DAE7B00900202E2E5C2E17
:10A1A0002E5C2E2E5C736F757263655C6461706CDF
:10A1B000696E6B5C647261672D6E2D64726F705C8A
:10A1C00066696C655F73747265616D2E6300000073
:10A1D000B4090020481000202DE9FC4706460F4630
:10A1E00090461D46DDE90A9A2B46424639463046DE
:10A1F000CDF8009002F0C6F80446022010A12B19F9
:10A200004246CDE900103946304602F089F8044450
:10A210002B19424639463046CDF800A002F0B2F87C
:10A220000444022007A12B194246CDE9001039460B
:10A23000304602F075F804442046BDE8FC87000073
:10A240003A2000000D0A000010B51E21002000F089
:10A2500067FE08B9002010BD0120FCE72DE9F0479A
:10A2600092B004460F4615461E46DDE91B9ADDF8FE
:10A270006880442101A8F5F761F801950296CDF8B0
:10A280000C80CDF8109060680A90A0680E9020684D
:10A290000F9010974FF08070119001A800F0ECFD26
:10A2A00018B9002012B0BDE8F08700F0DDFC08B955
:10A2B0000020F7E701A9002000F02EF908B90020DE
:10A2C000F0E70B490B4800F08DFE08B90020E9E7E4
:10A2D000BAF1010F05D1A9190198884205D00020D3
:10A2E000E0E7019808B10020DCE70120DAE7000090
:10A2F00003005FA0F0ED00E070B5044601F0DAF86D
:10A30000054615B904F07F4070BD2846FCE710B53E
:10A31000F6F70CF900BF00BF012010BDF8B5002012
:10A32000009000246425401E3C49086048600427D2
:10A33000002600BF86B10121002000F0F1FD0120C0
:10A3400000F01EFA0220FDF765FE002000F018FA6A
:10A350000220FDF75FFE0026FFF7D9FF30480068B6
:10A3600038B12F480068806818B12D49096888689D
:10A370008047F6F7A7FA08B9012648E0FFF764FF1F
:10A3800008B9012643E00021082000F0C9FD08B902
:10A3900001263CE04FF0A041042000F0C1FD08B9C7
:10A3A000012634E000240EE06946042000F02AF97A
:10A3B00008B9012609E0009800F02040B0F1204FD4
:10A3C00000D102E0641CAC42EEDB00BFAC4201D025
:10A3D000012E01D101261AE01249042000F0A0FD4F
:10A3E00008B9012613E00E48006838B10C4800682F
:10A3F000006918B10A4909680869804700210820E6
:10A4000000F08EFD08B9012601E00120F8BD781E9C
:10A4100040B2071E8EDC0020F8E70000740900201F
:10A42000680E0020000F005000BF80208000074908
:10A43000896A8143054A91621146496B814341F41F
:10A440000071516300BF01207047000000500140BF
:10A450002DE9F84F07468846144614B90020BDE898
:10A46000F88F4FEA940A1E49002000F017FC08B943
:10A470000020F4E74FF00509042239466846FDF74D
:10A4800087F96946484600F0D9FB012801D0002031
:10A49000E5E74FF00F090021484600F0CFFB012807
:10A4A00001D00020DBE700260AE04146484600F0E4
:10A4B000C5FB012801D00020D1E708F10408761C73
:10A4C000AAF10100B042F0D84FF00E0941464846CB
:10A4D00000F0B4FB0546012D00D1C0E70020BEE727
:10A4E0005200002338B504460D460A49002000F00A
:10A4F000D5FB08B9002038BD6946204600F03EF87B
:10A5000008B90020F7E7A007C10E0098C8402870DE
:10A510000120F0E7500000232DE9F04105460E46EA
:10A52000002464272946144800F05CFD10B900207F
:10A53000BDE8F08100240DE031460F48001F00F017
:10A54000EBF808B90020F3E7306800F4803000B180
:10A5500002E0641CBC42EFDB00BFBC4201D1002022
:10A56000E6E731460448001D00F0D6F808B900209F
:10A57000DEE70120DCE70000F4ED00E02DE9FC411E
:10A5800007460C460422394601A8FDF701F94FF0B1
:10A59000050801A9404600F051FB012802D0002027
:10A5A000BDE8FC814FF00F086946404600F046FBCD
:10A5B000012801D00020F3E74FF00E08694640461D
:10A5C00000F03CFB0646002020609DF80350206808
:10A5D00040EA056020609DF80250206840EA05408E
:10A5E00020609DF80150206840EA052020609DF819
:10A5F0000050206828432060012E01D10120CFE7C0
:10A600000020CDE72DE9F84306460C4606F00C0085
:10A6100040F002076946384600F010FB80460020F3
:10A6200020609DF80350206840EA056020609DF896
:10A630000250206840EA054020609DF801502068E3
:10A6400040EA052020609DF80050206828432060E3
:10A65000B8F1010F02D10120BDE8F8830020FBE72B
:10A660001CB504460020019001A90820F4F70FFF53
:10A6700069460020FFF7C6FF012801D000201CBD5D
:10A680009DF8030000069DF8021040EA01409DF885
:10A69000011040EA01209DF80010084320600120CD
:10A6A000EDE72DE9F04105460F4614460AE039462C
:10A6B0002846FFF717FF10B90020BDE8F0816D1C98
:10A6C0007F1C641E1CB105F003000028EFD112E0CE
:10A6D000C5F30900C0F58066B44201D224F0030638
:10A6E000324639462846FFF7B3FE08B90020E4E7B2
:10A6F00035443744A41B032CEAD809E039462846E0
:10A70000FFF7F0FE08B90020D7E76D1C7F1C641E20
:10A71000002CF3D10120D0E770B504460D4608495E
:10A72000002000F0BBFA08B9002070BD2946204681
:10A73000FFF724FF08B90020F7E70120F5E7000044
:10A74000520000231CB5002400BF04E0FF200DF8D8
:10A750000400601CC4B2082CF8DB69463320F4F70F
:10A7600096FE01201CBD00000149087070470000E2
:10A770007009002001490860704700007C09002032
:10A7800070B504462848006848B127480068C06989
:10A7900028B125480068C1692046884742E004B3D3
:10A7A000002575B12149224800F01CFC2148006BAE
:10A7B00040F480101F49086300211420F6F712F8B6
:10A7C0000DE01A491A4800F00DFC01211420F6F79B
:10A7D00009F81848C06A40F480101649C86200BFE2
:10A7E00020E0012575B11149114800F0FBFB11482B
:10A7F000006B40F480100F49086300211420F5F726
:10A80000F1FF0DE009490A4800F0ECFB012114209A
:10A81000F5F7E8FF0748C06A40F480100549C862B0
:10A8200000BF00BF70BD0000680E00200400FA05E4
:10A830000CED00E00050014038B504460225062C1E
:10A8400001D0FFF764FD082C74D2DFE804F0041790
:10A85000086B7596B1BC0120FFF792FFB6E00120AE
:10A86000FFF78EFF0220FDF7D5FB0020FFF788FFE2
:10A870000220FDF7CFFBFFF7D7FDA7E0FFF74EFD66
:10A8800008B9002038BD53480078012804D1FFF7EB
:10A8900077FF0220FDF7BEFB11E0681E40B2051EE7
:10A8A00001DC0020EEE70120FFF76AFF0220FDF740
:10A8B000B1FB0020FFF764FF0220FDF7ABFB464928
:10A8C000464800F08FFB0028E7D0012143480C30B8
:10A8D00000F088FB08B90020D4E73E48007828B98A
:10A8E0000120FFF74DFF0220FDF794FB0020FFF74A
:10A8F00047FF0220FDF78EFB00BF69463748FFF790
:10A900000BFF08B90020BDE7009800F400300028D4
:10A91000F3D0002131480C3000F064FB08B900206E
:10A92000B0E753E02C49491E2C4800F05BFB10B9FE
:10A930000020A7E748E049E0F5F7C4FF08B9002088
:10A94000A0E7FFF781FC08B900209BE70021082061
:10A9500000F0E6FA08B9002094E74FF0A041042087
:10A9600000F0DEFA08B900208CE71B491B4800F014
:10A9700039FB08B9002085E728E0FFF7CFFC08B9CC
:10A9800000207FE71449891C144800F02BFB08B90C
:10A99000002077E700BF69461048FFF7BDFE08B901
:10A9A00000206FE7009800F400300028F3D00DE09D
:10A9B0000949491E094800F015FB08B9002061E764
:10A9C000FFF732FD02E001E000205BE700BF01205D
:10A9D00058E700007009002001005FA0F0ED00E0E2
:10A9E00038B504460225062C01D0FFF790FC082C50
:10A9F00076D2DFE804F0044F08B4BDDFFBF301209A
:10AA0000FFF7BEFE00E10120FFF7BAFE0220FDF7CE
:10AA100001FB0020FFF7B4FE0220FDF7FBFAFFF771
:10AA20007DFC08B9002038BD69460420FFF7EAFD27
:10AA300008B90020F7E7009820F08041042000F0DA
:10AA40006FFA08B90020EEE700BF69460420FFF75F
:10AA5000D9FD08B90020E6E7009800F00040002882
:10AA6000F3D1009820F08051042000F059FA08B981
:10AA70000020D8E700BF69460420FFF7C3FD08B9EE
:10AA80000020D0E7009800F000500028F3D1FFF735
:10AA9000CBFCB9E0FFF742FC08B90020C3E711E0A6
:10AAA000681E40B2051E01DC0020BCE70120FFF754
:10AAB00067FE0220FDF7AEFA0020FFF761FE0220DC
:10AAC000FDF7A8FA5249534800F08CFA0028E7D065
:10AAD00000BF69464F48FFF71FFE10B90020A2E7EC
:10AAE00090E0009800F400300028F2D0012149489D
:10AAF0000C3000F077FA08B9002094E76946454821
:10AB0000E438FFF709FE08B900208CE7009800F44C
:10AB1000E060414A1043414A126840EA02013D4860
:10AB2000E43800F05FFA08B900207CE70220FDF766
:10AB300071FA00BF69463748FFF7EEFD08B90020FB
:10AB400071E7009800F400300028F3D0002131486C
:10AB50000C3000F047FA08B9002064E754E02C49B3
:10AB6000C91E2C4800F03EFA08B900205BE74BE014
:10AB7000F5F7A8FE08B9002055E7FFF765FB08B90F
:10AB8000002050E70021082000F0CAF908B9002091
:10AB900049E74FF0A041042000F0C2F908B90020B5
:10ABA00041E71B49891E1B4800F01CFA08B9002028
:10ABB00039E729E0FFF7B2FB08B9002033E7144971
:10ABC000144800F00FFA08B900202CE700BF6946CE
:10ABD0001048FFF7A1FD18B9002024E711E005E0B7
:10ABE000009800F400300028F1D00DE00849C91E9B
:10ABF000084800F0F7F908B9002014E7FFF714FC43
:10AC000002E001E000200EE700BF01200BE700009A
:10AC100003005FA0F0ED00E00000FA057C090020D1
:10AC200038B50446E0B28DF80000200A8DF8010026
:10AC300069461020F4F72BFC012038BD2DE9F041C6
:10AC400006460F4600250BE039463046F4F715FC62
:10AC50000446022C02D02046BDE8F081681CC5B233
:10AC6000642DF1DB2046F7E738B50A4D00240DE0EE
:10AC700069460948FFF750FD08B9002038BD009823
:10AC800000F4003008B10120F8E7641CAC42EFD3B7
:10AC90000020F3E740420F00F0ED00E02DE9F8431B
:10ACA00004460D462046FFF727FB804604F0F009D6
:10ACB00048EA0901082000F033F910B90020BDE886
:10ACC000F88344B913484068A84201D10120F6E74F
:10ACD0001048456000E000BF00BF04F00C0040F0E9
:10ACE0000107042229466846FCF752FD69463846AA
:10ACF000FFF7A4FF012801D00020E0E70E27002184
:10AD00003846FFF79BFF0646012E00D1D7E700200B
:10AD1000D5E70000740900202DE9F84F0746884662
:10AD2000144614B90020BDE8F88F4FEA940A194977
:10AD30000020FFF7B3FF08B90020F4E74FF0050942
:10AD4000042239466846FCF723FD69464846FFF76A
:10AD500075FF012801D00020E5E74FF00D0900251F
:10AD60000AE041464846FFF769FF012801D000206C
:10AD7000D9E708F104086D1C5545F2D34FF00E09D0
:10AD800000214846FFF75AFF0646012E00D1CAE7C8
:10AD90000020C8E75200002370B504460E460A4959
:10ADA0000020FFF77BFF08B9002070BDA007C00E90
:10ADB00006FA00F52946204600F034F808B90020CC
:10ADC000F3E70120F1E700005000002373B50446CB
:10ADD000002564261248019900F004F908B9002002
:10ADE0007CBD44F480310E48001F00F0FBF808B928
:10ADF0000020F5E700250EE001A909480838FFF713
:10AE00008BFC08B90020EBE7019800F4803008B112
:10AE10000120E5E76D1CB542EEDB0020E0E7000015
:10AE2000F8ED00E0F8B505460E46042229466846CE
:10AE3000FCF7AEFC052769463846FFF7FFFE012800
:10AE400001D00020F8BD042231466846FCF7A0FC82
:10AE50000D2769463846FFF7F1FE012801D0002092
:10AE6000F0E70E2700213846FFF7E8FE0446012CE4
:10AE700000D1E7E70020E5E738B5054600210820C6
:10AE800000F04EF808B9002038BD002408E055F85D
:10AE900024102046FFF79AFF08B90020F4E7641C4D
:10AEA000042CF4D30920696AFFF790FF08B9002049
:10AEB000EAE70D2408E055F824102046FFF786FF46
:10AEC00008B90020E0E7641C102CF4D31020296C92
:10AED000FFF77CFF08B90020D6E70F490F4800F0C4
:10AEE00081F808B90020CFE70B49891E0B4800F014
:10AEF00079F808B90020C7E769460420FFF782FB0C
:10AF000008B90020C0E7009800F0A00008B10020B8
:10AF1000BAE70120B8E700000B005FA0F0ED00E009
:10AF2000F8B504460E46082C05D10F480068B0421B
:10AF300001D10120F8BD04F00C0704223146684617
:10AF4000FCF726FC69463846FFF778FE0546012DDA
:10AF500003D1082C01D104480660012D01D1012044
:10AF6000E8E70020E6E70000740900202DE9F04141
:10AF700005460E46144600270AE031782846FFF7BA
:10AF80000BFF10B90020BDE8F0816D1C761C641E1B
:10AF90001CB105F003000028EFD112E0C5F3090051
:10AFA000C0F58067BC4201D224F003073A4631461F
:10AFB0002846FFF7B1FE08B90020E4E73D443E44CF
:10AFC000E41B032CEAD809E031782846FFF7E4FEB9
:10AFD00008B90020D7E76D1C761C641E002CF3D145
:10AFE0000120D0E770B504460D4608490020FFF760
:10AFF00055FE08B9002070BD29462046FFF712FF14
:10B0000008B90020F7E70120F5E70000520000230F
:10B0100010B5FDF75BF807490968884201D10120A6
:10B0200000E0002004464FF4B77203A1FAF760F87D
:10B0300010BD0000440A00202E2E5C2E2E5C2E2E09
:10B040005C736F757263655C6461706C696E6B5C78
:10B05000647261672D6E2D64726F705C7666735FCB
:10B060006D616E616765722E6300000010B500218E
:10B0700002480068FCF7E6FF10BD0000400A00200F
:10B0800010B502480068FCF7E9FF10BD400A002037
:10B0900003480078012800D170470020FCE7000039
:10B0A0008009002003480078012800D17047002063
:10B0B000FCE70000F0090020FEB5244800690028E4
:10B0C00041D000252148006900F10C042BE02068E4
:10B0D000FCF744F906462EB196F8380000F004005B
:10B0E00000B11FE0206800F09BF905460DB128462D
:10B0F000FEBD0120FBF702FE05460DB12846F7E72D
:10B10000002000900190029011480068816800239F
:10B110001A460F4800681830FFF7A0F808B9102049
:10B12000E6E700BF143420680028D0D1606800280A
:10B13000CDD10648006990F8A20110B100F084F862
:10B1400005462846D4E70120D2E700005CD301027F
:10B1500084090020FEB504461548006930B3002676
:10B16000144805680DB90220FEBD204600F024F801
:10B17000B4FBF0F100FB114008B10F20F4E701200F
:10B18000FBF7BCFD06460EB13046EDE7002000900F
:10B1900001900290E9680346224605F11800FFF786
:10B1A0005DF808B90F20DFE70020DDE70120DBE7CD
:10B1B0005CD301028409002010B5044614480069DC
:10B1C000002823D0124800698068B8B1104800698F
:10B1D0008068411E0FE00E480069406800EBC10026
:10B1E0000068A04206D80A480069406800EBC10028
:10B1F000406810BD491E0029EDDA00BF4FF4C67249
:10B2000004A10020F9F774FF0020F2E70020F0E726
:10B210005CD301022E2E5C2E2E5C2E2E5C736F757D
:10B220007263655C6461706C696E6B5C696E746599
:10B2300072666163655C7461726765745F666C6198
:10B2400073682E630000000010B51448006918B33D
:10B2500000201349087013490860012000F03AF9F2
:10B2600008B9072010BD0D48006900F10C0407E083
:10B27000207A00F0010010B10B48046006E014349D
:10B2800020680028F4D160680028F1D100BF0120B7
:10B29000064908700020E5E70120E3E75CD30102DE
:10B2A00081090020840900208809002080090020ED
:10B2B0002DE9FF478046894616464B48006900281D
:10B2C00077D04FF0000A494804681CB9022004B046
:10B2D000BDE8F0874648006870B14548006840699D
:10B2E00050B1434800683246494643694046984752
:10B2F000012801D10D20EAE70220FBF7FFFC82467E
:10B30000BAF1000F01D05046E1E767E0606BB04250
:10B3100001D9304600E0606B0546606A2A4649461E
:10B32000FFF724FE08B90A20D1E70021606ACDE9C1
:10B330000001029121692B46424604F11800FEF7F4
:10B340008DFF08B91120C2E7FAF7EEFB002841D0C3
:10B350006069F8B10320FBF7D1FC8246BAF1000F17
:10B3600001D05046B3E794F8380000F0010008B16E
:10B37000012700E000270021606A8DE883006169F1
:10B380002B46424604F11800FEF768FF08B9122068
:10B390009DE71FE01BE0102D01D2284600E01020A1
:10B3A00007463A4669464046FFF77BF910B90A203E
:10B3B0008DE717E03A4669464846F3F7DDFF08B1E6
:10B3C000122084E7B844B944F61BED1B00BF002DE2
:10B3D000E1D103E0A844A944761B00BF002E95D11B
:10B3E000002074E7012072E75CD301028409002089
:10B3F000680E002070B505460848006960B14FF43A
:10B4000080742846FFF7D8FEA04203D22846FFF7F3
:10B41000D3FE0446204670BD0020FCE75CD3010249
:10B4200070B506463046FBF799FF04460CB9092073
:10B4300070BD0C480068A04211D00020FBF75EFCF4
:10B4400005460DB12846F3E7E26A216BA06AFFF7D3
:10B450008DFD08B90820EBE70248046000BF00201A
:10B46000E6E700008409002010B510480069D0B15B
:10B470000020FBF743FC04460CB1204610BDFAF750
:10B4800049FB18B1022000F025F802E0012000F08D
:10B4900021F8072000F01EF8002005490870FEF78B
:10B4A000C3FF0020EAE70120E8E700005CD30102C7
:10B4B000800900200648006838B105480068806AA5
:10B4C00018B103480068806A70470020FCE700005C
:10B4D000680E002010B504461F48406F18B11E4882
:10B4E000416F204688471D48006880B31B480068AC
:10B4F000806928B11948006881692046884710BDD5
:10B50000164800688078012803D12046FFF794F997
:10B51000F5E7124800688078022819D10E48806F3C
:10B5200020B10D49886FFFF725F90CE00B48006842
:10B53000406828B1094909684868FFF71BF902E02B
:10B540000420FFF717F92046FFF74AFAD7E701E092
:10B550000120D4E70020D2E75CD30102680E00206E
:10B5600003468B4203D3934201D801207047002049
:10B57000FCE7000010B5044602210B480068FCF708
:10B5800077FD0A4801680068401C084A10600320E3
:10B59000B1FBF0F200FB121020B901210248006853
:10B5A000FCF766FD10BD0000500900206C0900206A
:10B5B00010B50A4890F8220038B100200749086009
:10B5C000401E88600020886106E028220449034864
:10B5D000F3F78DFEF9F7DEFD10BD0000A427002073
:10B5E0001CD501022DE9F04107460D4614461E46C2
:10B5F000264890F82000032807D140F23A2224A1DF
:10B600000020F9F775FDBDE8F0812048006810B909
:10B610001E48076000BF1D488068B0F1FF3F02D19F
:10B620001A48856000BF194890F82700032803D105
:10B63000164880F8276000BF14488069A04208D9E6
:10B640001248C069A04204D91CB1032000F03AF8A6
:10B65000D9E7B5F1FF3F07D00C488068A84203D076
:10B66000032000F02FF8CEE7032E08D0074890F80B
:10B670002700B04203D0032000F024F8C3E70348BA
:10B680008461002000F01EF800BFBCE7A427002062
:10B690002E2E5C2E2E5C2E2E5C736F757263655C95
:10B6A0006461706C696E6B5C647261672D6E2D6491
:10B6B000726F705C7666735F6D616E616765722E26
:10B6C000630000002DE9F05F04462546132C03D0EB
:10B6D000142C01D0012100E00021084640F2ED22A7
:10B6E0005BA1F9F705FD674890F82000032807D112
:10B6F00040F2F12256A10020F9F7FAFCBDE8F09FD4
:10B700006048006880B15F48C0695E4989698842C5
:10B710000AD35C48806938B15A48406859498968F9
:10B72000884201D1012000E00020564981F825001F
:10B73000084690F82660006820B9084690F827006F
:10B74000032801D0012000E0002007464D4890F872
:10B75000250028B14B4890F8240008B1012000E0F2
:10B7600000208046474890F8230028B1454890F8CB
:10B77000250008B1012000E0002083464FF00009B9
:10B7800040480069401CD0B13E494968491C09B194
:10B79000012100E00021084640F20F322CA1F9F708
:10B7A000A7FC3848006937494968401A4FEA402ADF
:10B7B00034484069504501D94FF0010900BF25B117
:10B7C0000320304981F8200028E096B1B9F1000F3C
:10B7D00001D0062508E00FB9002505E0B8F1000FFB
:10B7E00001D0002500E004250320264981F820002F
:10B7F00014E0BBF1000F04D00320224981F820009F
:10B800000CE0B8F1000F04D002201E4981F820009E
:10B8100004E01FB101201B4981F82000194890F86D
:10B82000200003280FD1174890F8210048B1FEF7F7
:10B83000A9FB82460020134981F8210005B955462D
:10B8400000BF114805700EB901F006F900BF55E7B9
:10B850002E2E5C2E2E5C2E2E5C736F757263655CD3
:10B860006461706C696E6B5C647261672D6E2D64CF
:10B87000726F705C7666735F6D616E616765722E64
:10B8800063000000A4270020380A0020C16A21F0CC
:10B890001001C1627047C16A21F01001C162704796
:10B8A00010B51220F9F7EAF9FAF7CEF80E48006B56
:10B8B00020F400700C4908630846006B20F4807087
:10B8C0000863002009490860FAF788F81220F9F7A0
:10B8D000C7F91220F9F7E4F90620F9F7E1F9052094
:10B8E000F9F7DEF9012010BD002001402C0C0020EA
:10B8F00070B504460D462A4621460248FAF738F844
:10B9000070BD00001456002010B51220F9F7B6F9EA
:10B910000020054908600548F9F779FD1220F9F77C
:10B92000BFF9012010BD00002C0C002000200140B8
:10B9300010B504460121204600F03EF810BD00007D
:10B9400010B50446214616A0F9F77AF904F0020072
:10B9500040B101211320F4F78FFF01211320F4F7E8
:10B9600041FF07E000211320F4F73CFF00211320E2
:10B97000F4F782FF04F0010040B100211420F4F735
:10B980007BFF01211420F4F72DFF07E00021142094
:10B99000F4F728FF01211420F4F76EFF10BD00001A
:10B9A00073657420636F6E74726F6C206C696E6562
:10B9B000202578200A0000002DE9F84F044688462B
:10B9C00040A0F9F73DF94FF00009CA461220F9F7F7
:10B9D00055F93F48C06B00903D4900984864207974
:10B9E0003C490870A0793C49087060793B4908706F
:10B9F0003B49206808602079401F00F0FF0B607908
:10BA000005280CD2DFE800F00C0305070900012629
:10BA100008E0032606E0052604E0072602E000BF52
:10BA2000002600BF00BF2F48007818B14FF0010971
:10BA3000CA4602E04FF00009CA46A079022801D1A7
:10BA4000012700E00027284880F800B04670012058
:10BA5000254988700846C7700120087148718871AF
:10BA6000084680F8079080F808A001204872887284
:10BA7000F5F7A4FC1C49C8602068086100BF00BF3E
:10BA8000EFF31081084672B600BF0546F9F7A6FF2E
:10BA90000F48F9F7BCFCB8F1000F01D0102000E00E
:10BAA0000020024610490A48F9F76EFC00BF00BFAB
:10BAB00085F3108800BF00BF1220F9F7F1F80120CC
:10BAC000BDE8F88F696E697420756172740A0000B0
:10BAD00000200140200C0020210C0020220C00201E
:10BAE000240C0020340C0020246600202DE9F041B5
:10BAF00006460D4615B90020BDE8F0812A463146BC
:10BB00002D48F9F750FF074600BF00BFEFF3108143
:10BB1000084672B600BF04462748F9F763FE0028BE
:10BB200042D02648007800283ED12548F9F729FC64
:10BB300000F02000002837D11F48F9F753FE85B2E6
:10BB4000202D00DB2025042D17DA0CE000BF1C4857
:10BB5000F9F703FC0028FAD11748F9F779FE1849DC
:10BB60000860681E85B2002DF0D100BF00BF84F3CD
:10BB7000108800BF00BF3846BEE701200F4908709B
:10BB80000CE000BF0E48F9F7E8FB0028FAD10A489C
:10BB9000F9F75EFE0A490860681E85B2681E002833
:10BBA000EFD10748F9F7E8FB00BF00BF84F3108826
:10BBB00000BF00BF38469FE704460020280C002045
:10BBC0000020014010B50248F9F7F4FD10BD000057
:10BBD000044600202DE9F04786B004460D4616467F
:10BBE0001F46DDE90E89494603A800F0E0FB8246C6
:10BBF000002003A901F80A0003A83B463246294663
:10BC0000CDE900802046FEF7E7FA06B0BDE8F087F0
:10BC100010B50E48007830B983220DA10020F9F745
:10BC200067FA022010BD002008490870F9F704F8EF
:10BC300004460CB11F20F5E71348007820B900BF77
:10BC4000002008B92520EDE70020EBE7F0090020EF
:10BC50002E2E5C2E2E5C2E2E5C736F757263655CCF
:10BC60006461706C696E6B5C647261672D6E2D64CB
:10BC7000726F705C6961705F666C6173685F696E3A
:10BC800074662E6300000000F10900202DE9FF41D9
:10BC900005460E4617460024684823463A46314674
:10BCA0000090284600F06EFB044465A023463A4607
:10BCB000314600902846FAF709FC044464A0234664
:10BCC0003A46314600902846FAF700FC0444F9F75A
:10BCD00021FF804662A023463A463146CDE900085E
:10BCE0002846FDF741FF0444F9F71EFF80465FA098
:10BCF00023463A463146CDE900082846FDF734FF91
:10BD00000444F9F725FF80465DA023463A463146B4
:10BD1000CDE900082846FDF727FF0444F9F70EFF98
:10BD200080465CA023463A463146CDE900082846C5
:10BD3000FDF71AFF0444FAF725F880465DA0234674
:10BD40003A463146CDE900082846FDF70DFF044488
:10BD50005CA023463A4631460090284600F012FB8C
:10BD600004445FA023463A46314600902846FAF73D
:10BD7000ADFB0444FBF730FC00B35FA103C9CDE980
:10BD800002015FA023463A4631460090284600F063
:10BD9000F9FA0444FBF722FC80460422414602A83B
:10BDA00000F03AFB062002A923463A46CDE90010EE
:10BDB0003146284600F0B4FA044400BF56482346F2
:10BDC0003A4631460090284600F0DCFA0444FBF77E
:10BDD00003FC60B1FBF70EFC804650A023463A46B8
:10BDE0003146CDE900082846FBF73AFB0444FBF74F
:10BDF00007FC80464DA023463A463146CDE900086F
:10BE00002846FBF72DFB04444C4800684CA1234610
:10BE10003A46CDE9001031462846FFF7DBFE0444E0
:10BE20004BA023463A46314600902846FAF74EFB8F
:10BE30000444204604B0BDE8F081000030EF010268
:10BE4000556E697175652049443A2040550D0A00C8
:10BE50004849432049443A2040440D0A000000006C
:10BE60004175746F20526573657400004175746F7D
:10BE70006D6174696F6E20616C6C6F776564000032
:10BE80004F766572666C6F7720646574656374695C
:10BE90006F6E0000496E636F6D70617469626C65EE
:10BEA00020696D61676520646574656374696F6E90
:10BEB00000000000506167652065726173696E67FC
:10BEC000000000004461706C696E6B204D6F64650A
:10BED0003A20496E746572666163650D0A00000060
:10BEE000496E746572666163652056657273696F29
:10BEF0006E3A2040560D0A00000000000D0A0000B6
:10BF0000426F6F746C6F61646572205665727369FD
:10BF10006F6E3A2000000000FCEF0102426F6F7468
:10BF20006C6F61646572204352430000496E746512
:10BF30007266616365204352430000004C0A002092
:10BF400052656D6F756E7420636F756E74000000BE
:10BF500055524C3A2040520D0A00000010B50648D8
:10BF6000064908600020064908800648F4F705FCE9
:10BF700001200549087010BDCC6700206C0E002020
:10BF8000700E0020246F0020720E00202DE9F04773
:10BF90001D4C1E4D0022904621462846FDF7E2FF2B
:10BFA0001B4F0646012087F81A804246F8764FF06C
:10BFB0000208A119A819F9F701F9304486B2F5F77A
:10BFC0005DFE87F808804FF00309A119A8194246C1
:10BFD000FBF774FA304486B200F0DAF887F81C9068
:10BFE0004FF00408A119A8194A4600F085FF304413
:10BFF00080B2211887F81D8028444246F9F750FB8B
:10C00000BDE8F047FFF7AABFAA0D00200C6800208A
:10C01000400C00200348007808B101207047002040
:10C02000FCE70000BF0E002010B504462046F6F7DE
:10C0300050F810BD002070472DE9FC4105460F4621
:10C0400016461C46012D02D0032D27D125E024B130
:10C05000012C03D0022C1ED11DE000BF6A4601A9AD
:10C060001048F4F761FB80B10098402805DD4E22AE
:10C070000DA10020F9F73CF80CE03046DDE9002185
:10C08000F3F735F94020BDE8FC81012C02D10120F5
:10C090000F49087000BF00BF00E000BF00BF0020D4
:10C0A000F1E700001C7400202E2E5C2E2E5C2E2E3C
:10C0B0005C736F757263655C7573625C6869645C00
:10C0C000757362645F757365725F6869642E63007F
:10C0D000070F002070B504460E4615462348008819
:10C0E000854201DD002070BD2148007800283AD04B
:10C0F0000120204908600CE01D48007848B9002064
:10C100001C4908601C4908601C4908801C490880BB
:10C11000E9E71B4800880028EED11A4804702A4637
:10C120003146401CF3F7E3F8164813490860002035
:10C130001249088012490D8013480078012805DC57
:10C140000D480068401C0C49086004E00C48008859
:10C15000401C0B4908800020F6F7EEFB00200B493D
:10C1600008550120BFE70020BDE70000B2E1010251
:10C17000BF0E0020E40E0020EC0E0020F20E002086
:10C18000F00E002078660020B0E101024C0C002087
:10C1900010B50120024908700248F4F7EEFA10BD0C
:10C1A000070F00201C740020704700002DE9F843A1
:10C1B0000646884614461D46089F022E02D0032ECE
:10C1C00020D11EE005B91DE02078072803D1012009
:10C1D0000E49087016E06B462A4621460C48F4F7D3
:10C1E0005BFA40B10B48007850B1FBF789F90020A9
:10C1F0000849087004E0782207A10020F8F778FFCA
:10C2000000E000BF00BFBDE8F8830000FC0800208C
:10C210001C740020070F00202E2E5C2E2E5C2E2E6C
:10C220005C736F757263655C7573625C6869645C8E
:10C23000757362645F757365725F6869642E63000D
:10C2400010B5002004490870FFF7A0FEF7F704F8C6
:10C25000F6F7FEFF10BD0000CD0E002010B50A4815
:10C2600000780A49088000200949087009490870C7
:10C270004FF001100849086000200849086008498B
:10C280000860F5F769FE10BDA0E10102BC0E0020B8
:10C29000BE0E0020BF0E0020C00E0020C40E0020E5
:10C2A000C80E002010B500BF00BFEFF31081084694
:10C2B00072B600BF0446F9F7F1FC204600BF80F3D8
:10C2C000108800BF00BF10BD70B505460E460024A3
:10C2D000310E281900F014F804442819C6F3074158
:10C2E00000F00EF804442819C6F3072100F008F8FE
:10C2F0000444F1B2281900F003F80444204670BD4C
:10C300000246064800EB11100078107001F00F0093
:10C31000024B185C5070022070470000C8D4010224
:10C320002DE9F05F80460F4614461D460B9EB8F17E
:10C33000000F24D0A819A04221D3E019A8421ED38F
:10C340004FF0000AD346B146A54204D2A4EB050A39
:10C35000A9EB0A0901E0A5EB040BA819E119884231
:10C3600004D9A819E119401AA9EB00090A9A02EBAD
:10C370000A0108EB0B004A46F2F7B9FF00BF30464E
:10C38000BDE8F09F2DE9FC4705460E461746984646
:10C390000A9C2046F2F7E9FF814643463A46314679
:10C3A000CDE900402846FFF7BBFFBDE8FC872DE93B
:10C3B000F04104460B460027384639461D4605E045
:10C3C0000A26B5FBF6F5401C41F10001002DF7D11E
:10C3D000002780EA07064F403E4301D1012000219B
:10C3E000002212E00A26B3FBF6F706FB17363036BA
:10C3F000B0EB020C4FF00107BCEB0707E6554FF01E
:10C400000A06B3FBF6F302F101024FF00006171A19
:10C410008E41E7D3BDE8F0812DE9F04106460F4695
:10C42000144639463046FFF7C2FF0546A54202D3FF
:10C430002846BDE8F081302221463046F2F777FFEA
:10C44000611B88193946FFF7B2FF2046F1E700006B
:10C4500010B504460B48006880B10A480068006ABD
:10C4600060B10848006838B106480068016A204693
:10C47000884708B1012010BD0020FCE7204600F0ED
:10C4800003F8F8E7680E00202DE9F0470646284833
:10C49000006900284AD004274FF000094FF0000837
:10C4A000D6F800902248006900F1D40409E06268DF
:10C4B00021684846FFF754F8012801D1804606E07C
:10C4C000143420680028F2D160680028EFD100BF42
:10C4D000B8F1000F02D10020BDE8F087F4F7ECF9C5
:10C4E00020E04FF00008F019D0F8009010480069E3
:10C4F00000F10C0509E06A6829684846FFF730F842
:10C50000012801D1804606E0143528680028F2D1C0
:10C5100068680028EFD100BFB8F1000F01D10020FA
:10C52000DAE73F1D0C2FDCD90120D5E70020D3E747
:10C530005CD3010210B504461148006848B11048A8
:10C540000068406A28B10E480068416A2046884762
:10C5500010BD20783A2810D1207A30280BD0207ACC
:10C56000322808D0207A332805D0207A342802D007
:10C57000207A352801D10120EAE70020E8E7000011
:10C58000680E00202DE9FC5F81460E4617461D46C9
:10C590004846FAF745F840F2951259A10090F8F78D
:10C5A000A7FD6448B0F80B006249497B00FB01FB22
:10C5B00005EB0B00401EB0FBFBF001904FF0000AB2
:10C5C0002DB35D48D0F800A04FF000080FE05A48A6
:10C5D0000088401C82B258480168584800F09CFD11
:10C5E00055480068401C5449086008F1010801984A
:10C5F000401E4045EBD84FF6FF724F4801684F4848
:10C6000000F08AFD4C480068401C4B4908604C48CB
:10C610000068202808D34FF4D57239A10020F8F71C
:10C6200067FD0020BDE8FC9F46484549096800EBCE
:10C63000411443480068401C414908602022424997
:10C640002046F2F754FED9F800002060D9F8040023
:10C650006060B9F80800208199F80A00A072E561CD
:10C660004FF6FF7000EA1A40A082A4F81AA03748DB
:10C670000068102807D34FF4DC7221A10020F8F7DE
:10C6800037FD0020CEE732483049096801EB41010F
:10C69000304A42F8210030482C49096801EB410139
:10C6A00002EB8101486036B12848006800EB400089
:10C6B000114641F820603FB12448006800EB40007B
:10C6C000244901EB800047601A48B0F80B0001993B
:10C6D00048431849497B48431C49096801EB41011B
:10C6E0001C4A02EB8101886018480068401C174909
:10C6F00008601A480078401C18490870204691E7E5
:10C700002E2E5C2E2E5C2E2E5C736F757263655C14
:10C710006461706C696E6B5C647261672D6E2D6410
:10C72000726F705C7669727475616C5F66732E638C
:10C7300000000000102800205C0A0020102A0020C1
:10C74000600A0020D02C00204CD80102580A00209A
:10C75000E18B0102102C002059D30102500A002065
:10C7600001460A46D07A704701460A46D0697047AA
:10C7700070B5044625462046FFF7F6FF10B94FF086
:10C78000FF3070BD688BF9F74DF9FAE70246D172B8
:10C790007047000010B51148B0F81300002808DDFC
:10C7A0000E48B0F813000D49B1F80B1000FB01F46E
:10C7B00011E00A48006A38B10848006A0749B1F830
:10C7C0000B1000FB01F406E0002440F2891204A1E2
:10C7D0000020F8F78DFC204610BD00001028002036
:10C7E0002E2E5C2E2E5C2E2E5C736F757263655C34
:10C7F0006461706C696E6B5C647261672D6E2D6430
:10C80000726F705C7669727475616C5F66732E63AB
:10C81000000000002DE9F041074688464FF4007102
:10C820006848F2F78BFD4FF400716748F2F786FD18
:10C83000002066490860C0216548F2F77FFD4FF48B
:10C8400080616448F2F77AFD00206349086063491B
:10C8500008706348634908600020634908606349C1
:10C8600008604FF4007262495648F2F740FD55489F
:10C87000B0F80B1008F58030B0FBF1F45148407B64
:10C8800041F25A0110FB01F0A0420CD94FF4AB72F7
:10C8900058A10020F8F72CFC4A48407B41F25A018D
:10C8A00010FB01F412E04748407B4FF6917148437A
:10C8B000A0420BD240F259124EA10020F8F718FC0A
:10C8C0004048407B4FF6917100FB01F4B4F5803F86
:10C8D00006D300203B49A1F813000846046204E097
:10C8E0003849A1F81340002008623648407BB4FB69
:10C8F000F0F64FF4007000EB4600401EC0F34F20EE
:10C900003049C882302248493148F2F7F0FC2D48BE
:10C91000C08A41022E4841612A48C08A41022C48FF
:10C920000162042030490860002030490860002579
:10C930000BE005EB4500264901EB800080682B49A0
:10C9400009680844294908606D1C042DF1D30020B2
:10C950001E4908604FF6F872084601681A4800F050
:10C96000DBFB1A480068401C184908604FF6FF724C
:10C9700008460168144800F0CFFB14480068401CCA
:10C98000124908600020144908601249124A1268CE
:10C9900001EB421020222549F2F7A9FC0D480E496F
:10C9A000096800EB41103968016079684160398994
:10C9B0000181B97A817208480068401C0649086004
:10C9C000BDE8F08110280020102A00205C0A002019
:10C9D000102C0020D02C0020600A0020500A0020DB
:10C9E0001D650102540A0020580A0020640A002034
:10C9F000FCD501022E2E5C2E2E5C2E2E5C736F75E4
:10CA00007263655C6461706C696E6B5C64726167B3
:10CA10002D6E2D64726F705C7669727475616C5FD7
:10CA200066732E6300000000FCD701022CD80102BF
:10CA300010B50446FEF71AFB34B10648007830B949
:10CA400002200449087002E0002002490870FEF745
:10CA500017FB10BD3A0A002010B5FEF707FBF8F7E8
:10CA60009BFE30B904480078022802D10120034916
:10CA70000870FEF705FB10BD390A00203A0A0020B5
:10CA800010B5FEF7C5FA0148007810BD380A00203D
:10CA90002DE9F0410546FEF7BBFAFEF7E7FAF8F795
:10CAA0007BFE18B9FEF7ECFABDE8F081FCF7A6F8BA
:10CAB0000446314800684EF66021884204D22E4870
:10CAC000006828442C49086014B9FEF7D9FAEBE74E
:10CAD0002A4807782A4800782849087008460078CC
:10CAE000012803D102202649087000E000BF00BFE2
:10CAF00022480678002020490860FEF7C1FA27B1D5
:10CB0000012F03D0022F1FD101E01DE01CE01D48C2
:10CB100090F82000032806D001201A4981F8260049
:10CB20000020FEF7CFFD174991F82010032901D10D
:10CB3000012100E00021084640F2151212A1F8F789
:10CB4000D7FA00F0E3F800BF00BF26B1012E06D0EF
:10CB5000022E0ED107E000201849086009E00020ED
:10CB60001649086005E0F8F767FD012013490860E1
:10CB700000BF00BF00BF97E73C0A0020390A002031
:10CB80003A0A0020A42700202E2E5C2E2E5C2E2E8A
:10CB90005C736F757263655C6461706C696E6B5C0D
:10CBA000647261672D6E2D64726F705C7666735F60
:10CBB0006D616E616765722E630000001C0A0020C3
:10CBC0000149086070470000540A00207CB500BF8E
:10CBD0003248C07F10B131481F3000E030A0054618
:10CBE0004FF08061FFF716FE3048FAF7AFFB0446BE
:10CBF00000BF2A48007D10B12848143000E02CA066
:10CC00000546234600222949FFF7BCFC2B48FAF7CA
:10CC10009DFB044623460022284929A0FFF7B2FCC9
:10CC2000FFF72EFF48B12948FAF790FB0446234648
:10CC30000022264926A0FFF7A5FC284B284A4121BF
:10CC40002848F9F73BF870B12748FAF77FFB04460C
:10CC50002346002224492548FFF794FC064600217C
:10CC60003046FFF793FD224801902248009000BF14
:10CC7000012080B100BF0202DDE90010F2F77CFB69
:10CC800048B91D48FAF762FB0446234600221A49B8
:10CC90001AA0FFF777FC00F037F87CBD5CD30102E7
:10CCA0004441504C494E4B2020202000558A01021F
:10CCB0004D4245442020202048544D005589010212
:10CCC00044455441494C5320545854006989010249
:10CCD0004641494C20202020545854004A0A002044
:10CCE000480A0020CC270020ED8701024FD5010221
:10CCF0000020000200F00002D98A01024E4545449E
:10CD00005F424C20545854007047000010B500BFDB
:10CD1000002020B1FFF7B4FE08B9F4F7C1FC00BF52
:10CD2000012040B1F9F724F818B9F9F70BF80128F8
:10CD300001D1F4F7B5FC03480068401C01490860C4
:10CD400010BD00004C0A00202DE9F84F07460C46A4
:10CD5000904699464B4642462146384600F0C4F874
:10CD600008B1BDE8F88F00BFF2F7B4FB10B9F2F7D5
:10CD700093FB08B1012000E0002008B1012000E091
:10CD800000208246BAF1000F03D1F8F7CDFE00B9BA
:10CD9000E7E7022C74D0002C7CD101200090861E85
:10CDA0006946384600F0A4F800286DD100250CE053
:10CDB0003F4850F835100B223846F2F7DDFA18B923
:10CDC0003B4800EBC50006796D1C102DF0D3701C9C
:10CDD000002857D0102E4BD2DFE806F0080E1617A9
:10CDE0001A1E22262A2E32363A3E424600BF012023
:10CDF00008B1F9F713F842E0E2222EA10020F8F77B
:10CE000077F9002000903AE039E0F9F767FA36E068
:10CE10000120F9F74BF832E00020F9F747F82EE04F
:10CE20000120F9F74DF82AE00020F9F749F826E04B
:10CE30000120F9F759F822E00020F9F755F81EE033
:10CE40000020F8F7E5FF1AE00120F8F7E1FF16E00F
:10CE50000120F9F73FF812E00020F9F73BF80EE067
:10CE60000120F8F7E1FF0AE00020F8F7DDFF06E017
:10CE70004FF488720FA10020F8F73AF900BF03E0E1
:10CE800014E007E0002000909DF8000008B1FFF7D3
:10CE9000E3FD0BE0012C09D10B2212493846F2F7D1
:10CEA0006BFA18B9FFF7FEF9FFF7D6FD00BF58E798
:10CEB0005CD501022E2E5C2E2E5C2E2E5C736F75BF
:10CEC0007263655C6461706C696E6B5C64726167EF
:10CED0002D6E2D64726F705C7666735F757365720C
:10CEE0002E6300004FD5010210B50446002010BD8E
:10CEF000024600207047000010B506A1D1E90034B9
:10CF0000097A0360446001728270054882730920C7
:10CF100010BD00000904000000FF0300070000002E
:10CF2000600C00202DE9FE4F80468A461646444696
:10CF300094F83000302848DA94F83000C0F1300B13
:10CF4000B34501D2584600E03046074694F8301009
:10CF500008193A465146F2F7CAF914F8300F384426
:10CF6000207014F83009302802DA0020BDE8FE8F66
:10CF7000BA44F61B94F8301000231A462046F9F7FD
:10CF8000B1FB8146B9F1000F01D11C20EEE701A8E9
:10CF900002AB0022114600904846F9F7FFFB054618
:10CFA0000DB12846E2E70298606394F830202146EC
:10CFB000606BF9F75BFD05460DB12846D6E794F89E
:10CFC0003010606B0844606300BF32465146606BAE
:10CFD000F9F74CFD05460DB12846C7E7606B3044B4
:10CFE00060631420C2E700002DE9F84F07468A4627
:10CFF000904607EB08004FF48061B1EB402F07D259
:10D000004FF41F7235A10020F8F772F8BDE8F88FD1
:10D0100078024FEA50194FEA48204FEA501B3C482B
:10D0200000EB491655460FB9012000E000200446E8
:10D0300048E005EB441106EB44102022F2F79CF97E
:10D0400000B93EE005EB441106EB44100B22F2F769
:10D0500093F908B9012000E00020009005EB44138B
:10D0600006EB441205EB44100221DFF8A8C0DCF8FF
:10D0700000C0E04705EB44100078E5280CD105EB33
:10D08000441306EB441206EB44100121DFF884C080
:10D09000DCF800C0E04714E0009888B905EB4410C4
:10D0A000F9F7BEFA60B105EB441306EB441205EB49
:10D0B00044100021DFF85CC0DCF800C0E04700E06D
:10D0C00000BF641C5C45B4D34FEA4822104901EB11
:10D0D00049105146F2F70BF900BF97E72E2E5C2E50
:10D0E0002E5C2E2E5C736F757263655C6461706C70
:10D0F000696E6B5C647261672D6E2D64726F705C1B
:10D100007669727475616C5F66732E63000000004F
:10D11000D02C0020540A00202DE9F04105460C4691
:10D120001646002000EB4408012000EB4407B7F549
:10D13000007F07D340F2391205A10020F7F7D8FF8E
:10D14000BDE8F08105F80860300AE85500BFF7E750
:10D150002E2E5C2E2E5C2E2E5C736F757263655CBA
:10D160006461706C696E6B5C647261672D6E2D64B6
:10D17000726F705C7669727475616C5F66732E6332
:10D18000000000002DE9F04105460E4617463A46DC
:10D190003146284600F011F8044614B12046BDE897
:10D1A000F0813A4631462846F2F7E6F808B9002001
:10D1B00000E0022004462046F1E72DE9F04705464D
:10D1C0008846144625F0FF0000F5807A00260BE023
:10D1D000A85D18F80610084018F80610884202D01A
:10D1E0000120BDE8F087761CA642F1D3F7F769FD70
:10D1F000814672B640F2C970804710E0AAEB05077D
:10D20000A74200D327463A464146284643F6D7432D
:10D2100098473D44B844E41B0AF5807A00BF002CCF
:10D22000ECD140F25160804740F60D008047B9F1E3
:10D23000000F00D162B60020D3E7000008B5F8F770
:10D240005FFA0090042269460148FFF79BFF08BD82
:10D25000531200022DE9F04387B081460E4617466F
:10D260004FF000084D4605240020069005900490DC
:10D2700051E005A806A94FF480726B1CCDE900218E
:10D28000029004AA39463046FAF7D6FF044644B95C
:10D29000059828B1691CDDE90520F9F7E7FB804610
:10D2A0003AE0022C10D1059848B1691CDDE905204F
:10D2B000F9F7DCFB8046B8F1000F00D02CE00498B1
:10D2C0003F1A0498064426E0012C0DD1059828B198
:10D2D000691CDDE90520F9F7C9FB8046B8F1000FAC
:10D2E00001D14FF0130817E0042C02D14FF01508BC
:10D2F00012E0052C01D0062C0DD1052C01D0012106
:10D3000000E0002108464FF4B07206A1F7F7F0FEE6
:10D310004FF0160800E0ACE700BF404607B0BDE89C
:10D32000F08300002E2E5C2E2E5C2E2E5C736F750B
:10D330007263655C6461706C696E6B5C647261677A
:10D340002D6E2D64726F705C66696C655F737472AC
:10D3500065616D2E63000000704700000100019AB6
:10D36000307832343000000003000000680A0020EA
:10D37000494E47434849505348544D494E47434806
:10D3800049505300000068747470733A2F2F696E0F
:10D390006763686970732E6769746875622E696F58
:10D3A000000000000000000000000000000000007D
:10D3B000000000000000000000000000000000006D
:10D3C000000000000000000000000000000000005D
:10D3D00000000000000000006CE7010264E70102A9
:10D3E00053544152545F424C414354322E312E30FB
:10D3F00000000000A4EE010260EE010240EE010216
:10D4000004EF01024CEB010208EE010264EB0102A1
:10D4100020ED010278ED0102C0EE0102CCED010227
:10D42000D4EC0102F8EC010244ED010278EE0102B5
:10D4300000EC0102D4EB0102ACEB010230EC010282
:10D44000ACED0102E8EE0102E0E80102A0E8010211
:10D4500064E8010260EC0102DCEA010238EA010240
:10D4600000EA010228E9010210EB010204E80102CE
:10D4700038E80102D8E7010278E70102A8E70102D3
:10D4800098EA010278E90102B4E901022CEF0102F5
:10D4900074EA010253544152545F424C41435400D8
:10D4A00049B2010269B40102B1B2010255B10102EF
:10D4B000B9B00102F5B30102B9B1010291B00102A4
:10D4C00021B40102A0D40102303132333435363771
:10D4D000383961626364656600000000535441524C
:10D4E000545F424C414354006176010211BC010279
:10D4F0006D850102D1610102096101023D870102CE
:10D50000D5620102A5B0010200000000E8D40102CA
:10D5100053544152545F424C4143540000000000B8
:10D52000FFFFFFFFFFFFFFFFFFFFFFFFFFFFFFFF0B
:10D5300000000000000000000000000000000000EB
:10D540000000000353544152545F424C4143544144
:10D5500053534552542020545854000044D50102DE
:10D5600000000000B8F1010201000000C4F1010256
:10D5700002000000ACF1010203000000A0F1010272
:10D580000400000094F101020500000058F10102BE
:10D59000060000007CF10102070000004CF10102CE
:10D5A0000800000070F101020900000034F10102DE
:10D5B0000A00000040F101020B00000064F10102CA
:10D5C0000C00000088F101020D000000D0F1010202
:10D5D0000E000000DCF101020F000000F4F1010276
:10D5E00010F2010200F2010208F20102E8F1010268
:10D5F000307800000000000000000000EB3C904D7F
:10D6000053443053342E31000208010002200050F0
:10D610001FF80100010001000000000000000000F0
:10D62000000029741902274441504C494E4B2D44A7
:10D630004E444641543136202020FAB8C007052018
:10D64000018ED0BC0010B8C0078ED8BE6D00E80BAC
:10D6500000EBFEB40EB700B307CD10C38A04460832
:10D66000C07405E8EDFFEBF4C3504C454153452031
:10D6700052454D4F5645205448452041524D204D6E
:10D68000424544204441504C494E4B205553422082
:10D6900044455649434520414E44205245424F4F50
:10D6A00054205448452053595354454D2E2E0000C4
:10D6B000000000000000000000000000000000006A
:10D6C000000000000000000000000000000000005A
:10D6D000000000000000000000000000000000004A
:10D6E000000000000000000000000000000000003A
:10D6F000000000000000000000000000000000002A
:10D700000000000000000000000000000000000019
:10D710000000000000000000000000000000000009
:10D7200000000000000000000000000000000000F9
:10D7300000000000000000000000000000000000E9
:10D7400000000000000000000000000000000000D9
:10D7500000000000000000000000000000000000C9
:10D7600000000000000000000000000000000000B9
:10D7700000000000000000000000000000000000A9
:10D780000000000000000000000000000000000099
:10D790000000000000000000000000000000000089
:10D7A0000000000000000000000000000000000079
:10D7B0000000000000000000000000000000000069
:10D7C0000000000000000000000000000000000059
:10D7D0000000000000000000000000000000000049
:10D7E0000000000000000000000000000000000039
:10D7F0000000000000000000000055AA898B010213
:10D8000059D3010200020000C587010259D3010269
:10D8100000000000C587010259D30102000000008A
:10D8200045870102E9CF010200040000000000006A
:10D8300000000000000000280000000000000000C0
:10D840000000418EBB32000000000000000000001C
:10D85000000000000000000100000000764876484B
:10D860000000DC83764800000000000000BE0AE0F3
:10D87000FE4991F8432060F3051281F84320FC48EB
:10D880008865800948604FF0087088604FF0FF306D
:10D89000C860086148618861C86191F8400040F043
:10D8A0003C0081F84000087840F0020008707047A2
:10D8B000F04991F8432060F3051281F84320EC48C9
:10D8C0008865800948604FF0087088604FF0FF302D
:10D8D000C860086148618861C86191F8400040F003
:10D8E0003C0081F84000087840F002000870704762
:10D8F000DE48017841F0020101707047DB48017891
:10D9000021F0020101707047D849D94888657047F5
:10D91000D848017841F0020101707047D54801787C
:10D9200021F0020101707047D249D14888657047E3
:10D93000D148C168C907FCD1704710B5FFF7F8FF9F
:10D94000CD4A5068CD4B184040F40070506005241B
:10D9500004E05068184040F4007050601460FFF715
:10D96000E7FF1069C007F4D110BD00B5FFF7E0FF75
:10D97000C14A506920F4C02050615068BF4B184024
:10D98000506006201060FFF7D3FF5068184040F445
:10D9900000705060052010605DF804EBC8E700B52A
:10D9A000FFF7C6FFB448416921F4C02141614168D5
:10D9B000B24A11404160042101605DF804EBB7E711
:10D9C00030B50546FFF7B4FFAB4C6068AB49084083
:10D9D00040F400706060FFF7C8FFE8B2A060280A5A
:10D9E000A06001202060FFF7A3FFFFF7A6FFBDE8BE
:10D9F00030409DE700B5FFF79BFF4FF40070FFF745
:10DA0000DFFF5DF804EB93E700B5FFF791FF9A485D
:10DA1000416941F0010141615DF804EB88E700B51F
:10DA2000FFF786FF94484168954A114341605DF8CD
:10DA300004EB7DE700B5FFF77BFF8F4A506920F4C8
:10DA4000C020506150688D4908405060FF20106030
:10DA5000FFF76EFF50688B49084050605DF804EB9B
:10DA600066E770B50C460646FFF762FF0023824D5D
:10DA7000A6F1007602E0E05CA8605B1C9342FAD35A
:10DA8000FFF773FF022000EB06202860FFF750FF2E
:10DA9000FFF753FFBDE870404AE770B50C460646F5
:10DAA000FFF746FF0023744DA6F1007602E0E05C2C
:10DAB000A8605B1C9342FAD3FFF757FF322040EA7D
:10DAC00006202860FFF734FFFFF737FFBDE87040FE
:10DAD0002EE710B50446FFF72BFFFFF746FF664918
:10DAE000812040EA04200860FFF722FFFFF725FFAE
:10DAF000BDE810401CE710B50446FFF719FFFFF71B
:10DB000034FF5D49202040EA04200860FFF710FF41
:10DB1000FFF713FFBDE810400AE710B50446FFF712
:10DB200007FFFFF722FF5449522040EA0420086013
:10DB3000FFF7FEFEFFF701FFBDE81040F8E610B565
:10DB40000446FFF7F5FEFFF710FF4B49D82040EAE7
:10DB500004200860FFF7ECFEFFF7EFFEBDE8104081
:10DB6000E6E600B5FFF7E4FEFFF7FFFE424960205E
:10DB70000860FFF7DDFEFFF7E0FE5DF804EBD7E697
:10DB800000B5FFF7D5FE3C4A50683C49084040F4D8
:10DB90000070506005201060FFF7CAFE1069C3B224
:10DBA00035201060FFF7C4FE1069C0B243EA0022BE
:10DBB000FFF7BEFE104600BD00B5FFF7B9FE2E4AC6
:10DBC000506940F4C0205061506820F4FE3040F4A9
:10DBD000407050609F201060FFF7AAFE106900BDE2
:10DBE00000B5FFF7A5FE244A506920F4C02040F498
:10DBF0000030506150682149084040F40070506086
:10DC000090201060FFF794FE106900BD00B5034638
:10DC1000FFF78EFE184A506920F4C02040F480209F
:10DC2000506150681549084040F4805050604B20C6
:10DC30001060FFF77DFE90681860906858609068EB
:10DC400098609068D86000BD30B50B460546FFF778
:10DC50006FFE094C606920F4C02060610022985C6E
:10DC6000A060521CFF2AFAD90EE000000000144008
:10DC7000040000800010144000001540FF00FEFF6B
:10DC80002000000100FFFFFEFFF76FFE422040EA88
:10DC900005202060FFF74CFEBDE830404DE630B572
:10DCA0000546FFF745FE414C606920F4C0216161E3
:10DCB000FFF75BFE442040EA05202060FFF738FEB6
:10DCC000BDE8304039E63B4900B5394888653A49F6
:10DCD00088650120FFF7CCFD0120FFF7E9FDFFF784
:10DCE00089FEFFF791FE5DF804EB98E600B5FFF7BB
:10DCF00005FEFFF713FE4FF08041486820F48020B6
:10DD00004860086A20F040000862486A20F020005D
:10DD1000486200204FF47A72401C9042FCD3086A9B
:10DD200040F040000862486A40F020004862086EF7
:10DD3000C00704D12148816D41F4F04181655DF84F
:10DD400004EB61E6F0B516460C4607464FF4807CBE
:10DD50000BE06546AC4200D825462A463146384697
:10DD6000FFF79BFE641B2F442E44002CF1D10020B2
:10DD7000F0BD00B5FFF7BAFF002000BD00207047DE
:10DD80000020704700B5FFF7B6FE002000BD70B55B
:10DD90000446002304E0E55CD65CB54202D15B1C7E
:10DDA0008B42F8D3E01870BDCCE7000000001540AE
:10DDB00004000080000014400010144000001040D7
:10DDC0000000000000000002001000000705002015
:10DDD0001105002015050020190500203D05002033
:10DDE0002305002001000020540500200008002029
:10DDF000000A002000000020580500006CD8010235
:10DE0000000100000100000080B582B001901421E3
:10DE1000C4F215010868022262F35240086004212E
:10DE2000C4F215010868042262F31020086001980A
:10DE3000000248300021C4F21501086040F66D3040
:10DE400080471020C4F21500006802B080BD0000B9
:10DE5000FFFFFFFAAAAA48C000020FFFFFFF000061
:10DE60000387E0FFFFFFF5555524A000010FFFFFDA
:10DE7000FE800003A7E0FFFFFFFAAAA89090000031
:10DE80008FFFFFFE40000397E0FFFFFFF555564868
:10DE90008800004FFFFFFE200003C7E0FFFFFFFAEE
:10DEA000AAA9268400002FFFFFFE10000387E0FFD1
:10DEB000FFFFF55554928200001FFFFFFE0800038C
:10DEC0008FE0FFFFFFFAAAAA4A8100020FFFFFFEC0
:10DED00004000387E0FFFFFFF55555268080010F02
:10DEE000FFFFFE020003A7E0FFFFFFFAAAA892804F
:10DEF00040008FFFFFFE01000397E0FFFFFFF55595
:10DF0000564A8020004FFFFFFE008003C7E0FFFF5E
:10DF1000FFFAAAA9268010002FFFFFFE004003870A
:10DF2000E0FFFFFFF55554918008001FFFFFFE0042
:10DF300020038FE0FFFFFFFAAAAA498004000FFF29
:10DF4000FFFE00100387E0FFFFFFF5555525800217
:10DF5000000FFFFFFE00080387E0FFFFFFFAAAA8FB
:10DF6000918001000FFFFFFE00040387E0FFFFFF29
:10DF7000F55556498000800FFFFFFE00021387E031
:10DF8000FFFFFFFAAAA9258000400FFFFFFE000156
:10DF90000B87E0FFFFFFF55554918000240FFFFF32
:10DFA000FE00008787E0C8000000000000000000BD
:10DFB000010000000000000000D000000000000090
:10DFC000000000020000000000000000C40000008B
:10DFD000000000000000008000000000000000FFC2
:10DFE000FFFFFAAAAA488000100FFFFFFE000043BF
:10DFF00087E0FFFFFFF55555248000080FFFFFFE67
:10E0000000002387E0C00000000000004000000086
:10E010000000010000000000C0000000000000201F
:10E020000000000000008000000000C000000000B0
:10E030000000100000000000004000000000C200CE
:10E040000000000000000000004000000000000090
:10E0500000C10000000000000000000020000000DF
:10E0600000000000C0800000000000000000001060
:10E0700000000000000000C00000000000000800D8
:10E0800000000000002000000000C00000000000B0
:10E0900000040000000000001000000000FFFFFF6F
:10E0A000FAAAA8908200000FFFFFFE08000387E095
:10E0B000C00000000000000100000000000004009B
:10E0C000000000C000000000000000800000000010
:10E0D000000200000000FFFFFFF555564B80400096
:10E0E0000FFFFFFE01000387E0FFFFFFFAAAA92749
:10E0F0008020000FFFFFFE00800387E0C0000000CB
:10E10000000000001000000000000040000000C0FF
:10E1100000000000000000080000000000002000D7
:10E120000000C0000000000000000400000000002B
:10E130000010000000C0000000000000000200000D
:10E140000000000008000000C00000000000000007
:10E150000100000000000004000000C000000000FA
:10E160000000000080000000000002000000565780
:10E1700058595A5B5C5D60615E5F000000010101FF
:10E180000101020202020A0F1400050A0F140A0F0D
:10E190000005030405060708090A0D0E0B0C000014
:10E1A0000000010540010100010040004000400066
:10E1B0000101400040000100030404004000400051
:10E1C0001000100040004000212005054000000222
:10E1D0004000000000000000C73A010200000000FB
:10E1E0000000000000000000CB3A01020000000027
:10E1F000D1210102D52B010200000000231C0102E5
:10E20000051C01025518010200000000000000007A
:10E2100000000000000000000000000000000000FE
:10E2200000000000000000000000000000000000EE
:10E23000CF200102000000000000000000000000EC
:10E240000600FF0901A101150026FF007508954091
:10E250000901810295400901910295010901B1026C
:10E26000C000210012011002EF020140280D04023B
:10E270000010010203010000050F3900021810050B
:10E280000038B60834A909A0478BFDA0768815B6DA
:10E2900065000121001C100500DF60DDD88945C73D
:10E2A0004C9CD2659D9E648A9F000003064A012013
:10E2B00000000000040309040803410072006D001F
:10E2C00024034400410050004C0069006E006B00C4
:10E2D000200043004D005300490053002D0044002E
:10E2E000410050001A03300030003000310041007E
:10E2F00030003000300030003000300030002203A9
:10E300006D0062006500640020005300650072002B
:10E31000690061006C00200050006F007200740002
:10E3200022036D0062006500640020005300650058
:10E330007200690061006C00200050006F007200E4
:10E3400074001A0343004D005300490053002D0090
:10E3500044004100500020007600310024035700A3
:10E36000650062005500530042003A00200043005F
:10E370004D005300490053002D004400410050005F
:10E380001A0343004D005300490053002D00440080
:10E39000410050002000760032000000080B00020F
:10E3A0000202010409040000010202010405240024
:10E3B00010010524010302042402060524060000BE
:10E3C0000705830310002009040000020A0000056D
:10E3D0000705040240000007058402400000000019
:10E3E00004000000880004010A000000FFA50E00E0
:10E3F000010000001027000000000000CC00000019
:10E40000980000000400000000000000000001016E
:10E410000100000053544152545F424C41435400A8
:10E4200001000100000000000000000000000000EA
:10E4300000000000000000000000000000000000DC
:10E4400000000000000000000000000002000200C8
:10E4500001000000000000000000000000000000BB
:10E4600000000000000000000000000000000000AC
:10E470000000000000000000030002000400000093
:10E48000000000000000000000000000000000008C
:10E49000000000000000000000000000000000007C
:10E4A000000000000000000000000000000000006C
:10E4B000000000000000000000000000000000005C
:10E4C000000000000000000000000000000000004C
:10E4D000000000000000000000000000000000003C
:10E4E000000000000000000000000000000000002C
:10E4F000000000000000000000000000000000001C
:10E50000000000000000000000000000000000000B
:10E5100000000000000000000000000000000000FB
:10E5200000000000000000000000000000000000EB
:10E5300000000000000000000000000000000000DB
:10E5400000000000000000000000000000000000CB
:10E5500000000000000000000000000000000000BB
:10E5600000000000000000000000000000000000AB
:10E57000000000000000000000000000000000009B
:10E58000000000000000000000000000000000008B
:10E59000000000000000000000000000000000007B
:10E5A000000000000000000000000000000000006B
:10E5B000000000000000000000000000000000005B
:10E5C000000000000000000000000000000000004B
:10E5D000000000000000000000000000000000003B
:10E5E000000000000000000000000000000000002B
:10E5F000000000000000000000000000000000001B
:10E60000000000000000000000000000000000000A
:10E6100000000000000000000000000000000000FA
:10E6200000000000000000000000000000000000EA
:10E6300000000000000000000000000000000000DA
:10E6400000000000000000000000000000000000CA
:10E6500000000000000000000000000000000000BA
:10E6600000000000000000000000000000000000AA
:10E67000000000000000000000000000000000009A
:10E68000000000000000000000000000000000008A
:10E69000000000000000000000000000000000007A
:10E6A000000000000000000000000000000000006A
:10E6B000000000000000000000000000000000005A
:10E6C000000000000000000000000000000000004A
:10E6D000000000000000000000000000000000003A
:10E6E000000000000000000000000000000000002A
:10E6F000000000000000000000000000000000001A
:10E700000000000000000000000000000000000009
:10E7100000000000000000000000000000000000F9
:10E7200000000000000000000000000000000000E9
:10E7300000000000000000000000000000000000D9
:10E7400000000000000000000000000000000000C9
:10E7500000000000000000000000000000000000B9
:10E7600000000000494E473931360000494E47430A
:10E770004849505300000000496E206170706C6978
:10E78000636174696F6E2070726F6772616D6D691D
:10E790006E6720736563746F7220657261736520A4
:10E7A0006661696C65642E00496E206170706C69E9
:10E7B000636174696F6E2070726F6772616D6D69ED
:10E7C0006E67206D61737320657261736520666189
:10E7D000696C65642E000000496E206170706C6980
:10E7E000636174696F6E2070726F6772616D6D69BD
:10E7F0006E67207772697465206661696C65642E46
:10E8000000000000496E206170706C69636174697A
:10E810006F6E2070726F6772616D6D696E672069CF
:10E820006E697469616C697A6174696F6E20666182
:10E83000696C65642E000000496E206170706C691F
:10E84000636174696F6E2070726F6772616D6D695C
:10E850006E6720756E696E6974206661696C6564A7
:10E860002E000000546865206865782066696C6534
:10E870002063616E6E6F742062652070726F6772C4
:10E88000616D6D65642E204C6F67696320666169F8
:10E890006C757265206F636375727265642E00001B
:10E8A000546865206865782066696C652063616ED0
:10E8B0006E6F74206265206465636F6465642E20EA
:10E8C000506172736572206C6F676963206661695D
:10E8D0006C757265206F636375727265642E0000DB
:10E8E000546865206865782066696C652063616E90
:10E8F0006E6F74206265206465636F6465642E20AA
:10E90000436865636B73756D2063616C63756C61DF
:10E9100074696F6E206661696C757265206F6363E0
:10E9200075727265642E0000546865206170706CA9
:10E9300069636174696F6E2066696C6520666F72C9
:10E940006D617420697320756E6B6E6F776E2061D8
:10E950006E642063616E6E6F7420626520706172F8
:10E9600073656420616E642F6F722070726F6365CF
:10E97000737365642E000000496E206170706C69CD
:10E98000636174696F6E2070726F6772616D6D691B
:10E990006E67206E6F7420737570706F727465642B
:10E9A000206F6E2074686973206465766963652ED4
:10E9B00000000000496E206170706C6963617469C9
:10E9C0006F6E2070726F6772616D6D696E67206621
:10E9D00061696C6564206265636175736520746844
:10E9E00065207570646174652073656E742077614D
:10E9F0007320696E636F6D706C6574652E00000026
:10EA0000546865207374617274696E672061646410
:10EA10007265737320666F722074686520696E7406
:10EA200065726661636520757064617465206973E1
:10EA30002077726F6E672E00546865207374617260
:10EA400074696E67206164647265737320666F72A7
:10EA50002074686520626F6F746C6F6164657220EA
:10EA60007570646174652069732077726F6E672EAC
:10EA70000000000054686520626F6F746C6F616401
:10EA800065722043524320646964206E6F74207065
:10EA90006173732E00000000496E206170706C6914
:10EAA000636174696F6E2070726F6772616D6D69FA
:10EAB0006E672061626F727465642064756520748E
:10EAC0006F20616E206F7574206F6620626F756EA7
:10EAD000647320616464726573732E0054686520EA
:10EAE0006865782066696C65206F6666736574205A
:10EAF0006C6F616420616464726573732069732054
:10EB00006E6F7420636F72726563742E0000000074
:10EB1000546865206170706C69636174696F6E2000
:10EB2000696D616765206973206E6F7420636F6D16
:10EB300070617469626C65207769746820746865B7
:10EB4000207461726765742E0000000054686520AF
:10EB50007472616E736665722074696D6564206F8E
:10EB600075742E0046696C652073656E74206F7530
:10EB700074206F66206F7264657220627920504342
:10EB80002E20546172676574206D69676874206E09
:10EB90006F742062652070726F6772616D6D65645D
:10EBA00020636F72726563746C792E00466C6173BA
:10EBB0006820616C676F726974686D207772697420
:10EBC0006520636F6D6D616E64204641494C5552FE
:10EBD00045000000466C61736820616C676F726964
:10EBE00074686D20657261736520616C6C20636F61
:10EBF0006D6D616E64204641494C555245000000E0
:10EC0000466C61736820616C676F726974686D200F
:10EC1000657261736520736563746F7220636F6DD5
:10EC20006D616E64204641494C555245000000001C
:10EC3000466C61736820616C676F726974686D20DF
:10EC400077726974652076657269667920636F6D85
:10EC50006D616E64204641494C55524500000000EC
:10EC6000546865206865782066696C6520796F75E1
:10EC70002064726F707065642069736E27742063FE
:10EC80006F6D70617469626C652077697468207457
:10EC9000686973206D6F6465206F722064657669A2
:10ECA00063652E2041726520796F7520696E204D55
:10ECB00041494E54454E414E4345206D6F64653F7A
:10ECC000205365652048454C50204641512E4854FC
:10ECD0004D0000004661696C656420746F20696EA8
:10ECE000697469616C697A65207468652074617201
:10ECF000676574204D4355004661696C65642074F6
:10ED00006F20756E696E697469616C697A652074CB
:10ED1000686520746172676574204D43550000007A
:10ED20004661696C656420746F2072657365742F29
:10ED300068616C7420746865207461726765742002
:10ED40004D43550050726F6772616D6D696E67203B
:10ED500061626F727465643A20696D6167652077DE
:10ED60006F756C64206C6F636B207461726765747F
:10ED7000204D4355000000004661696C65642074B5
:10ED80006F20646F776E6C6F616420666C6173686E
:10ED900020616C676F726974686D20746F20746194
:10EDA00072676574204D435500000000456E642075
:10EDB0006F662073747265616D206861732062658F
:10EDC000656E207265616368656400004661696C08
:10EDD000656420746F20646F776E6C6F616420745B
:10EDE000686520666C617368206461746120636F7C
:10EDF0006E74656E747320746F2062652070726F1C
:10EE00006772616D6D656400506F737369626C65E4
:10EE1000206D69736D6174636820626574776565E0
:10EE20006E2066696C652073697A6520616E642066
:10EE300073697A652070726F6772616D6D656400C9
:10EE4000416E20696E7465726E616C206572726FBE
:10EE50007220686173206F6363757272656400006D
:10EE6000416E206572726F7220686173206F6363F8
:10EE700075727265640000004661696C6564207497
:10EE80006F20756E6C6F636B2074617267657420A0
:10EE90004D435520666F722070726F6772616D6DA1
:10EEA000696E67004F7065726174696F6E2077617B
:10EEB00073207375636365737366756C000000007F
:10EEC000466C61736820616C676F726974686D204D
:10EED0006D697373696E6720666F72206120726559
:10EEE00067696F6E00000000456E64206F662073D6
:10EEF000747265616D20697320756E6B6E6F776ECD
:10EF000000000000416E206572726F72206F6363B3
:10EF1000757272656420647572696E6720746865C5
:10EF2000207472616E73666572000000000000005C
:10EF300023204441504C696E6B204669726D7761A5
:10EF40007265202D207365652068747470733A2F84
:10EF50002F6461706C696E6B2E696F0D0A42756962
:10EF60006C642049443A20302E352E312D673436DA
:10EF7000316232633839202861726D63632C206CF2
:10EF80006F63616C206D6F6473290D0A00000000CF
:10EF90004120626F6F746C6F61646572207570647C
:10EFA0006174652077617320737461727465642085
:10EFB00062757420756E61626C6520746F20636F7A
:10EFC0006D706C6574652E0D0A52656C6F616420FE
:10EFD00074686520626F6F746C6F61646572207411
:10EFE0006F206669782074686973206572726F7229
:10EFF000206D6573736167652E0D0A004769742083
:10F000005348413A20343631623263383936343726
:10F01000373562383665346238633137643330638C
:10F02000356362313063313735616331380D0A4CF5
:10F030006F63616C204D6F64733A20310D0A555334
:10F040004220496E74657266616365733A202C20B4
:10F050004344432C204849442C2057656255534271
:10F060000D0A00003C21646F637479706520687438
:10F070006D6C3E0D0A3C212D2D206D626564205083
:10F080006C6174666F726D20576562736974652078
:10F09000616E642041757468656E7469636174693A
:10F0A0006F6E2053686F7274637574202D2D3E0D42
:10F0B0000A3C68746D6C3E0D0A3C686561643E0DE7
:10F0C0000A3C6D65746120636861727365743D22EA
:10F0D0007574662D38223E0D0A3C7469746C653E69
:10F0E0006D62656420576562736974652053686F4B
:10F0F00072746375743C2F7469746C653E0D0A3CC0
:10F100002F686561643E0D0A3C626F64793E0D0AAA
:10F110003C7363726970743E0D0A77696E646F7731
:10F120002E6C6F636174696F6E2E7265706C6163B3
:10F13000652822004D53445F4F4E20204346470030
:10F140004D53445F4F464620434647004F56464C7A
:10F150005F4F4E20434647004155544F5F4F4E206E
:10F1600043464700434F4D505F4F4E2043464700B4
:10F170004F56464C5F4F4646434647004155544F15
:10F180005F4F464643464700434F4D505F4F46460C
:10F1900043464700484152445F5253544346470058
:10F1A0004155544F5F5253544346470045524153D3
:10F1B00045202020414354004153534552542020C0
:10F1C0004143540052454652455348204143540060
:10F1D000504147455F4F4E20414354005041474501
:10F1E0005F4F464641435400696E746572666163C1
:10F1F00065000000696E7465726E616C000000004D
:10F2000075736572000000007461726765740000B8
:10F210007472616E7369656E74000000494E4739FF
:10F220003136303000000000494E47436869707342
:10F230000000000064F2010200000020FC08000051
:10F24000C84C010260FB0102FC0800201C06000003
:10F2500014F40002FCFC0102180F0020006E0000F4
:10F26000D84C010240F2B57CC0F2012C604740F658
:10F27000EB6CC0F2012C604740F2E57CC0F2012C3F
:10F28000604740F6790CC0F2012C604740F6E94C2B
:10F29000C0F2012C604740F60D1CC0F2012C604703
:10F2A00048F64B6CC0F2012C60474AF21D3CC0F29C
:10F2B000012C60474AF6E11CC0F2012C60474AF27B
:10F2C000A36CC0F2012C60474AF66D7CC0F2012CA1
:10F2D000604744F6414CC0F2012C60474AF2197C69
:10F2E000C0F2012C604741F2257CC0F2012C60473E
:10F2F00041F2CD6CC0F2012C604748F6856CC0F23B
:10F30000012C604745F2F32CC0F2012C604745F216
:10F31000F91CC0F2012C604741F2C54CC0F2012C2F
:10F32000604740F6313CC0F2012C604740F6A14CEA
:10F33000C0F2012C6047000070B5044604F03F00A5
:10F3400000B9402004F08005002D3AD0C508002DFA
:10F350006ED0384D2D6A384E354045F00075354E2B
:10F36000356235462D6925F4F85545F4E06535617B
:10F37000002575623546EB6A00BF2E4D6D6B05F0BA
:10F380000105002DF9D102F8013B083815E0294D9F
:10F390002D6925F4F85545F4E065264E35610025C4
:10F3A00075623546EB6200BF224D6D6B05F00105BD
:10F3B000002DF9D102F8013B0838C508002DE6D12F
:10F3C00036E0C508A5B31B4D2D6A1C4E354045F0EF
:10F3D0008075184E356235462D6925F4F85545F48B
:10F3E000E06535610025756211F8015BF56200BFCB
:10F3F000104D6D6B05F00105002DF9D1083814E0B2
:10F400000C4D2D6925F4F85545F4E065094E35613C
:10F410000025756211F8015BF56200BF054D6D6B4B
:10F4200005F00105002DF9D10838C508002DE7D1F8
:10F4300070BD00000000164000FEFFF0FF0FE0F07E
:10F440002DE9F04704460F464FF00009002600253D
:10F4500004F00F0000F002FA8146812040EA4910D2
:10F4600004F00F0140EA4106C848006AC849084054
:10F4700040F08070C54908620846006920F4F850E1
:10F4800040F4E0600861002048620846C66200BFA0
:10F49000BE48406B00F001000028F9D1BB48006A6B
:10F4A000BC49084040F00070B8490862084600694D
:10F4B00020F4F851B848007F801C41EA0020B3498D
:10F4C0000861002048620846C56A00BFAF48406B2B
:10F4D00000F001000028F9D1AF48007F25FA00F0C4
:10F4E00000F00705012D7DD104F00200002846D070
:10F4F00000264FF00009A548006AA649084040F0E0
:10F500000070A24908620846006920F4F85040F4EF
:10F5100070600861002048620846C66A00BF9B48C8
:10F52000406B00F001000028F9D1B046974800690F
:10F5300020F4F8519848007F103041EA00209349A8
:10F540000861002048620846C66A00BF8F48406BC9
:10F5500000F001000028F9D148EA0648404600F0D2
:10F560007DF98146C6F3004A89EA0A0000F00100ED
:10F5700000B10825002F41D0C7F800803EE00026EA
:10F58000B1463E688148006A8149084040F0807079
:10F590007E4908620846006920F4F8517E48007FE1
:10F5A0000F3041EA002079490861002048627A481A
:10F5B000007F06FA00F0C86200BF7448406B00F09C
:10F5C00001000028F9D1304600F048F981466F4823
:10F5D000006920F4F85040F480506C490861002024
:10F5E000486200E015E0300C40EA0940C86200BF04
:10F5F0006648406B00F001000028F9D104F080005B
:10F6000020B100BF654840686349C860E8B2BDE802
:10F61000F087022D01D0042D7ED15F48407F78B362
:10F6200004F0020060B35948006A5A49084040F0AB
:10F630000070564908620846006920F4F85040F40A
:10F6400070600861002048620846C66A00BF4F48E3
:10F65000406B00F001000028F9D14C48006920F40B
:10F66000F85040F48050494908610020486208463B
:10F67000C66A00BF4548406B00F001000028F9D180
:10F680004248006A4349084040F000703F49086220
:10F690000846006920F4F8513F48007F401E41EAC7
:10F6A00000203A490861002048620846C66A00BF47
:10F6B0003648406B00F001000028F9D13648407F01
:10F6C00058B304F0020040BB3048006A304908409B
:10F6D00040F080702D4908620846006920F4F85017
:10F6E00040F47060086100204862C86200BF27488B
:10F6F000406B00F001000028F9D12448006920F493
:10F70000F85040F480502149086100204862C862E6
:10F7100000BF1E48406B01E006E003E000F001007E
:10F720000028F6D1E8B272E71848006A1949084083
:10F7300040F00070154908620846006920F4F8504E
:10F7400040F470600861002048620846C66A00BF45
:10F750000E48406B00F001000028F9D10B48006909
:10F7600020F4F8510C48007F103041EA002007498E
:10F770000861002048620846C66A00BF0348406B23
:10F7800000F001000028F9D1E8B240E7000016407F
:10F79000FF0FE0F000FEFFF0180F0020001000E067
:10F7A00030B5C20800F00703002A34D0294C246A7F
:10F7B000294D2C4044F08074264D2C622C4624693F
:10F7C00024F4F85444F4E0642C6100246C6211F8D1
:10F7D000014BEC6200BF1F4C646B04F00104002C71
:10F7E000F9D1521E13E01B4C246924F4F85444F45C
:10F7F000E064184D2C6100246C6211F8014BEC623E
:10F8000000BF144C646B04F00104002CF9D1141EE9
:10F81000A2F10102E7D1DBB10E4C246A0E4D2C405F
:10F8200044F080740B4D2C622C46246924F4F85566
:10F830005C1E45EA0424074D2C6100246C620C78A0
:10F84000EC6200BF034C646B04F00104002CF9D19E
:10F8500030BD000000001640FF0FE0F080EA5000CD
:10F8600080EA900080EA101080EA102080EA1040C0
:10F8700000F00100704710B50920FFF7F3FC08B94C
:10F88000012010BD0020FCE70020704700B585B0C6
:10F890004948FFF7ECFC01210D20FFF7EDFC0021AA
:10F8A0000D20FFF7EEFC01210E20FFF7E5FC002103
:10F8B0000E20FFF7E6FC01210F20FFF7DDFC002101
:10F8C0000F20FFF7DEFC01211220FFF7D5FC0021FD
:10F8D0001220FFF7D6FC01210A20FFF7CDFC002102
:10F8E0000A20FFF7CEFC00210920FFF7CFFC022100
:10F8F0000920FFF7C1FC01210920FFF7CCFC012101
:10F900000920FFF7BEFC00F005F900F0CBF84FF43A
:10F9100000622A492A48FFF7C3FCFFF7C6FC022011
:10F92000FFF7C8FC0420FFF7C5FC0520FFF7C2FC69
:10F9300000200490042204A92248FFF7C0FC049888
:10F9400040F080700490042204A91E48FFF7BCFC1C
:10F9500000200390042203A91B48FFF7B0FC039882
:10F9600040F001000390042203A91748FFF7ACFC04
:10F97000042202A914481C30FFF7A1FC13A0DDE902
:10F980000121FFF7A6FC042201A90F481C30FFF754
:10F9900096FC0EA0DDE90121FFF79BFC0620FFF796
:10F9A00089FC694608481C30FFF798FC0EA00099B6
:10F9B000FFF78FFC05B000BD032030007C3C002029
:10F9C0006C3C0020FCED00E0001000E044575420A7
:10F9D0006379636C6520636F756E7465722025783A
:10F9E000202578210A000000726561642070633A66
:10F9F0002025780A0000000010B5044624B101213A
:10FA00001220FFF73EFC03E000211220FFF739FC33
:10FA100010BD10B5044621460F20FFF732FC10BD83
:10FA200010B5044621460D20FFF72BFC10BD10B584
:10FA3000044621460E20FFF724FC10BD10B50F220E
:10FA400000210B48FFF74FFC0F2200210848FFF769
:10FA50004FFC08480078012808D107490748FFF7FC
:10FA60003DFC042204490648FFF747FC10BD000096
:10FA700000300040140C0020180C00201C1000E086
:10FA80006C3C002070B504460448B0FBF4F0801EC6
:10FA9000C5B229460248FFF735FC70BD8096980034
:10FAA0000000164000B585B0FF208DF80000012051
:10FAB0008DF802008DF801008DF8030004208DF808
:10FAC000040000208DF8050001208DF806000020BC
:10FAD0008DF80700ADF80800ADF80A008DF80C00AD
:10FAE0008DF80D0004208DF810008DF80F00002017
:10FAF0008DF811008DF812008DF80E0001208DF8A0
:10FB0000130069460248FFF702FC05B000BD000083
:10FB1000000016400EB500210846FFF7FDFB0F4818
:10FB2000FFF7A5FB08207F2100910B460A46CDE98F
:10FB3000011007210020FFF7F4FB02210820FFF746
:10FB40009BFB03210820FFF7F1FB03210720FFF7B0
:10FB5000EDFB01210820FFF79EFB0EBD00102000E9
:10FB60004113A425322038080101020602020801CF
:10FB70003A04063F010106060604017A1001210538
:10FB8000232299969724010101021F880213041869
:10FB900012D5600102E37F010225CF0102095A015B
:10FBA00002F1101AF1101E55D20102171001B832DD
:10FBB000012DC4DD01020811122012024B20080C95
:10FBC000311ACC1801B712201A800401C512011E87
:10FBD00028F201021C0409202A0110021705125400
:10FBE000520A1603064A0108295912A012141203D8
:10FBF000A757494E555342128412041207122A1273
:10FC0000441265127612691A63081249126E1A7448
:10FC100008127212663A611212471A5516124432CD
:10FC2000731250127B123912321243124512361AD5
:10FC3000340412321A2D1212431A37023A2D121AB4
:10FC4000461C29141A33021A420A12331A31203A76
:10FC5000422612351A410229181239527D0950A044
:10FC60001A430C3A4264296E1A44823A328E298C25
:10FC700029A01A360C5A2D881A360A3A310C3A4500
:10FC80001C29043A33CC5A36A02140292C03016F99
:10FC9000732E6D6265642E636F6D2F776562757369
:10FCA000622F6C616E64696E672D706167652F3FAE
:10FCB0006269643DCA132C01311E20E401024C0428
:10FCC0001A78041AA4041AD0041AFC041E28E501A8
:10FCD00002AC041A54041A80041AD8041E04E60163
:10FCE0000230041A5C041A88041AB4041AE0041ED0
:10FCF0000CE7010238041AFF0101B000FFFFFFFF0B
:10FD0000FFFFFFFFFFFFFFFFFFFFFFFFFFFFFFFF03
:10FD1000FFFFFFFFFFFFFFFFFFFFFFFFFFFFFFFFF3
:10FD2000FFFFFFFFFFFFFFFFFFFFFFFFFFFFFFFFE3
:10FD3000FFFFFFFFFFFFFFFFFFFFFFFFFFFFFFFFD3
:10FD4000FFFFFFFFFFFFFFFFFFFFFFFFFFFFFFFFC3
:10FD5000FFFFFFFFFFFFFFFFFFFFFFFFFFFFFFFFB3
:10FD6000FFFFFFFFFFFFFFFFFFFFFFFFFFFFFFFFA3
:10FD7000FFFFFFFFFFFFFFFFFFFFFFFFFFFFFFFF93
:10FD8000FFFFFFFFFFFFFFFFFFFFFFFFFFFFFFFF83
:10FD9000FFFFFFFFFFFFFFFFFFFFFFFFFFFFFFFF73
:10FDA000FFFFFFFFFFFFFFFFFFFFFFFFFFFFFFFF63
:10FDB000FFFFFFFFFFFFFFFFFFFFFFFFFFFFFFFF53
:10FDC000FFFFFFFFFFFFFFFFFFFFFFFFFFFFFFFF43
:10FDD000FFFFFFFFFFFFFFFFFFFFFFFFFFFFFFFF33
:10FDE000FFFFFFFFFFFFFFFFFFFFFFFFFFFFFFFF23
:10FDF000FFFFFFFFFFFFFFFFFFFFFFFFFFFFFFFF13
:10FE0000FFFFFFFFFFFFFFFFFFFFFFFFFFFFFFFF02
:10FE1000FFFFFFFFFFFFFFFFFFFFFFFFFFFFFFFFF2
:10FE2000FFFFFFFFFFFFFFFFFFFFFFFFFFFFFFFFE2
:10FE3000FFFFFFFFFFFFFFFFFFFFFFFFFFFFFFFFD2
:10FE4000FFFFFFFFFFFFFFFFFFFFFFFFFFFFFFFFC2
:10FE5000FFFFFFFFFFFFFFFFFFFFFFFFFFFFFFFFB2
:10FE6000FFFFFFFFFFFFFFFFFFFFFFFFFFFFFFFFA2
:10FE7000FFFFFFFFFFFFFFFFFFFFFFFFFFFFFFFF92
:10FE8000FFFFFFFFFFFFFFFFFFFFFFFFFFFFFFFF82
:10FE9000FFFFFFFFFFFFFFFFFFFFFFFFFFFFFFFF72
:10FEA000FFFFFFFFFFFFFFFFFFFFFFFFFFFFFFFF62
:10FEB000FFFFFFFFFFFFFFFFFFFFFFFFFFFFFFFF52
:10FEC000FFFFFFFFFFFFFFFFFFFFFFFFFFFFFFFF42
:10FED000FFFFFFFFFFFFFFFFFFFFFFFFFFFFFFFF32
:10FEE000FFFFFFFFFFFFFFFFFFFFFFFFFFFFFFFF22
:10FEF000FFFFFFFFFFFFFFFFFFFFFFFFFFFFFFFF12
:10FF0000FFFFFFFFFFFFFFFFFFFFFFFFFFFFFFFF01
:10FF1000FFFFFFFFFFFFFFFFFFFFFFFFFFFFFFFFF1
:10FF2000FFFFFFFFFFFFFFFFFFFFFFFFFFFFFFFFE1
:10FF3000FFFFFFFFFFFFFFFFFFFFFFFFFFFFFFFFD1
:10FF4000FFFFFFFFFFFFFFFFFFFFFFFFFFFFFFFFC1
:10FF5000FFFFFFFFFFFFFFFFFFFFFFFFFFFFFFFFB1
:10FF6000FFFFFFFFFFFFFFFFFFFFFFFFFFFFFFFFA1
:10FF7000FFFFFFFFFFFFFFFFFFFFFFFFFFFFFFFF91
:10FF8000FFFFFFFFFFFFFFFFFFFFFFFFFFFFFFFF81
:10FF9000FFFFFFFFFFFFFFFFFFFFFFFFFFFFFFFF71
:10FFA000FFFFFFFFFFFFFFFFFFFFFFFFFFFFFFFF61
:10FFB000FFFFFFFFFFFFFFFFFFFFFFFFFFFFFFFF51
:10FFC000FFFFFFFFFFFFFFFFFFFFFFFFFFFFFFFF41
:10FFD000FFFFFFFFFFFFFFFFFFFFFFFFFFFFFFFF31
:10FFE000FFFFFFFFFFFFFFFFFFFFFFFFFFFFFFFF21
:10FFF000FFFFFFFFFFFFFFFFFFFFFFFFFFFFFFFF11
:020000040202F6
:10000000FFFFFFFFFFFFFFFFFFFFFFFFFFFFFFFF00
:10001000FFFFFFFFFFFFFFFFFFFFFFFFFFFFFFFFF0
:10002000FFFFFFFFFFFFFFFFFFFFFFFFFFFFFFFFE0
:10003000FFFFFFFFFFFFFFFFFFFFFFFFFFFFFFFFD0
:10004000FFFFFFFFFFFFFFFFFFFFFFFFFFFFFFFFC0
:10005000FFFFFFFFFFFFFFFFFFFFFFFFFFFFFFFFB0
:10006000FFFFFFFFFFFFFFFFFFFFFFFFFFFFFFFFA0
:10007000FFFFFFFFFFFFFFFFFFFFFFFFFFFFFFFF90
:10008000FFFFFFFFFFFFFFFFFFFFFFFFFFFFFFFF80
:10009000FFFFFFFFFFFFFFFFFFFFFFFFFFFFFFFF70
:1000A000FFFFFFFFFFFFFFFFFFFFFFFFFFFFFFFF60
:1000B000FFFFFFFFFFFFFFFFFFFFFFFFFFFFFFFF50
:1000C000FFFFFFFFFFFFFFFFFFFFFFFFFFFFFFFF40
:1000D000FFFFFFFFFFFFFFFFFFFFFFFFFFFFFFFF30
:1000E000FFFFFFFFFFFFFFFFFFFFFFFFFFFFFFFF20
:1000F000FFFFFFFFFFFFFFFFFFFFFFFFFFFFFFFF10
:10010000FFFFFFFFFFFFFFFFFFFFFFFFFFFFFFFFFF
:10011000FFFFFFFFFFFFFFFFFFFFFFFFFFFFFFFFEF
:10012000FFFFFFFFFFFFFFFFFFFFFFFFFFFFFFFFDF
:10013000FFFFFFFFFFFFFFFFFFFFFFFFFFFFFFFFCF
:10014000FFFFFFFFFFFFFFFFFFFFFFFFFFFFFFFFBF
:10015000FFFFFFFFFFFFFFFFFFFFFFFFFFFFFFFFAF
:10016000FFFFFFFFFFFFFFFFFFFFFFFFFFFFFFFF9F
:10017000FFFFFFFFFFFFFFFFFFFFFFFFFFFFFFFF8F
:10018000FFFFFFFFFFFFFFFFFFFFFFFFFFFFFFFF7F
:10019000FFFFFFFFFFFFFFFFFFFFFFFFFFFFFFFF6F
:1001A000FFFFFFFFFFFFFFFFFFFFFFFFFFFFFFFF5F
:1001B000FFFFFFFFFFFFFFFFFFFFFFFFFFFFFFFF4F
:1001C000FFFFFFFFFFFFFFFFFFFFFFFFFFFFFFFF3F
:1001D000FFFFFFFFFFFFFFFFFFFFFFFFFFFFFFFF2F
:1001E000FFFFFFFFFFFFFFFFFFFFFFFFFFFFFFFF1F
:1001F000FFFFFFFFFFFFFFFFFFFFFFFFFFFFFFFF0F
:10020000FFFFFFFFFFFFFFFFFFFFFFFFFFFFFFFFFE
:10021000FFFFFFFFFFFFFFFFFFFFFFFFFFFFFFFFEE
:10022000FFFFFFFFFFFFFFFFFFFFFFFFFFFFFFFFDE
:10023000FFFFFFFFFFFFFFFFFFFFFFFFFFFFFFFFCE
:10024000FFFFFFFFFFFFFFFFFFFFFFFFFFFFFFFFBE
:10025000FFFFFFFFFFFFFFFFFFFFFFFFFFFFFFFFAE
:10026000FFFFFFFFFFFFFFFFFFFFFFFFFFFFFFFF9E
:10027000FFFFFFFFFFFFFFFFFFFFFFFFFFFFFFFF8E
:10028000FFFFFFFFFFFFFFFFFFFFFFFFFFFFFFFF7E
:10029000FFFFFFFFFFFFFFFFFFFFFFFFFFFFFFFF6E
:1002A000FFFFFFFFFFFFFFFFFFFFFFFFFFFFFFFF5E
:1002B000FFFFFFFFFFFFFFFFFFFFFFFFFFFFFFFF4E
:1002C000FFFFFFFFFFFFFFFFFFFFFFFFFFFFFFFF3E
:1002D000FFFFFFFFFFFFFFFFFFFFFFFFFFFFFFFF2E
:1002E000FFFFFFFFFFFFFFFFFFFFFFFFFFFFFFFF1E
:1002F000FFFFFFFFFFFFFFFFFFFFFFFFFFFFFFFF0E
:10030000FFFFFFFFFFFFFFFFFFFFFFFFFFFFFFFFFD
:10031000FFFFFFFFFFFFFFFFFFFFFFFFFFFFFFFFED
:10032000FFFFFFFFFFFFFFFFFFFFFFFFFFFFFFFFDD
:10033000FFFFFFFFFFFFFFFFFFFFFFFFFFFFFFFFCD
:10034000FFFFFFFFFFFFFFFFFFFFFFFFFFFFFFFFBD
:10035000FFFFFFFFFFFFFFFFFFFFFFFFFFFFFFFFAD
:10036000FFFFFFFFFFFFFFFFFFFFFFFFFFFFFFFF9D
:10037000FFFFFFFFFFFFFFFFFFFFFFFFFFFFFFFF8D
:10038000FFFFFFFFFFFFFFFFFFFFFFFFFFFFFFFF7D
:10039000FFFFFFFFFFFFFFFFFFFFFFFFFFFFFFFF6D
:1003A000FFFFFFFFFFFFFFFFFFFFFFFFFFFFFFFF5D
:1003B000FFFFFFFFFFFFFFFFFFFFFFFFFFFFFFFF4D
:1003C000FFFFFFFFFFFFFFFFFFFFFFFFFFFFFFFF3D
:1003D000FFFFFFFFFFFFFFFFFFFFFFFFFFFFFFFF2D
:1003E000FFFFFFFFFFFFFFFFFFFFFFFFFFFFFFFF1D
:1003F000FFFFFFFFFFFFFFFFFFFFFFFFFFFFFFFF0D
:10040000FFFFFFFFFFFFFFFFFFFFFFFFFFFFFFFFFC
:10041000FFFFFFFFFFFFFFFFFFFFFFFFFFFFFFFFEC
:10042000FFFFFFFFFFFFFFFFFFFFFFFFFFFFFFFFDC
:10043000FFFFFFFFFFFFFFFFFFFFFFFFFFFFFFFFCC
:10044000FFFFFFFFFFFFFFFFFFFFFFFFFFFFFFFFBC
:10045000FFFFFFFFFFFFFFFFFFFFFFFFFFFFFFFFAC
:10046000FFFFFFFFFFFFFFFFFFFFFFFFFFFFFFFF9C
:10047000FFFFFFFFFFFFFFFFFFFFFFFFFFFFFFFF8C
:10048000FFFFFFFFFFFFFFFFFFFFFFFFFFFFFFFF7C
:10049000FFFFFFFFFFFFFFFFFFFFFFFFFFFFFFFF6C
:1004A000FFFFFFFFFFFFFFFFFFFFFFFFFFFFFFFF5C
:1004B000FFFFFFFFFFFFFFFFFFFFFFFFFFFFFFFF4C
:1004C000FFFFFFFFFFFFFFFFFFFFFFFFFFFFFFFF3C
:1004D000FFFFFFFFFFFFFFFFFFFFFFFFFFFFFFFF2C
:1004E000FFFFFFFFFFFFFFFFFFFFFFFFFFFFFFFF1C
:1004F000FFFFFFFFFFFFFFFFFFFFFFFFFFFFFFFF0C
:10050000FFFFFFFFFFFFFFFFFFFFFFFFFFFFFFFFFB
:10051000FFFFFFFFFFFFFFFFFFFFFFFFFFFFFFFFEB
:10052000FFFFFFFFFFFFFFFFFFFFFFFFFFFFFFFFDB
:10053000FFFFFFFFFFFFFFFFFFFFFFFFFFFFFFFFCB
:10054000FFFFFFFFFFFFFFFFFFFFFFFFFFFFFFFFBB
:10055000FFFFFFFFFFFFFFFFFFFFFFFFFFFFFFFFAB
:10056000FFFFFFFFFFFFFFFFFFFFFFFFFFFFFFFF9B
:10057000FFFFFFFFFFFFFFFFFFFFFFFFFFFFFFFF8B
:10058000FFFFFFFFFFFFFFFFFFFFFFFFFFFFFFFF7B
:10059000FFFFFFFFFFFFFFFFFFFFFFFFFFFFFFFF6B
:1005A000FFFFFFFFFFFFFFFFFFFFFFFFFFFFFFFF5B
:1005B000FFFFFFFFFFFFFFFFFFFFFFFFFFFFFFFF4B
:1005C000FFFFFFFFFFFFFFFFFFFFFFFFFFFFFFFF3B
:1005D000FFFFFFFFFFFFFFFFFFFFFFFFFFFFFFFF2B
:1005E000FFFFFFFFFFFFFFFFFFFFFFFFFFFFFFFF1B
:1005F000FFFFFFFFFFFFFFFFFFFFFFFFFFFFFFFF0B
:10060000FFFFFFFFFFFFFFFFFFFFFFFFFFFFFFFFFA
:10061000FFFFFFFFFFFFFFFFFFFFFFFFFFFFFFFFEA
:10062000FFFFFFFFFFFFFFFFFFFFFFFFFFFFFFFFDA
:10063000FFFFFFFFFFFFFFFFFFFFFFFFFFFFFFFFCA
:10064000FFFFFFFFFFFFFFFFFFFFFFFFFFFFFFFFBA
:10065000FFFFFFFFFFFFFFFFFFFFFFFFFFFFFFFFAA
:10066000FFFFFFFFFFFFFFFFFFFFFFFFFFFFFFFF9A
:10067000FFFFFFFFFFFFFFFFFFFFFFFFFFFFFFFF8A
:10068000FFFFFFFFFFFFFFFFFFFFFFFFFFFFFFFF7A
:10069000FFFFFFFFFFFFFFFFFFFFFFFFFFFFFFFF6A
:1006A000FFFFFFFFFFFFFFFFFFFFFFFFFFFFFFFF5A
:1006B000FFFFFFFFFFFFFFFFFFFFFFFFFFFFFFFF4A
:1006C000FFFFFFFFFFFFFFFFFFFFFFFFFFFFFFFF3A
:1006D000FFFFFFFFFFFFFFFFFFFFFFFFFFFFFFFF2A
:1006E000FFFFFFFFFFFFFFFFFFFFFFFFFFFFFFFF1A
:1006F000FFFFFFFFFFFFFFFFFFFFFFFFFFFFFFFF0A
:10070000FFFFFFFFFFFFFFFFFFFFFFFFFFFFFFFFF9
:10071000FFFFFFFFFFFFFFFFFFFFFFFFFFFFFFFFE9
:10072000FFFFFFFFFFFFFFFFFFFFFFFFFFFFFFFFD9
:10073000FFFFFFFFFFFFFFFFFFFFFFFFFFFFFFFFC9
:10074000FFFFFFFFFFFFFFFFFFFFFFFFFFFFFFFFB9
:10075000FFFFFFFFFFFFFFFFFFFFFFFFFFFFFFFFA9
:10076000FFFFFFFFFFFFFFFFFFFFFFFFFFFFFFFF99
:10077000FFFFFFFFFFFFFFFFFFFFFFFFFFFFFFFF89
:10078000FFFFFFFFFFFFFFFFFFFFFFFFFFFFFFFF79
:10079000FFFFFFFFFFFFFFFFFFFFFFFFFFFFFFFF69
:1007A000FFFFFFFFFFFFFFFFFFFFFFFFFFFFFFFF59
:1007B000FFFFFFFFFFFFFFFFFFFFFFFFFFFFFFFF49
:1007C000FFFFFFFFFFFFFFFFFFFFFFFFFFFFFFFF39
:1007D000FFFFFFFFFFFFFFFFFFFFFFFFFFFFFFFF29
:1007E000FFFFFFFFFFFFFFFFFFFFFFFFFFFFFFFF19
:1007F000FFFFFFFFFFFFFFFFFFFFFFFFFFFFFFFF09
:10080000FFFFFFFFFFFFFFFFFFFFFFFFFFFFFFFFF8
:10081000FFFFFFFFFFFFFFFFFFFFFFFFFFFFFFFFE8
:10082000FFFFFFFFFFFFFFFFFFFFFFFFFFFFFFFFD8
:10083000FFFFFFFFFFFFFFFFFFFFFFFFFFFFFFFFC8
:10084000FFFFFFFFFFFFFFFFFFFFFFFFFFFFFFFFB8
:10085000FFFFFFFFFFFFFFFFFFFFFFFFFFFFFFFFA8
:10086000FFFFFFFFFFFFFFFFFFFFFFFFFFFFFFFF98
:10087000FFFFFFFFFFFFFFFFFFFFFFFFFFFFFFFF88
:10088000FFFFFFFFFFFFFFFFFFFFFFFFFFFFFFFF78
:10089000FFFFFFFFFFFFFFFFFFFFFFFFFFFFFFFF68
:1008A000FFFFFFFFFFFFFFFFFFFFFFFFFFFFFFFF58
:1008B000FFFFFFFFFFFFFFFFFFFFFFFFFFFFFFFF48
:1008C000FFFFFFFFFFFFFFFFFFFFFFFFFFFFFFFF38
:1008D000FFFFFFFFFFFFFFFFFFFFFFFFFFFFFFFF28
:1008E000FFFFFFFFFFFFFFFFFFFFFFFFFFFFFFFF18
:1008F000FFFFFFFFFFFFFFFFFFFFFFFFFFFFFFFF08
:10090000FFFFFFFFFFFFFFFFFFFFFFFFFFFFFFFFF7
:10091000FFFFFFFFFFFFFFFFFFFFFFFFFFFFFFFFE7
:10092000FFFFFFFFFFFFFFFFFFFFFFFFFFFFFFFFD7
:10093000FFFFFFFFFFFFFFFFFFFFFFFFFFFFFFFFC7
:10094000FFFFFFFFFFFFFFFFFFFFFFFFFFFFFFFFB7
:10095000FFFFFFFFFFFFFFFFFFFFFFFFFFFFFFFFA7
:10096000FFFFFFFFFFFFFFFFFFFFFFFFFFFFFFFF97
:10097000FFFFFFFFFFFFFFFFFFFFFFFFFFFFFFFF87
:10098000FFFFFFFFFFFFFFFFFFFFFFFFFFFFFFFF77
:10099000FFFFFFFFFFFFFFFFFFFFFFFFFFFFFFFF67
:1009A000FFFFFFFFFFFFFFFFFFFFFFFFFFFFFFFF57
:1009B000FFFFFFFFFFFFFFFFFFFFFFFFFFFFFFFF47
:1009C000FFFFFFFFFFFFFFFFFFFFFFFFFFFFFFFF37
:1009D000FFFFFFFFFFFFFFFFFFFFFFFFFFFFFFFF27
:1009E000FFFFFFFFFFFFFFFFFFFFFFFFFFFFFFFF17
:1009F000FFFFFFFFFFFFFFFFFFFFFFFFFFFFFFFF07
:100A0000FFFFFFFFFFFFFFFFFFFFFFFFFFFFFFFFF6
:100A1000FFFFFFFFFFFFFFFFFFFFFFFFFFFFFFFFE6
:100A2000FFFFFFFFFFFFFFFFFFFFFFFFFFFFFFFFD6
:100A3000FFFFFFFFFFFFFFFFFFFFFFFFFFFFFFFFC6
:100A4000FFFFFFFFFFFFFFFFFFFFFFFFFFFFFFFFB6
:100A5000FFFFFFFFFFFFFFFFFFFFFFFFFFFFFFFFA6
:100A6000FFFFFFFFFFFFFFFFFFFFFFFFFFFFFFFF96
:100A7000FFFFFFFFFFFFFFFFFFFFFFFFFFFFFFFF86
:100A8000FFFFFFFFFFFFFFFFFFFFFFFFFFFFFFFF76
:100A9000FFFFFFFFFFFFFFFFFFFFFFFFFFFFFFFF66
:100AA000FFFFFFFFFFFFFFFFFFFFFFFFFFFFFFFF56
:100AB000FFFFFFFFFFFFFFFFFFFFFFFFFFFFFFFF46
:100AC000FFFFFFFFFFFFFFFFFFFFFFFFFFFFFFFF36
:100AD000FFFFFFFFFFFFFFFFFFFFFFFFFFFFFFFF26
:100AE000FFFFFFFFFFFFFFFFFFFFFFFFFFFFFFFF16
:100AF000FFFFFFFFFFFFFFFFFFFFFFFFFFFFFFFF06
:100B0000FFFFFFFFFFFFFFFFFFFFFFFFFFFFFFFFF5
:100B1000FFFFFFFFFFFFFFFFFFFFFFFFFFFFFFFFE5
:100B2000FFFFFFFFFFFFFFFFFFFFFFFFFFFFFFFFD5
:100B3000FFFFFFFFFFFFFFFFFFFFFFFFFFFFFFFFC5
:100B4000FFFFFFFFFFFFFFFFFFFFFFFFFFFFFFFFB5
:100B5000FFFFFFFFFFFFFFFFFFFFFFFFFFFFFFFFA5
:100B6000FFFFFFFFFFFFFFFFFFFFFFFFFFFFFFFF95
:100B7000FFFFFFFFFFFFFFFFFFFFFFFFFFFFFFFF85
:100B8000FFFFFFFFFFFFFFFFFFFFFFFFFFFFFFFF75
:100B9000FFFFFFFFFFFFFFFFFFFFFFFFFFFFFFFF65
:100BA000FFFFFFFFFFFFFFFFFFFFFFFFFFFFFFFF55
:100BB000FFFFFFFFFFFFFFFFFFFFFFFFFFFFFFFF45
:100BC000FFFFFFFFFFFFFFFFFFFFFFFFFFFFFFFF35
:100BD000FFFFFFFFFFFFFFFFFFFFFFFFFFFFFFFF25
:100BE000FFFFFFFFFFFFFFFFFFFFFFFFFFFFFFFF15
:100BF000FFFFFFFFFFFFFFFFFFFFFFFFFFFFFFFF05
:100C0000FFFFFFFFFFFFFFFFFFFFFFFFFFFFFFFFF4
:100C1000FFFFFFFFFFFFFFFFFFFFFFFFFFFFFFFFE4
:100C2000FFFFFFFFFFFFFFFFFFFFFFFFFFFFFFFFD4
:100C3000FFFFFFFFFFFFFFFFFFFFFFFFFFFFFFFFC4
:100C4000FFFFFFFFFFFFFFFFFFFFFFFFFFFFFFFFB4
:100C5000FFFFFFFFFFFFFFFFFFFFFFFFFFFFFFFFA4
:100C6000FFFFFFFFFFFFFFFFFFFFFFFFFFFFFFFF94
:100C7000FFFFFFFFFFFFFFFFFFFFFFFFFFFFFFFF84
:100C8000FFFFFFFFFFFFFFFFFFFFFFFFFFFFFFFF74
:100C9000FFFFFFFFFFFFFFFFFFFFFFFFFFFFFFFF64
:100CA000FFFFFFFFFFFFFFFFFFFFFFFFFFFFFFFF54
:100CB000FFFFFFFFFFFFFFFFFFFFFFFFFFFFFFFF44
:100CC000FFFFFFFFFFFFFFFFFFFFFFFFFFFFFFFF34
:100CD000FFFFFFFFFFFFFFFFFFFFFFFFFFFFFFFF24
:100CE000FFFFFFFFFFFFFFFFFFFFFFFFFFFFFFFF14
:100CF000FFFFFFFFFFFFFFFFFFFFFFFFFFFFFFFF04
:100D0000FFFFFFFFFFFFFFFFFFFFFFFFFFFFFFFFF3
:100D1000FFFFFFFFFFFFFFFFFFFFFFFFFFFFFFFFE3
:100D2000FFFFFFFFFFFFFFFFFFFFFFFFFFFFFFFFD3
:100D3000FFFFFFFFFFFFFFFFFFFFFFFFFFFFFFFFC3
:100D4000FFFFFFFFFFFFFFFFFFFFFFFFFFFFFFFFB3
:100D5000FFFFFFFFFFFFFFFFFFFFFFFFFFFFFFFFA3
:100D6000FFFFFFFFFFFFFFFFFFFFFFFFFFFFFFFF93
:100D7000FFFFFFFFFFFFFFFFFFFFFFFFFFFFFFFF83
:100D8000FFFFFFFFFFFFFFFFFFFFFFFFFFFFFFFF73
:100D9000FFFFFFFFFFFFFFFFFFFFFFFFFFFFFFFF63
:100DA000FFFFFFFFFFFFFFFFFFFFFFFFFFFFFFFF53
:100DB000FFFFFFFFFFFFFFFFFFFFFFFFFFFFFFFF43
:100DC000FFFFFFFFFFFFFFFFFFFFFFFFFFFFFFFF33
:100DD000FFFFFFFFFFFFFFFFFFFFFFFFFFFFFFFF23
:100DE000FFFFFFFFFFFFFFFFFFFFFFFFFFFFFFFF13
:100DF000FFFFFFFFFFFFFFFFFFFFFFFFFFFFFFFF03
:100E0000FFFFFFFFFFFFFFFFFFFFFFFFFFFFFFFFF2
:100E1000FFFFFFFFFFFFFFFFFFFFFFFFFFFFFFFFE2
:100E2000FFFFFFFFFFFFFFFFFFFFFFFFFFFFFFFFD2
:100E3000FFFFFFFFFFFFFFFFFFFFFFFFFFFFFFFFC2
:100E4000FFFFFFFFFFFFFFFFFFFFFFFFFFFFFFFFB2
:100E5000FFFFFFFFFFFFFFFFFFFFFFFFFFFFFFFFA2
:100E6000FFFFFFFFFFFFFFFFFFFFFFFFFFFFFFFF92
:100E7000FFFFFFFFFFFFFFFFFFFFFFFFFFFFFFFF82
:100E8000FFFFFFFFFFFFFFFFFFFFFFFFFFFFFFFF72
:100E9000FFFFFFFFFFFFFFFFFFFFFFFFFFFFFFFF62
:100EA000FFFFFFFFFFFFFFFFFFFFFFFFFFFFFFFF52
:100EB000FFFFFFFFFFFFFFFFFFFFFFFFFFFFFFFF42
:100EC000FFFFFFFFFFFFFFFFFFFFFFFFFFFFFFFF32
:100ED000FFFFFFFFFFFFFFFFFFFFFFFFFFFFFFFF22
:100EE000FFFFFFFFFFFFFFFFFFFFFFFFFFFFFFFF12
:100EF000FFFFFFFFFFFFFFFFFFFFFFFFFFFFFFFF02
:100F0000FFFFFFFFFFFFFFFFFFFFFFFFFFFFFFFFF1
:100F1000FFFFFFFFFFFFFFFFFFFFFFFFFFFFFFFFE1
:100F2000FFFFFFFFFFFFFFFFFFFFFFFFFFFFFFFFD1
:100F3000FFFFFFFFFFFFFFFFFFFFFFFFFFFFFFFFC1
:100F4000FFFFFFFFFFFFFFFFFFFFFFFFFFFFFFFFB1
:100F5000FFFFFFFFFFFFFFFFFFFFFFFFFFFFFFFFA1
:100F6000FFFFFFFFFFFFFFFFFFFFFFFFFFFFFFFF91
:100F7000FFFFFFFFFFFFFFFFFFFFFFFFFFFFFFFF81
:100F8000FFFFFFFFFFFFFFFFFFFFFFFFFFFFFFFF71
:100F9000FFFFFFFFFFFFFFFFFFFFFFFFFFFFFFFF61
:100FA000FFFFFFFFFFFFFFFFFFFFFFFFFFFFFFFF51
:100FB000FFFFFFFFFFFFFFFFFFFFFFFFFFFFFFFF41
:100FC000FFFFFFFFFFFFFFFFFFFFFFFFFFFFFFFF31
:100FD000FFFFFFFFFFFFFFFFFFFFFFFFFFFFFFFF21
:100FE000FFFFFFFFFFFFFFFFFFFFFFFFFFFFFFFF11
:100FF000FFFFFFFFFFFFFFFFFFFFFFFFFFFFFFFF01
:10100000FFFFFFFFFFFFFFFFFFFFFFFFFFFFFFFFF0
:10101000FFFFFFFFFFFFFFFFFFFFFFFFFFFFFFFFE0
:10102000FFFFFFFFFFFFFFFFFFFFFFFFFFFFFFFFD0
:10103000FFFFFFFFFFFFFFFFFFFFFFFFFFFFFFFFC0
:10104000FFFFFFFFFFFFFFFFFFFFFFFFFFFFFFFFB0
:10105000FFFFFFFFFFFFFFFFFFFFFFFFFFFFFFFFA0
:10106000FFFFFFFFFFFFFFFFFFFFFFFFFFFFFFFF90
:10107000FFFFFFFFFFFFFFFFFFFFFFFFFFFFFFFF80
:10108000FFFFFFFFFFFFFFFFFFFFFFFFFFFFFFFF70
:10109000FFFFFFFFFFFFFFFFFFFFFFFFFFFFFFFF60
:1010A000FFFFFFFFFFFFFFFFFFFFFFFFFFFFFFFF50
:1010B000FFFFFFFFFFFFFFFFFFFFFFFFFFFFFFFF40
:1010C000FFFFFFFFFFFFFFFFFFFFFFFFFFFFFFFF30
:1010D000FFFFFFFFFFFFFFFFFFFFFFFFFFFFFFFF20
:1010E000FFFFFFFFFFFFFFFFFFFFFFFFFFFFFFFF10
:1010F000FFFFFFFFFFFFFFFFFFFFFFFFFFFFFFFF00
:10110000FFFFFFFFFFFFFFFFFFFFFFFFFFFFFFFFEF
:10111000FFFFFFFFFFFFFFFFFFFFFFFFFFFFFFFFDF
:10112000FFFFFFFFFFFFFFFFFFFFFFFFFFFFFFFFCF
:10113000FFFFFFFFFFFFFFFFFFFFFFFFFFFFFFFFBF
:10114000FFFFFFFFFFFFFFFFFFFFFFFFFFFFFFFFAF
:10115000FFFFFFFFFFFFFFFFFFFFFFFFFFFFFFFF9F
:10116000FFFFFFFFFFFFFFFFFFFFFFFFFFFFFFFF8F
:10117000FFFFFFFFFFFFFFFFFFFFFFFFFFFFFFFF7F
:10118000FFFFFFFFFFFFFFFFFFFFFFFFFFFFFFFF6F
:10119000FFFFFFFFFFFFFFFFFFFFFFFFFFFFFFFF5F
:1011A000FFFFFFFFFFFFFFFFFFFFFFFFFFFFFFFF4F
:1011B000FFFFFFFFFFFFFFFFFFFFFFFFFFFFFFFF3F
:1011C000FFFFFFFFFFFFFFFFFFFFFFFFFFFFFFFF2F
:1011D000FFFFFFFFFFFFFFFFFFFFFFFFFFFFFFFF1F
:1011E000FFFFFFFFFFFFFFFFFFFFFFFFFFFFFFFF0F
:1011F000FFFFFFFFFFFFFFFFFFFFFFFFFFFFFFFFFF
:10120000FFFFFFFFFFFFFFFFFFFFFFFFFFFFFFFFEE
:10121000FFFFFFFFFFFFFFFFFFFFFFFFFFFFFFFFDE
:10122000FFFFFFFFFFFFFFFFFFFFFFFFFFFFFFFFCE
:10123000FFFFFFFFFFFFFFFFFFFFFFFFFFFFFFFFBE
:10124000FFFFFFFFFFFFFFFFFFFFFFFFFFFFFFFFAE
:10125000FFFFFFFFFFFFFFFFFFFFFFFFFFFFFFFF9E
:10126000FFFFFFFFFFFFFFFFFFFFFFFFFFFFFFFF8E
:10127000FFFFFFFFFFFFFFFFFFFFFFFFFFFFFFFF7E
:10128000FFFFFFFFFFFFFFFFFFFFFFFFFFFFFFFF6E
:10129000FFFFFFFFFFFFFFFFFFFFFFFFFFFFFFFF5E
:1012A000FFFFFFFFFFFFFFFFFFFFFFFFFFFFFFFF4E
:1012B000FFFFFFFFFFFFFFFFFFFFFFFFFFFFFFFF3E
:1012C000FFFFFFFFFFFFFFFFFFFFFFFFFFFFFFFF2E
:1012D000FFFFFFFFFFFFFFFFFFFFFFFFFFFFFFFF1E
:1012E000FFFFFFFFFFFFFFFFFFFFFFFFFFFFFFFF0E
:1012F000FFFFFFFFFFFFFFFFFFFFFFFFFFFFFFFFFE
:10130000FFFFFFFFFFFFFFFFFFFFFFFFFFFFFFFFED
:10131000FFFFFFFFFFFFFFFFFFFFFFFFFFFFFFFFDD
:10132000FFFFFFFFFFFFFFFFFFFFFFFFFFFFFFFFCD
:10133000FFFFFFFFFFFFFFFFFFFFFFFFFFFFFFFFBD
:10134000FFFFFFFFFFFFFFFFFFFFFFFFFFFFFFFFAD
:10135000FFFFFFFFFFFFFFFFFFFFFFFFFFFFFFFF9D
:10136000FFFFFFFFFFFFFFFFFFFFFFFFFFFFFFFF8D
:10137000FFFFFFFFFFFFFFFFFFFFFFFFFFFFFFFF7D
:10138000FFFFFFFFFFFFFFFFFFFFFFFFFFFFFFFF6D
:10139000FFFFFFFFFFFFFFFFFFFFFFFFFFFFFFFF5D
:1013A000FFFFFFFFFFFFFFFFFFFFFFFFFFFFFFFF4D
:1013B000FFFFFFFFFFFFFFFFFFFFFFFFFFFFFFFF3D
:1013C000FFFFFFFFFFFFFFFFFFFFFFFFFFFFFFFF2D
:1013D000FFFFFFFFFFFFFFFFFFFFFFFFFFFFFFFF1D
:1013E000FFFFFFFFFFFFFFFFFFFFFFFFFFFFFFFF0D
:1013F000FFFFFFFFFFFFFFFFFFFFFFFFFFFFFFFFFD
:10140000FFFFFFFFFFFFFFFFFFFFFFFFFFFFFFFFEC
:10141000FFFFFFFFFFFFFFFFFFFFFFFFFFFFFFFFDC
:10142000FFFFFFFFFFFFFFFFFFFFFFFFFFFFFFFFCC
:10143000FFFFFFFFFFFFFFFFFFFFFFFFFFFFFFFFBC
:10144000FFFFFFFFFFFFFFFFFFFFFFFFFFFFFFFFAC
:10145000FFFFFFFFFFFFFFFFFFFFFFFFFFFFFFFF9C
:10146000FFFFFFFFFFFFFFFFFFFFFFFFFFFFFFFF8C
:10147000FFFFFFFFFFFFFFFFFFFFFFFFFFFFFFFF7C
:10148000FFFFFFFFFFFFFFFFFFFFFFFFFFFFFFFF6C
:10149000FFFFFFFFFFFFFFFFFFFFFFFFFFFFFFFF5C
:1014A000FFFFFFFFFFFFFFFFFFFFFFFFFFFFFFFF4C
:1014B000FFFFFFFFFFFFFFFFFFFFFFFFFFFFFFFF3C
:1014C000FFFFFFFFFFFFFFFFFFFFFFFFFFFFFFFF2C
:1014D000FFFFFFFFFFFFFFFFFFFFFFFFFFFFFFFF1C
:1014E000FFFFFFFFFFFFFFFFFFFFFFFFFFFFFFFF0C
:1014F000FFFFFFFFFFFFFFFFFFFFFFFFFFFFFFFFFC
:10150000FFFFFFFFFFFFFFFFFFFFFFFFFFFFFFFFEB
:10151000FFFFFFFFFFFFFFFFFFFFFFFFFFFFFFFFDB
:10152000FFFFFFFFFFFFFFFFFFFFFFFFFFFFFFFFCB
:10153000FFFFFFFFFFFFFFFFFFFFFFFFFFFFFFFFBB
:10154000FFFFFFFFFFFFFFFFFFFFFFFFFFFFFFFFAB
:10155000FFFFFFFFFFFFFFFFFFFFFFFFFFFFFFFF9B
:10156000FFFFFFFFFFFFFFFFFFFFFFFFFFFFFFFF8B
:10157000FFFFFFFFFFFFFFFFFFFFFFFFFFFFFFFF7B
:10158000FFFFFFFFFFFFFFFFFFFFFFFFFFFFFFFF6B
:10159000FFFFFFFFFFFFFFFFFFFFFFFFFFFFFFFF5B
:1015A000FFFFFFFFFFFFFFFFFFFFFFFFFFFFFFFF4B
:1015B000FFFFFFFFFFFFFFFFFFFFFFFFFFFFFFFF3B
:1015C000FFFFFFFFFFFFFFFFFFFFFFFFFFFFFFFF2B
:1015D000FFFFFFFFFFFFFFFFFFFFFFFFFFFFFFFF1B
:1015E000FFFFFFFFFFFFFFFFFFFFFFFFFFFFFFFF0B
:1015F000FFFFFFFFFFFFFFFFFFFFFFFFFFFFFFFFFB
:10160000FFFFFFFFFFFFFFFFFFFFFFFFFFFFFFFFEA
:10161000FFFFFFFFFFFFFFFFFFFFFFFFFFFFFFFFDA
:10162000FFFFFFFFFFFFFFFFFFFFFFFFFFFFFFFFCA
:10163000FFFFFFFFFFFFFFFFFFFFFFFFFFFFFFFFBA
:10164000FFFFFFFFFFFFFFFFFFFFFFFFFFFFFFFFAA
:10165000FFFFFFFFFFFFFFFFFFFFFFFFFFFFFFFF9A
:10166000FFFFFFFFFFFFFFFFFFFFFFFFFFFFFFFF8A
:10167000FFFFFFFFFFFFFFFFFFFFFFFFFFFFFFFF7A
:10168000FFFFFFFFFFFFFFFFFFFFFFFFFFFFFFFF6A
:10169000FFFFFFFFFFFFFFFFFFFFFFFFFFFFFFFF5A
:1016A000FFFFFFFFFFFFFFFFFFFFFFFFFFFFFFFF4A
:1016B000FFFFFFFFFFFFFFFFFFFFFFFFFFFFFFFF3A
:1016C000FFFFFFFFFFFFFFFFFFFFFFFFFFFFFFFF2A
:1016D000FFFFFFFFFFFFFFFFFFFFFFFFFFFFFFFF1A
:1016E000FFFFFFFFFFFFFFFFFFFFFFFFFFFFFFFF0A
:1016F000FFFFFFFFFFFFFFFFFFFFFFFFFFFFFFFFFA
:10170000FFFFFFFFFFFFFFFFFFFFFFFFFFFFFFFFE9
:10171000FFFFFFFFFFFFFFFFFFFFFFFFFFFFFFFFD9
:10172000FFFFFFFFFFFFFFFFFFFFFFFFFFFFFFFFC9
:10173000FFFFFFFFFFFFFFFFFFFFFFFFFFFFFFFFB9
:10174000FFFFFFFFFFFFFFFFFFFFFFFFFFFFFFFFA9
:10175000FFFFFFFFFFFFFFFFFFFFFFFFFFFFFFFF99
:10176000FFFFFFFFFFFFFFFFFFFFFFFFFFFFFFFF89
:10177000FFFFFFFFFFFFFFFFFFFFFFFFFFFFFFFF79
:10178000FFFFFFFFFFFFFFFFFFFFFFFFFFFFFFFF69
:10179000FFFFFFFFFFFFFFFFFFFFFFFFFFFFFFFF59
:1017A000FFFFFFFFFFFFFFFFFFFFFFFFFFFFFFFF49
:1017B000FFFFFFFFFFFFFFFFFFFFFFFFFFFFFFFF39
:1017C000FFFFFFFFFFFFFFFFFFFFFFFFFFFFFFFF29
:1017D000FFFFFFFFFFFFFFFFFFFFFFFFFFFFFFFF19
:1017E000FFFFFFFFFFFFFFFFFFFFFFFFFFFFFFFF09
:1017F000FFFFFFFFFFFFFFFFFFFFFFFFFFFFFFFFF9
:10180000FFFFFFFFFFFFFFFFFFFFFFFFFFFFFFFFE8
:10181000FFFFFFFFFFFFFFFFFFFFFFFFFFFFFFFFD8
:10182000FFFFFFFFFFFFFFFFFFFFFFFFFFFFFFFFC8
:10183000FFFFFFFFFFFFFFFFFFFFFFFFFFFFFFFFB8
:10184000FFFFFFFFFFFFFFFFFFFFFFFFFFFFFFFFA8
:10185000FFFFFFFFFFFFFFFFFFFFFFFFFFFFFFFF98
:10186000FFFFFFFFFFFFFFFFFFFFFFFFFFFFFFFF88
:10187000FFFFFFFFFFFFFFFFFFFFFFFFFFFFFFFF78
:10188000FFFFFFFFFFFFFFFFFFFFFFFFFFFFFFFF68
:10189000FFFFFFFFFFFFFFFFFFFFFFFFFFFFFFFF58
:1018A000FFFFFFFFFFFFFFFFFFFFFFFFFFFFFFFF48
:1018B000FFFFFFFFFFFFFFFFFFFFFFFFFFFFFFFF38
:1018C000FFFFFFFFFFFFFFFFFFFFFFFFFFFFFFFF28
:1018D000FFFFFFFFFFFFFFFFFFFFFFFFFFFFFFFF18
:1018E000FFFFFFFFFFFFFFFFFFFFFFFFFFFFFFFF08
:1018F000FFFFFFFFFFFFFFFFFFFFFFFFFFFFFFFFF8
:10190000FFFFFFFFFFFFFFFFFFFFFFFFFFFFFFFFE7
:10191000FFFFFFFFFFFFFFFFFFFFFFFFFFFFFFFFD7
:10192000FFFFFFFFFFFFFFFFFFFFFFFFFFFFFFFFC7
:10193000FFFFFFFFFFFFFFFFFFFFFFFFFFFFFFFFB7
:10194000FFFFFFFFFFFFFFFFFFFFFFFFFFFFFFFFA7
:10195000FFFFFFFFFFFFFFFFFFFFFFFFFFFFFFFF97
:10196000FFFFFFFFFFFFFFFFFFFFFFFFFFFFFFFF87
:10197000FFFFFFFFFFFFFFFFFFFFFFFFFFFFFFFF77
:10198000FFFFFFFFFFFFFFFFFFFFFFFFFFFFFFFF67
:10199000FFFFFFFFFFFFFFFFFFFFFFFFFFFFFFFF57
:1019A000FFFFFFFFFFFFFFFFFFFFFFFFFFFFFFFF47
:1019B000FFFFFFFFFFFFFFFFFFFFFFFFFFFFFFFF37
:1019C000FFFFFFFFFFFFFFFFFFFFFFFFFFFFFFFF27
:1019D000FFFFFFFFFFFFFFFFFFFFFFFFFFFFFFFF17
:1019E000FFFFFFFFFFFFFFFFFFFFFFFFFFFFFFFF07
:1019F000FFFFFFFFFFFFFFFFFFFFFFFFFFFFFFFFF7
:101A0000FFFFFFFFFFFFFFFFFFFFFFFFFFFFFFFFE6
:101A1000FFFFFFFFFFFFFFFFFFFFFFFFFFFFFFFFD6
:101A2000FFFFFFFFFFFFFFFFFFFFFFFFFFFFFFFFC6
:101A3000FFFFFFFFFFFFFFFFFFFFFFFFFFFFFFFFB6
:101A4000FFFFFFFFFFFFFFFFFFFFFFFFFFFFFFFFA6
:101A5000FFFFFFFFFFFFFFFFFFFFFFFFFFFFFFFF96
:101A6000FFFFFFFFFFFFFFFFFFFFFFFFFFFFFFFF86
:101A7000FFFFFFFFFFFFFFFFFFFFFFFFFFFFFFFF76
:101A8000FFFFFFFFFFFFFFFFFFFFFFFFFFFFFFFF66
:101A9000FFFFFFFFFFFFFFFFFFFFFFFFFFFFFFFF56
:101AA000FFFFFFFFFFFFFFFFFFFFFFFFFFFFFFFF46
:101AB000FFFFFFFFFFFFFFFFFFFFFFFFFFFFFFFF36
:101AC000FFFFFFFFFFFFFFFFFFFFFFFFFFFFFFFF26
:101AD000FFFFFFFFFFFFFFFFFFFFFFFFFFFFFFFF16
:101AE000FFFFFFFFFFFFFFFFFFFFFFFFFFFFFFFF06
:101AF000FFFFFFFFFFFFFFFFFFFFFFFFFFFFFFFFF6
:101B0000FFFFFFFFFFFFFFFFFFFFFFFFFFFFFFFFE5
:101B1000FFFFFFFFFFFFFFFFFFFFFFFFFFFFFFFFD5
:101B2000FFFFFFFFFFFFFFFFFFFFFFFFFFFFFFFFC5
:101B3000FFFFFFFFFFFFFFFFFFFFFFFFFFFFFFFFB5
:101B4000FFFFFFFFFFFFFFFFFFFFFFFFFFFFFFFFA5
:101B5000FFFFFFFFFFFFFFFFFFFFFFFFFFFFFFFF95
:101B6000FFFFFFFFFFFFFFFFFFFFFFFFFFFFFFFF85
:101B7000FFFFFFFFFFFFFFFFFFFFFFFFFFFFFFFF75
:101B8000FFFFFFFFFFFFFFFFFFFFFFFFFFFFFFFF65
:101B9000FFFFFFFFFFFFFFFFFFFFFFFFFFFFFFFF55
:101BA000FFFFFFFFFFFFFFFFFFFFFFFFFFFFFFFF45
:101BB000FFFFFFFFFFFFFFFFFFFFFFFFFFFFFFFF35
:101BC000FFFFFFFFFFFFFFFFFFFFFFFFFFFFFFFF25
:101BD000FFFFFFFFFFFFFFFFFFFFFFFFFFFFFFFF15
:101BE000FFFFFFFFFFFFFFFFFFFFFFFFFFFFFFFF05
:101BF000FFFFFFFFFFFFFFFFFFFFFFFFFFFFFFFFF5
:101C0000FFFFFFFFFFFFFFFFFFFFFFFFFFFFFFFFE4
:101C1000FFFFFFFFFFFFFFFFFFFFFFFFFFFFFFFFD4
:101C2000FFFFFFFFFFFFFFFFFFFFFFFFFFFFFFFFC4
:101C3000FFFFFFFFFFFFFFFFFFFFFFFFFFFFFFFFB4
:101C4000FFFFFFFFFFFFFFFFFFFFFFFFFFFFFFFFA4
:101C5000FFFFFFFFFFFFFFFFFFFFFFFFFFFFFFFF94
:101C6000FFFFFFFFFFFFFFFFFFFFFFFFFFFFFFFF84
:101C7000FFFFFFFFFFFFFFFFFFFFFFFFFFFFFFFF74
:101C8000FFFFFFFFFFFFFFFFFFFFFFFFFFFFFFFF64
:101C9000FFFFFFFFFFFFFFFFFFFFFFFFFFFFFFFF54
:101CA000FFFFFFFFFFFFFFFFFFFFFFFFFFFFFFFF44
:101CB000FFFFFFFFFFFFFFFFFFFFFFFFFFFFFFFF34
:101CC000FFFFFFFFFFFFFFFFFFFFFFFFFFFFFFFF24
:101CD000FFFFFFFFFFFFFFFFFFFFFFFFFFFFFFFF14
:101CE000FFFFFFFFFFFFFFFFFFFFFFFFFFFFFFFF04
:101CF000FFFFFFFFFFFFFFFFFFFFFFFFFFFFFFFFF4
:101D0000FFFFFFFFFFFFFFFFFFFFFFFFFFFFFFFFE3
:101D1000FFFFFFFFFFFFFFFFFFFFFFFFFFFFFFFFD3
:101D2000FFFFFFFFFFFFFFFFFFFFFFFFFFFFFFFFC3
:101D3000FFFFFFFFFFFFFFFFFFFFFFFFFFFFFFFFB3
:101D4000FFFFFFFFFFFFFFFFFFFFFFFFFFFFFFFFA3
:101D5000FFFFFFFFFFFFFFFFFFFFFFFFFFFFFFFF93
:101D6000FFFFFFFFFFFFFFFFFFFFFFFFFFFFFFFF83
:101D7000FFFFFFFFFFFFFFFFFFFFFFFFFFFFFFFF73
:101D8000FFFFFFFFFFFFFFFFFFFFFFFFFFFFFFFF63
:101D9000FFFFFFFFFFFFFFFFFFFFFFFFFFFFFFFF53
:101DA000FFFFFFFFFFFFFFFFFFFFFFFFFFFFFFFF43
:101DB000FFFFFFFFFFFFFFFFFFFFFFFFFFFFFFFF33
:101DC000FFFFFFFFFFFFFFFFFFFFFFFFFFFFFFFF23
:101DD000FFFFFFFFFFFFFFFFFFFFFFFFFFFFFFFF13
:101DE000FFFFFFFFFFFFFFFFFFFFFFFFFFFFFFFF03
:101DF000FFFFFFFFFFFFFFFFFFFFFFFFFFFFFFFFF3
:101E0000FFFFFFFFFFFFFFFFFFFFFFFFFFFFFFFFE2
:101E1000FFFFFFFFFFFFFFFFFFFFFFFFFFFFFFFFD2
:101E2000FFFFFFFFFFFFFFFFFFFFFFFFFFFFFFFFC2
:101E3000FFFFFFFFFFFFFFFFFFFFFFFFFFFFFFFFB2
:101E4000FFFFFFFFFFFFFFFFFFFFFFFFFFFFFFFFA2
:101E5000FFFFFFFFFFFFFFFFFFFFFFFFFFFFFFFF92
:101E6000FFFFFFFFFFFFFFFFFFFFFFFFFFFFFFFF82
:101E7000FFFFFFFFFFFFFFFFFFFFFFFFFFFFFFFF72
:101E8000FFFFFFFFFFFFFFFFFFFFFFFFFFFFFFFF62
:101E9000FFFFFFFFFFFFFFFFFFFFFFFFFFFFFFFF52
:101EA000FFFFFFFFFFFFFFFFFFFFFFFFFFFFFFFF42
:101EB000FFFFFFFFFFFFFFFFFFFFFFFFFFFFFFFF32
:101EC000FFFFFFFFFFFFFFFFFFFFFFFFFFFFFFFF22
:101ED000FFFFFFFFFFFFFFFFFFFFFFFFFFFFFFFF12
:101EE000FFFFFFFFFFFFFFFFFFFFFFFFFFFFFFFF02
:101EF000FFFFFFFFFFFFFFFFFFFFFFFFFFFFFFFFF2
:101F0000FFFFFFFFFFFFFFFFFFFFFFFFFFFFFFFFE1
:101F1000FFFFFFFFFFFFFFFFFFFFFFFFFFFFFFFFD1
:101F2000FFFFFFFFFFFFFFFFFFFFFFFFFFFFFFFFC1
:101F3000FFFFFFFFFFFFFFFFFFFFFFFFFFFFFFFFB1
:101F4000FFFFFFFFFFFFFFFFFFFFFFFFFFFFFFFFA1
:101F5000FFFFFFFFFFFFFFFFFFFFFFFFFFFFFFFF91
:101F6000FFFFFFFFFFFFFFFFFFFFFFFFFFFFFFFF81
:101F7000FFFFFFFFFFFFFFFFFFFFFFFFFFFFFFFF71
:101F8000FFFFFFFFFFFFFFFFFFFFFFFFFFFFFFFF61
:101F9000FFFFFFFFFFFFFFFFFFFFFFFFFFFFFFFF51
:101FA000FFFFFFFFFFFFFFFFFFFFFFFFFFFFFFFF41
:101FB000FFFFFFFFFFFFFFFFFFFFFFFFFFFFFFFF31
:101FC000FFFFFFFFFFFFFFFFFFFFFFFFFFFFFFFF21
:101FD000FFFFFFFFFFFFFFFFFFFFFFFFFFFFFFFF11
:101FE000FFFFFFFFFFFFFFFFFFFFFFFFFFFFFFFF01
:101FF000FFFFFFFFFFFFFFFFFFFFFFFFFFFFFFFFF1
:10200000FFFFFFFFFFFFFFFFFFFFFFFFFFFFFFFFE0
:10201000FFFFFFFFFFFFFFFFFFFFFFFFFFFFFFFFD0
:10202000FFFFFFFFFFFFFFFFFFFFFFFFFFFFFFFFC0
:10203000FFFFFFFFFFFFFFFFFFFFFFFFFFFFFFFFB0
:10204000FFFFFFFFFFFFFFFFFFFFFFFFFFFFFFFFA0
:10205000FFFFFFFFFFFFFFFFFFFFFFFFFFFFFFFF90
:10206000FFFFFFFFFFFFFFFFFFFFFFFFFFFFFFFF80
:10207000FFFFFFFFFFFFFFFFFFFFFFFFFFFFFFFF70
:10208000FFFFFFFFFFFFFFFFFFFFFFFFFFFFFFFF60
:10209000FFFFFFFFFFFFFFFFFFFFFFFFFFFFFFFF50
:1020A000FFFFFFFFFFFFFFFFFFFFFFFFFFFFFFFF40
:1020B000FFFFFFFFFFFFFFFFFFFFFFFFFFFFFFFF30
:1020C000FFFFFFFFFFFFFFFFFFFFFFFFFFFFFFFF20
:1020D000FFFFFFFFFFFFFFFFFFFFFFFFFFFFFFFF10
:1020E000FFFFFFFFFFFFFFFFFFFFFFFFFFFFFFFF00
:1020F000FFFFFFFFFFFFFFFFFFFFFFFFFFFFFFFFF0
:10210000FFFFFFFFFFFFFFFFFFFFFFFFFFFFFFFFDF
:10211000FFFFFFFFFFFFFFFFFFFFFFFFFFFFFFFFCF
:10212000FFFFFFFFFFFFFFFFFFFFFFFFFFFFFFFFBF
:10213000FFFFFFFFFFFFFFFFFFFFFFFFFFFFFFFFAF
:10214000FFFFFFFFFFFFFFFFFFFFFFFFFFFFFFFF9F
:10215000FFFFFFFFFFFFFFFFFFFFFFFFFFFFFFFF8F
:10216000FFFFFFFFFFFFFFFFFFFFFFFFFFFFFFFF7F
:10217000FFFFFFFFFFFFFFFFFFFFFFFFFFFFFFFF6F
:10218000FFFFFFFFFFFFFFFFFFFFFFFFFFFFFFFF5F
:10219000FFFFFFFFFFFFFFFFFFFFFFFFFFFFFFFF4F
:1021A000FFFFFFFFFFFFFFFFFFFFFFFFFFFFFFFF3F
:1021B000FFFFFFFFFFFFFFFFFFFFFFFFFFFFFFFF2F
:1021C000FFFFFFFFFFFFFFFFFFFFFFFFFFFFFFFF1F
:1021D000FFFFFFFFFFFFFFFFFFFFFFFFFFFFFFFF0F
:1021E000FFFFFFFFFFFFFFFFFFFFFFFFFFFFFFFFFF
:1021F000FFFFFFFFFFFFFFFFFFFFFFFFFFFFFFFFEF
:10220000FFFFFFFFFFFFFFFFFFFFFFFFFFFFFFFFDE
:10221000FFFFFFFFFFFFFFFFFFFFFFFFFFFFFFFFCE
:10222000FFFFFFFFFFFFFFFFFFFFFFFFFFFFFFFFBE
:10223000FFFFFFFFFFFFFFFFFFFFFFFFFFFFFFFFAE
:10224000FFFFFFFFFFFFFFFFFFFFFFFFFFFFFFFF9E
:10225000FFFFFFFFFFFFFFFFFFFFFFFFFFFFFFFF8E
:10226000FFFFFFFFFFFFFFFFFFFFFFFFFFFFFFFF7E
:10227000FFFFFFFFFFFFFFFFFFFFFFFFFFFFFFFF6E
:10228000FFFFFFFFFFFFFFFFFFFFFFFFFFFFFFFF5E
:10229000FFFFFFFFFFFFFFFFFFFFFFFFFFFFFFFF4E
:1022A000FFFFFFFFFFFFFFFFFFFFFFFFFFFFFFFF3E
:1022B000FFFFFFFFFFFFFFFFFFFFFFFFFFFFFFFF2E
:1022C000FFFFFFFFFFFFFFFFFFFFFFFFFFFFFFFF1E
:1022D000FFFFFFFFFFFFFFFFFFFFFFFFFFFFFFFF0E
:1022E000FFFFFFFFFFFFFFFFFFFFFFFFFFFFFFFFFE
:1022F000FFFFFFFFFFFFFFFFFFFFFFFFFFFFFFFFEE
:10230000FFFFFFFFFFFFFFFFFFFFFFFFFFFFFFFFDD
:10231000FFFFFFFFFFFFFFFFFFFFFFFFFFFFFFFFCD
:10232000FFFFFFFFFFFFFFFFFFFFFFFFFFFFFFFFBD
:10233000FFFFFFFFFFFFFFFFFFFFFFFFFFFFFFFFAD
:10234000FFFFFFFFFFFFFFFFFFFFFFFFFFFFFFFF9D
:10235000FFFFFFFFFFFFFFFFFFFFFFFFFFFFFFFF8D
:10236000FFFFFFFFFFFFFFFFFFFFFFFFFFFFFFFF7D
:10237000FFFFFFFFFFFFFFFFFFFFFFFFFFFFFFFF6D
:10238000FFFFFFFFFFFFFFFFFFFFFFFFFFFFFFFF5D
:10239000FFFFFFFFFFFFFFFFFFFFFFFFFFFFFFFF4D
:1023A000FFFFFFFFFFFFFFFFFFFFFFFFFFFFFFFF3D
:1023B000FFFFFFFFFFFFFFFFFFFFFFFFFFFFFFFF2D
:1023C000FFFFFFFFFFFFFFFFFFFFFFFFFFFFFFFF1D
:1023D000FFFFFFFFFFFFFFFFFFFFFFFFFFFFFFFF0D
:1023E000FFFFFFFFFFFFFFFFFFFFFFFFFFFFFFFFFD
:1023F000FFFFFFFFFFFFFFFFFFFFFFFFFFFFFFFFED
:10240000FFFFFFFFFFFFFFFFFFFFFFFFFFFFFFFFDC
:10241000FFFFFFFFFFFFFFFFFFFFFFFFFFFFFFFFCC
:10242000FFFFFFFFFFFFFFFFFFFFFFFFFFFFFFFFBC
:10243000FFFFFFFFFFFFFFFFFFFFFFFFFFFFFFFFAC
:10244000FFFFFFFFFFFFFFFFFFFFFFFFFFFFFFFF9C
:10245000FFFFFFFFFFFFFFFFFFFFFFFFFFFFFFFF8C
:10246000FFFFFFFFFFFFFFFFFFFFFFFFFFFFFFFF7C
:10247000FFFFFFFFFFFFFFFFFFFFFFFFFFFFFFFF6C
:10248000FFFFFFFFFFFFFFFFFFFFFFFFFFFFFFFF5C
:10249000FFFFFFFFFFFFFFFFFFFFFFFFFFFFFFFF4C
:1024A000FFFFFFFFFFFFFFFFFFFFFFFFFFFFFFFF3C
:1024B000FFFFFFFFFFFFFFFFFFFFFFFFFFFFFFFF2C
:1024C000FFFFFFFFFFFFFFFFFFFFFFFFFFFFFFFF1C
:1024D000FFFFFFFFFFFFFFFFFFFFFFFFFFFFFFFF0C
:1024E000FFFFFFFFFFFFFFFFFFFFFFFFFFFFFFFFFC
:1024F000FFFFFFFFFFFFFFFFFFFFFFFFFFFFFFFFEC
:10250000FFFFFFFFFFFFFFFFFFFFFFFFFFFFFFFFDB
:10251000FFFFFFFFFFFFFFFFFFFFFFFFFFFFFFFFCB
:10252000FFFFFFFFFFFFFFFFFFFFFFFFFFFFFFFFBB
:10253000FFFFFFFFFFFFFFFFFFFFFFFFFFFFFFFFAB
:10254000FFFFFFFFFFFFFFFFFFFFFFFFFFFFFFFF9B
:10255000FFFFFFFFFFFFFFFFFFFFFFFFFFFFFFFF8B
:10256000FFFFFFFFFFFFFFFFFFFFFFFFFFFFFFFF7B
:10257000FFFFFFFFFFFFFFFFFFFFFFFFFFFFFFFF6B
:10258000FFFFFFFFFFFFFFFFFFFFFFFFFFFFFFFF5B
:10259000FFFFFFFFFFFFFFFFFFFFFFFFFFFFFFFF4B
:1025A000FFFFFFFFFFFFFFFFFFFFFFFFFFFFFFFF3B
:1025B000FFFFFFFFFFFFFFFFFFFFFFFFFFFFFFFF2B
:1025C000FFFFFFFFFFFFFFFFFFFFFFFFFFFFFFFF1B
:1025D000FFFFFFFFFFFFFFFFFFFFFFFFFFFFFFFF0B
:1025E000FFFFFFFFFFFFFFFFFFFFFFFFFFFFFFFFFB
:1025F000FFFFFFFFFFFFFFFFFFFFFFFFFFFFFFFFEB
:10260000FFFFFFFFFFFFFFFFFFFFFFFFFFFFFFFFDA
:10261000FFFFFFFFFFFFFFFFFFFFFFFFFFFFFFFFCA
:10262000FFFFFFFFFFFFFFFFFFFFFFFFFFFFFFFFBA
:10263000FFFFFFFFFFFFFFFFFFFFFFFFFFFFFFFFAA
:10264000FFFFFFFFFFFFFFFFFFFFFFFFFFFFFFFF9A
:10265000FFFFFFFFFFFFFFFFFFFFFFFFFFFFFFFF8A
:10266000FFFFFFFFFFFFFFFFFFFFFFFFFFFFFFFF7A
:10267000FFFFFFFFFFFFFFFFFFFFFFFFFFFFFFFF6A
:10268000FFFFFFFFFFFFFFFFFFFFFFFFFFFFFFFF5A
:10269000FFFFFFFFFFFFFFFFFFFFFFFFFFFFFFFF4A
:1026A000FFFFFFFFFFFFFFFFFFFFFFFFFFFFFFFF3A
:1026B000FFFFFFFFFFFFFFFFFFFFFFFFFFFFFFFF2A
:1026C000FFFFFFFFFFFFFFFFFFFFFFFFFFFFFFFF1A
:1026D000FFFFFFFFFFFFFFFFFFFFFFFFFFFFFFFF0A
:1026E000FFFFFFFFFFFFFFFFFFFFFFFFFFFFFFFFFA
:1026F000FFFFFFFFFFFFFFFFFFFFFFFFFFFFFFFFEA
:10270000FFFFFFFFFFFFFFFFFFFFFFFFFFFFFFFFD9
:10271000FFFFFFFFFFFFFFFFFFFFFFFFFFFFFFFFC9
:10272000FFFFFFFFFFFFFFFFFFFFFFFFFFFFFFFFB9
:10273000FFFFFFFFFFFFFFFFFFFFFFFFFFFFFFFFA9
:10274000FFFFFFFFFFFFFFFFFFFFFFFFFFFFFFFF99
:10275000FFFFFFFFFFFFFFFFFFFFFFFFFFFFFFFF89
:10276000FFFFFFFFFFFFFFFFFFFFFFFFFFFFFFFF79
:10277000FFFFFFFFFFFFFFFFFFFFFFFFFFFFFFFF69
:10278000FFFFFFFFFFFFFFFFFFFFFFFFFFFFFFFF59
:10279000FFFFFFFFFFFFFFFFFFFFFFFFFFFFFFFF49
:1027A000FFFFFFFFFFFFFFFFFFFFFFFFFFFFFFFF39
:1027B000FFFFFFFFFFFFFFFFFFFFFFFFFFFFFFFF29
:1027C000FFFFFFFFFFFFFFFFFFFFFFFFFFFFFFFF19
:1027D000FFFFFFFFFFFFFFFFFFFFFFFFFFFFFFFF09
:1027E000FFFFFFFFFFFFFFFFFFFFFFFFFFFFFFFFF9
:1027F000FFFFFFFFFFFFFFFFFFFFFFFFFFFFFFFFE9
:10280000FFFFFFFFFFFFFFFFFFFFFFFFFFFFFFFFD8
:10281000FFFFFFFFFFFFFFFFFFFFFFFFFFFFFFFFC8
:10282000FFFFFFFFFFFFFFFFFFFFFFFFFFFFFFFFB8
:10283000FFFFFFFFFFFFFFFFFFFFFFFFFFFFFFFFA8
:10284000FFFFFFFFFFFFFFFFFFFFFFFFFFFFFFFF98
:10285000FFFFFFFFFFFFFFFFFFFFFFFFFFFFFFFF88
:10286000FFFFFFFFFFFFFFFFFFFFFFFFFFFFFFFF78
:10287000FFFFFFFFFFFFFFFFFFFFFFFFFFFFFFFF68
:10288000FFFFFFFFFFFFFFFFFFFFFFFFFFFFFFFF58
:10289000FFFFFFFFFFFFFFFFFFFFFFFFFFFFFFFF48
:1028A000FFFFFFFFFFFFFFFFFFFFFFFFFFFFFFFF38
:1028B000FFFFFFFFFFFFFFFFFFFFFFFFFFFFFFFF28
:1028C000FFFFFFFFFFFFFFFFFFFFFFFFFFFFFFFF18
:1028D000FFFFFFFFFFFFFFFFFFFFFFFFFFFFFFFF08
:1028E000FFFFFFFFFFFFFFFFFFFFFFFFFFFFFFFFF8
:1028F000FFFFFFFFFFFFFFFFFFFFFFFFFFFFFFFFE8
:10290000FFFFFFFFFFFFFFFFFFFFFFFFFFFFFFFFD7
:10291000FFFFFFFFFFFFFFFFFFFFFFFFFFFFFFFFC7
:10292000FFFFFFFFFFFFFFFFFFFFFFFFFFFFFFFFB7
:10293000FFFFFFFFFFFFFFFFFFFFFFFFFFFFFFFFA7
:10294000FFFFFFFFFFFFFFFFFFFFFFFFFFFFFFFF97
:10295000FFFFFFFFFFFFFFFFFFFFFFFFFFFFFFFF87
:10296000FFFFFFFFFFFFFFFFFFFFFFFFFFFFFFFF77
:10297000FFFFFFFFFFFFFFFFFFFFFFFFFFFFFFFF67
:10298000FFFFFFFFFFFFFFFFFFFFFFFFFFFFFFFF57
:10299000FFFFFFFFFFFFFFFFFFFFFFFFFFFFFFFF47
:1029A000FFFFFFFFFFFFFFFFFFFFFFFFFFFFFFFF37
:1029B000FFFFFFFFFFFFFFFFFFFFFFFFFFFFFFFF27
:1029C000FFFFFFFFFFFFFFFFFFFFFFFFFFFFFFFF17
:1029D000FFFFFFFFFFFFFFFFFFFFFFFFFFFFFFFF07
:1029E000FFFFFFFFFFFFFFFFFFFFFFFFFFFFFFFFF7
:1029F000FFFFFFFFFFFFFFFFFFFFFFFFFFFFFFFFE7
:102A0000FFFFFFFFFFFFFFFFFFFFFFFFFFFFFFFFD6
:102A1000FFFFFFFFFFFFFFFFFFFFFFFFFFFFFFFFC6
:102A2000FFFFFFFFFFFFFFFFFFFFFFFFFFFFFFFFB6
:102A3000FFFFFFFFFFFFFFFFFFFFFFFFFFFFFFFFA6
:102A4000FFFFFFFFFFFFFFFFFFFFFFFFFFFFFFFF96
:102A5000FFFFFFFFFFFFFFFFFFFFFFFFFFFFFFFF86
:102A6000FFFFFFFFFFFFFFFFFFFFFFFFFFFFFFFF76
:102A7000FFFFFFFFFFFFFFFFFFFFFFFFFFFFFFFF66
:102A8000FFFFFFFFFFFFFFFFFFFFFFFFFFFFFFFF56
:102A9000FFFFFFFFFFFFFFFFFFFFFFFFFFFFFFFF46
:102AA000FFFFFFFFFFFFFFFFFFFFFFFFFFFFFFFF36
:102AB000FFFFFFFFFFFFFFFFFFFFFFFFFFFFFFFF26
:102AC000FFFFFFFFFFFFFFFFFFFFFFFFFFFFFFFF16
:102AD000FFFFFFFFFFFFFFFFFFFFFFFFFFFFFFFF06
:102AE000FFFFFFFFFFFFFFFFFFFFFFFFFFFFFFFFF6
:102AF000FFFFFFFFFFFFFFFFFFFFFFFFFFFFFFFFE6
:102B0000FFFFFFFFFFFFFFFFFFFFFFFFFFFFFFFFD5
:102B1000FFFFFFFFFFFFFFFFFFFFFFFFFFFFFFFFC5
:102B2000FFFFFFFFFFFFFFFFFFFFFFFFFFFFFFFFB5
:102B3000FFFFFFFFFFFFFFFFFFFFFFFFFFFFFFFFA5
:102B4000FFFFFFFFFFFFFFFFFFFFFFFFFFFFFFFF95
:102B5000FFFFFFFFFFFFFFFFFFFFFFFFFFFFFFFF85
:102B6000FFFFFFFFFFFFFFFFFFFFFFFFFFFFFFFF75
:102B7000FFFFFFFFFFFFFFFFFFFFFFFFFFFFFFFF65
:102B8000FFFFFFFFFFFFFFFFFFFFFFFFFFFFFFFF55
:102B9000FFFFFFFFFFFFFFFFFFFFFFFFFFFFFFFF45
:102BA000FFFFFFFFFFFFFFFFFFFFFFFFFFFFFFFF35
:102BB000FFFFFFFFFFFFFFFFFFFFFFFFFFFFFFFF25
:102BC000FFFFFFFFFFFFFFFFFFFFFFFFFFFFFFFF15
:102BD000FFFFFFFFFFFFFFFFFFFFFFFFFFFFFFFF05
:102BE000FFFFFFFFFFFFFFFFFFFFFFFFFFFFFFFFF5
:102BF000FFFFFFFFFFFFFFFFFFFFFFFFFFFFFFFFE5
:102C0000FFFFFFFFFFFFFFFFFFFFFFFFFFFFFFFFD4
:102C1000FFFFFFFFFFFFFFFFFFFFFFFFFFFFFFFFC4
:102C2000FFFFFFFFFFFFFFFFFFFFFFFFFFFFFFFFB4
:102C3000FFFFFFFFFFFFFFFFFFFFFFFFFFFFFFFFA4
:102C4000FFFFFFFFFFFFFFFFFFFFFFFFFFFFFFFF94
:102C5000FFFFFFFFFFFFFFFFFFFFFFFFFFFFFFFF84
:102C6000FFFFFFFFFFFFFFFFFFFFFFFFFFFFFFFF74
:102C7000FFFFFFFFFFFFFFFFFFFFFFFFFFFFFFFF64
:102C8000FFFFFFFFFFFFFFFFFFFFFFFFFFFFFFFF54
:102C9000FFFFFFFFFFFFFFFFFFFFFFFFFFFFFFFF44
:102CA000FFFFFFFFFFFFFFFFFFFFFFFFFFFFFFFF34
:102CB000FFFFFFFFFFFFFFFFFFFFFFFFFFFFFFFF24
:102CC000FFFFFFFFFFFFFFFFFFFFFFFFFFFFFFFF14
:102CD000FFFFFFFFFFFFFFFFFFFFFFFFFFFFFFFF04
:102CE000FFFFFFFFFFFFFFFFFFFFFFFFFFFFFFFFF4
:102CF000FFFFFFFFFFFFFFFFFFFFFFFFFFFFFFFFE4
:102D0000FFFFFFFFFFFFFFFFFFFFFFFFFFFFFFFFD3
:102D1000FFFFFFFFFFFFFFFFFFFFFFFFFFFFFFFFC3
:102D2000FFFFFFFFFFFFFFFFFFFFFFFFFFFFFFFFB3
:102D3000FFFFFFFFFFFFFFFFFFFFFFFFFFFFFFFFA3
:102D4000FFFFFFFFFFFFFFFFFFFFFFFFFFFFFFFF93
:102D5000FFFFFFFFFFFFFFFFFFFFFFFFFFFFFFFF83
:102D6000FFFFFFFFFFFFFFFFFFFFFFFFFFFFFFFF73
:102D7000FFFFFFFFFFFFFFFFFFFFFFFFFFFFFFFF63
:102D8000FFFFFFFFFFFFFFFFFFFFFFFFFFFFFFFF53
:102D9000FFFFFFFFFFFFFFFFFFFFFFFFFFFFFFFF43
:102DA000FFFFFFFFFFFFFFFFFFFFFFFFFFFFFFFF33
:102DB000FFFFFFFFFFFFFFFFFFFFFFFFFFFFFFFF23
:102DC000FFFFFFFFFFFFFFFFFFFFFFFFFFFFFFFF13
:102DD000FFFFFFFFFFFFFFFFFFFFFFFFFFFFFFFF03
:102DE000FFFFFFFFFFFFFFFFFFFFFFFFFFFFFFFFF3
:102DF000FFFFFFFFFFFFFFFFFFFFFFFFFFFFFFFFE3
:102E0000FFFFFFFFFFFFFFFFFFFFFFFFFFFFFFFFD2
:102E1000FFFFFFFFFFFFFFFFFFFFFFFFFFFFFFFFC2
:102E2000FFFFFFFFFFFFFFFFFFFFFFFFFFFFFFFFB2
:102E3000FFFFFFFFFFFFFFFFFFFFFFFFFFFFFFFFA2
:102E4000FFFFFFFFFFFFFFFFFFFFFFFFFFFFFFFF92
:102E5000FFFFFFFFFFFFFFFFFFFFFFFFFFFFFFFF82
:102E6000FFFFFFFFFFFFFFFFFFFFFFFFFFFFFFFF72
:102E7000FFFFFFFFFFFFFFFFFFFFFFFFFFFFFFFF62
:102E8000FFFFFFFFFFFFFFFFFFFFFFFFFFFFFFFF52
:102E9000FFFFFFFFFFFFFFFFFFFFFFFFFFFFFFFF42
:102EA000FFFFFFFFFFFFFFFFFFFFFFFFFFFFFFFF32
:102EB000FFFFFFFFFFFFFFFFFFFFFFFFFFFFFFFF22
:102EC000FFFFFFFFFFFFFFFFFFFFFFFFFFFFFFFF12
:102ED000FFFFFFFFFFFFFFFFFFFFFFFFFFFFFFFF02
:102EE000FFFFFFFFFFFFFFFFFFFFFFFFFFFFFFFFF2
:102EF000FFFFFFFFFFFFFFFFFFFFFFFFFFFFFFFFE2
:102F0000FFFFFFFFFFFFFFFFFFFFFFFFFFFFFFFFD1
:102F1000FFFFFFFFFFFFFFFFFFFFFFFFFFFFFFFFC1
:102F2000FFFFFFFFFFFFFFFFFFFFFFFFFFFFFFFFB1
:102F3000FFFFFFFFFFFFFFFFFFFFFFFFFFFFFFFFA1
:102F4000FFFFFFFFFFFFFFFFFFFFFFFFFFFFFFFF91
:102F5000FFFFFFFFFFFFFFFFFFFFFFFFFFFFFFFF81
:102F6000FFFFFFFFFFFFFFFFFFFFFFFFFFFFFFFF71
:102F7000FFFFFFFFFFFFFFFFFFFFFFFFFFFFFFFF61
:102F8000FFFFFFFFFFFFFFFFFFFFFFFFFFFFFFFF51
:102F9000FFFFFFFFFFFFFFFFFFFFFFFFFFFFFFFF41
:102FA000FFFFFFFFFFFFFFFFFFFFFFFFFFFFFFFF31
:102FB000FFFFFFFFFFFFFFFFFFFFFFFFFFFFFFFF21
:102FC000FFFFFFFFFFFFFFFFFFFFFFFFFFFFFFFF11
:102FD000FFFFFFFFFFFFFFFFFFFFFFFFFFFFFFFF01
:102FE000FFFFFFFFFFFFFFFFFFFFFFFFFFFFFFFFF1
:102FF000FFFFFFFFFFFFFFFFFFFFFFFFFFFFFFFFE1
:10300000FFFFFFFFFFFFFFFFFFFFFFFFFFFFFFFFD0
:10301000FFFFFFFFFFFFFFFFFFFFFFFFFFFFFFFFC0
:10302000FFFFFFFFFFFFFFFFFFFFFFFFFFFFFFFFB0
:10303000FFFFFFFFFFFFFFFFFFFFFFFFFFFFFFFFA0
:10304000FFFFFFFFFFFFFFFFFFFFFFFFFFFFFFFF90
:10305000FFFFFFFFFFFFFFFFFFFFFFFFFFFFFFFF80
:10306000FFFFFFFFFFFFFFFFFFFFFFFFFFFFFFFF70
:10307000FFFFFFFFFFFFFFFFFFFFFFFFFFFFFFFF60
:10308000FFFFFFFFFFFFFFFFFFFFFFFFFFFFFFFF50
:10309000FFFFFFFFFFFFFFFFFFFFFFFFFFFFFFFF40
:1030A000FFFFFFFFFFFFFFFFFFFFFFFFFFFFFFFF30
:1030B000FFFFFFFFFFFFFFFFFFFFFFFFFFFFFFFF20
:1030C000FFFFFFFFFFFFFFFFFFFFFFFFFFFFFFFF10
:1030D000FFFFFFFFFFFFFFFFFFFFFFFFFFFFFFFF00
:1030E000FFFFFFFFFFFFFFFFFFFFFFFFFFFFFFFFF0
:1030F000FFFFFFFFFFFFFFFFFFFFFFFFFFFFFFFFE0
:10310000FFFFFFFFFFFFFFFFFFFFFFFFFFFFFFFFCF
:10311000FFFFFFFFFFFFFFFFFFFFFFFFFFFFFFFFBF
:10312000FFFFFFFFFFFFFFFFFFFFFFFFFFFFFFFFAF
:10313000FFFFFFFFFFFFFFFFFFFFFFFFFFFFFFFF9F
:10314000FFFFFFFFFFFFFFFFFFFFFFFFFFFFFFFF8F
:10315000FFFFFFFFFFFFFFFFFFFFFFFFFFFFFFFF7F
:10316000FFFFFFFFFFFFFFFFFFFFFFFFFFFFFFFF6F
:10317000FFFFFFFFFFFFFFFFFFFFFFFFFFFFFFFF5F
:10318000FFFFFFFFFFFFFFFFFFFFFFFFFFFFFFFF4F
:10319000FFFFFFFFFFFFFFFFFFFFFFFFFFFFFFFF3F
:1031A000FFFFFFFFFFFFFFFFFFFFFFFFFFFFFFFF2F
:1031B000FFFFFFFFFFFFFFFFFFFFFFFFFFFFFFFF1F
:1031C000FFFFFFFFFFFFFFFFFFFFFFFFFFFFFFFF0F
:1031D000FFFFFFFFFFFFFFFFFFFFFFFFFFFFFFFFFF
:1031E000FFFFFFFFFFFFFFFFFFFFFFFFFFFFFFFFEF
:1031F000FFFFFFFFFFFFFFFFFFFFFFFFFFFFFFFFDF
:10320000FFFFFFFFFFFFFFFFFFFFFFFFFFFFFFFFCE
:10321000FFFFFFFFFFFFFFFFFFFFFFFFFFFFFFFFBE
:10322000FFFFFFFFFFFFFFFFFFFFFFFFFFFFFFFFAE
:10323000FFFFFFFFFFFFFFFFFFFFFFFFFFFFFFFF9E
:10324000FFFFFFFFFFFFFFFFFFFFFFFFFFFFFFFF8E
:10325000FFFFFFFFFFFFFFFFFFFFFFFFFFFFFFFF7E
:10326000FFFFFFFFFFFFFFFFFFFFFFFFFFFFFFFF6E
:10327000FFFFFFFFFFFFFFFFFFFFFFFFFFFFFFFF5E
:10328000FFFFFFFFFFFFFFFFFFFFFFFFFFFFFFFF4E
:10329000FFFFFFFFFFFFFFFFFFFFFFFFFFFFFFFF3E
:1032A000FFFFFFFFFFFFFFFFFFFFFFFFFFFFFFFF2E
:1032B000FFFFFFFFFFFFFFFFFFFFFFFFFFFFFFFF1E
:1032C000FFFFFFFFFFFFFFFFFFFFFFFFFFFFFFFF0E
:1032D000FFFFFFFFFFFFFFFFFFFFFFFFFFFFFFFFFE
:1032E000FFFFFFFFFFFFFFFFFFFFFFFFFFFFFFFFEE
:1032F000FFFFFFFFFFFFFFFFFFFFFFFFFFFFFFFFDE
:10330000FFFFFFFFFFFFFFFFFFFFFFFFFFFFFFFFCD
:10331000FFFFFFFFFFFFFFFFFFFFFFFFFFFFFFFFBD
:10332000FFFFFFFFFFFFFFFFFFFFFFFFFFFFFFFFAD
:10333000FFFFFFFFFFFFFFFFFFFFFFFFFFFFFFFF9D
:10334000FFFFFFFFFFFFFFFFFFFFFFFFFFFFFFFF8D
:10335000FFFFFFFFFFFFFFFFFFFFFFFFFFFFFFFF7D
:10336000FFFFFFFFFFFFFFFFFFFFFFFFFFFFFFFF6D
:10337000FFFFFFFFFFFFFFFFFFFFFFFFFFFFFFFF5D
:10338000FFFFFFFFFFFFFFFFFFFFFFFFFFFFFFFF4D
:10339000FFFFFFFFFFFFFFFFFFFFFFFFFFFFFFFF3D
:1033A000FFFFFFFFFFFFFFFFFFFFFFFFFFFFFFFF2D
:1033B000FFFFFFFFFFFFFFFFFFFFFFFFFFFFFFFF1D
:1033C000FFFFFFFFFFFFFFFFFFFFFFFFFFFFFFFF0D
:1033D000FFFFFFFFFFFFFFFFFFFFFFFFFFFFFFFFFD
:1033E000FFFFFFFFFFFFFFFFFFFFFFFFFFFFFFFFED
:1033F000FFFFFFFFFFFFFFFFFFFFFFFFFFFFFFFFDD
:10340000FFFFFFFFFFFFFFFFFFFFFFFFFFFFFFFFCC
:10341000FFFFFFFFFFFFFFFFFFFFFFFFFFFFFFFFBC
:10342000FFFFFFFFFFFFFFFFFFFFFFFFFFFFFFFFAC
:10343000FFFFFFFFFFFFFFFFFFFFFFFFFFFFFFFF9C
:10344000FFFFFFFFFFFFFFFFFFFFFFFFFFFFFFFF8C
:10345000FFFFFFFFFFFFFFFFFFFFFFFFFFFFFFFF7C
:10346000FFFFFFFFFFFFFFFFFFFFFFFFFFFFFFFF6C
:10347000FFFFFFFFFFFFFFFFFFFFFFFFFFFFFFFF5C
:10348000FFFFFFFFFFFFFFFFFFFFFFFFFFFFFFFF4C
:10349000FFFFFFFFFFFFFFFFFFFFFFFFFFFFFFFF3C
:1034A000FFFFFFFFFFFFFFFFFFFFFFFFFFFFFFFF2C
:1034B000FFFFFFFFFFFFFFFFFFFFFFFFFFFFFFFF1C
:1034C000FFFFFFFFFFFFFFFFFFFFFFFFFFFFFFFF0C
:1034D000FFFFFFFFFFFFFFFFFFFFFFFFFFFFFFFFFC
:1034E000FFFFFFFFFFFFFFFFFFFFFFFFFFFFFFFFEC
:1034F000FFFFFFFFFFFFFFFFFFFFFFFFFFFFFFFFDC
:10350000FFFFFFFFFFFFFFFFFFFFFFFFFFFFFFFFCB
:10351000FFFFFFFFFFFFFFFFFFFFFFFFFFFFFFFFBB
:10352000FFFFFFFFFFFFFFFFFFFFFFFFFFFFFFFFAB
:10353000FFFFFFFFFFFFFFFFFFFFFFFFFFFFFFFF9B
:10354000FFFFFFFFFFFFFFFFFFFFFFFFFFFFFFFF8B
:10355000FFFFFFFFFFFFFFFFFFFFFFFFFFFFFFFF7B
:10356000FFFFFFFFFFFFFFFFFFFFFFFFFFFFFFFF6B
:10357000FFFFFFFFFFFFFFFFFFFFFFFFFFFFFFFF5B
:10358000FFFFFFFFFFFFFFFFFFFFFFFFFFFFFFFF4B
:10359000FFFFFFFFFFFFFFFFFFFFFFFFFFFFFFFF3B
:1035A000FFFFFFFFFFFFFFFFFFFFFFFFFFFFFFFF2B
:1035B000FFFFFFFFFFFFFFFFFFFFFFFFFFFFFFFF1B
:1035C000FFFFFFFFFFFFFFFFFFFFFFFFFFFFFFFF0B
:1035D000FFFFFFFFFFFFFFFFFFFFFFFFFFFFFFFFFB
:1035E000FFFFFFFFFFFFFFFFFFFFFFFFFFFFFFFFEB
:1035F000FFFFFFFFFFFFFFFFFFFFFFFFFFFFFFFFDB
:10360000FFFFFFFFFFFFFFFFFFFFFFFFFFFFFFFFCA
:10361000FFFFFFFFFFFFFFFFFFFFFFFFFFFFFFFFBA
:10362000FFFFFFFFFFFFFFFFFFFFFFFFFFFFFFFFAA
:10363000FFFFFFFFFFFFFFFFFFFFFFFFFFFFFFFF9A
:10364000FFFFFFFFFFFFFFFFFFFFFFFFFFFFFFFF8A
:10365000FFFFFFFFFFFFFFFFFFFFFFFFFFFFFFFF7A
:10366000FFFFFFFFFFFFFFFFFFFFFFFFFFFFFFFF6A
:10367000FFFFFFFFFFFFFFFFFFFFFFFFFFFFFFFF5A
:10368000FFFFFFFFFFFFFFFFFFFFFFFFFFFFFFFF4A
:10369000FFFFFFFFFFFFFFFFFFFFFFFFFFFFFFFF3A
:1036A000FFFFFFFFFFFFFFFFFFFFFFFFFFFFFFFF2A
:1036B000FFFFFFFFFFFFFFFFFFFFFFFFFFFFFFFF1A
:1036C000FFFFFFFFFFFFFFFFFFFFFFFFFFFFFFFF0A
:1036D000FFFFFFFFFFFFFFFFFFFFFFFFFFFFFFFFFA
:1036E000FFFFFFFFFFFFFFFFFFFFFFFFFFFFFFFFEA
:1036F000FFFFFFFFFFFFFFFFFFFFFFFFFFFFFFFFDA
:10370000FFFFFFFFFFFFFFFFFFFFFFFFFFFFFFFFC9
:10371000FFFFFFFFFFFFFFFFFFFFFFFFFFFFFFFFB9
:10372000FFFFFFFFFFFFFFFFFFFFFFFFFFFFFFFFA9
:10373000FFFFFFFFFFFFFFFFFFFFFFFFFFFFFFFF99
:10374000FFFFFFFFFFFFFFFFFFFFFFFFFFFFFFFF89
:10375000FFFFFFFFFFFFFFFFFFFFFFFFFFFFFFFF79
:10376000FFFFFFFFFFFFFFFFFFFFFFFFFFFFFFFF69
:10377000FFFFFFFFFFFFFFFFFFFFFFFFFFFFFFFF59
:10378000FFFFFFFFFFFFFFFFFFFFFFFFFFFFFFFF49
:10379000FFFFFFFFFFFFFFFFFFFFFFFFFFFFFFFF39
:1037A000FFFFFFFFFFFFFFFFFFFFFFFFFFFFFFFF29
:1037B000FFFFFFFFFFFFFFFFFFFFFFFFFFFFFFFF19
:1037C000FFFFFFFFFFFFFFFFFFFFFFFFFFFFFFFF09
:1037D000FFFFFFFFFFFFFFFFFFFFFFFFFFFFFFFFF9
:1037E000FFFFFFFFFFFFFFFFFFFFFFFFFFFFFFFFE9
:1037F000FFFFFFFFFFFFFFFFFFFFFFFFFFFFFFFFD9
:10380000FFFFFFFFFFFFFFFFFFFFFFFFFFFFFFFFC8
:10381000FFFFFFFFFFFFFFFFFFFFFFFFFFFFFFFFB8
:10382000FFFFFFFFFFFFFFFFFFFFFFFFFFFFFFFFA8
:10383000FFFFFFFFFFFFFFFFFFFFFFFFFFFFFFFF98
:10384000FFFFFFFFFFFFFFFFFFFFFFFFFFFFFFFF88
:10385000FFFFFFFFFFFFFFFFFFFFFFFFFFFFFFFF78
:10386000FFFFFFFFFFFFFFFFFFFFFFFFFFFFFFFF68
:10387000FFFFFFFFFFFFFFFFFFFFFFFFFFFFFFFF58
:10388000FFFFFFFFFFFFFFFFFFFFFFFFFFFFFFFF48
:10389000FFFFFFFFFFFFFFFFFFFFFFFFFFFFFFFF38
:1038A000FFFFFFFFFFFFFFFFFFFFFFFFFFFFFFFF28
:1038B000FFFFFFFFFFFFFFFFFFFFFFFFFFFFFFFF18
:1038C000FFFFFFFFFFFFFFFFFFFFFFFFFFFFFFFF08
:1038D000FFFFFFFFFFFFFFFFFFFFFFFFFFFFFFFFF8
:1038E000FFFFFFFFFFFFFFFFFFFFFFFFFFFFFFFFE8
:1038F000FFFFFFFFFFFFFFFFFFFFFFFFFFFFFFFFD8
:10390000FFFFFFFFFFFFFFFFFFFFFFFFFFFFFFFFC7
:10391000FFFFFFFFFFFFFFFFFFFFFFFFFFFFFFFFB7
:10392000FFFFFFFFFFFFFFFFFFFFFFFFFFFFFFFFA7
:10393000FFFFFFFFFFFFFFFFFFFFFFFFFFFFFFFF97
:10394000FFFFFFFFFFFFFFFFFFFFFFFFFFFFFFFF87
:10395000FFFFFFFFFFFFFFFFFFFFFFFFFFFFFFFF77
:10396000FFFFFFFFFFFFFFFFFFFFFFFFFFFFFFFF67
:10397000FFFFFFFFFFFFFFFFFFFFFFFFFFFFFFFF57
:10398000FFFFFFFFFFFFFFFFFFFFFFFFFFFFFFFF47
:10399000FFFFFFFFFFFFFFFFFFFFFFFFFFFFFFFF37
:1039A000FFFFFFFFFFFFFFFFFFFFFFFFFFFFFFFF27
:1039B000FFFFFFFFFFFFFFFFFFFFFFFFFFFFFFFF17
:1039C000FFFFFFFFFFFFFFFFFFFFFFFFFFFFFFFF07
:1039D000FFFFFFFFFFFFFFFFFFFFFFFFFFFFFFFFF7
:1039E000FFFFFFFFFFFFFFFFFFFFFFFFFFFFFFFFE7
:1039F000FFFFFFFFFFFFFFFFFFFFFFFFFFFFFFFFD7
:103A0000FFFFFFFFFFFFFFFFFFFFFFFFFFFFFFFFC6
:103A1000FFFFFFFFFFFFFFFFFFFFFFFFFFFFFFFFB6
:103A2000FFFFFFFFFFFFFFFFFFFFFFFFFFFFFFFFA6
:103A3000FFFFFFFFFFFFFFFFFFFFFFFFFFFFFFFF96
:103A4000FFFFFFFFFFFFFFFFFFFFFFFFFFFFFFFF86
:103A5000FFFFFFFFFFFFFFFFFFFFFFFFFFFFFFFF76
:103A6000FFFFFFFFFFFFFFFFFFFFFFFFFFFFFFFF66
:103A7000FFFFFFFFFFFFFFFFFFFFFFFFFFFFFFFF56
:103A8000FFFFFFFFFFFFFFFFFFFFFFFFFFFFFFFF46
:103A9000FFFFFFFFFFFFFFFFFFFFFFFFFFFFFFFF36
:103AA000FFFFFFFFFFFFFFFFFFFFFFFFFFFFFFFF26
:103AB000FFFFFFFFFFFFFFFFFFFFFFFFFFFFFFFF16
:103AC000FFFFFFFFFFFFFFFFFFFFFFFFFFFFFFFF06
:103AD000FFFFFFFFFFFFFFFFFFFFFFFFFFFFFFFFF6
:103AE000FFFFFFFFFFFFFFFFFFFFFFFFFFFFFFFFE6
:103AF000FFFFFFFFFFFFFFFFFFFFFFFFFFFFFFFFD6
:103B0000FFFFFFFFFFFFFFFFFFFFFFFFFFFFFFFFC5
:103B1000FFFFFFFFFFFFFFFFFFFFFFFFFFFFFFFFB5
:103B2000FFFFFFFFFFFFFFFFFFFFFFFFFFFFFFFFA5
:103B3000FFFFFFFFFFFFFFFFFFFFFFFFFFFFFFFF95
:103B4000FFFFFFFFFFFFFFFFFFFFFFFFFFFFFFFF85
:103B5000FFFFFFFFFFFFFFFFFFFFFFFFFFFFFFFF75
:103B6000FFFFFFFFFFFFFFFFFFFFFFFFFFFFFFFF65
:103B7000FFFFFFFFFFFFFFFFFFFFFFFFFFFFFFFF55
:103B8000FFFFFFFFFFFFFFFFFFFFFFFFFFFFFFFF45
:103B9000FFFFFFFFFFFFFFFFFFFFFFFFFFFFFFFF35
:103BA000FFFFFFFFFFFFFFFFFFFFFFFFFFFFFFFF25
:103BB000FFFFFFFFFFFFFFFFFFFFFFFFFFFFFFFF15
:103BC000FFFFFFFFFFFFFFFFFFFFFFFFFFFFFFFF05
:103BD000FFFFFFFFFFFFFFFFFFFFFFFFFFFFFFFFF5
:103BE000FFFFFFFFFFFFFFFFFFFFFFFFFFFFFFFFE5
:103BF000FFFFFFFFFFFFFFFFFFFFFFFFFFFFFFFFD5
:103C0000FFFFFFFFFFFFFFFFFFFFFFFFFFFFFFFFC4
:103C1000FFFFFFFFFFFFFFFFFFFFFFFFFFFFFFFFB4
:103C2000FFFFFFFFFFFFFFFFFFFFFFFFFFFFFFFFA4
:103C3000FFFFFFFFFFFFFFFFFFFFFFFFFFFFFFFF94
:103C4000FFFFFFFFFFFFFFFFFFFFFFFFFFFFFFFF84
:103C5000FFFFFFFFFFFFFFFFFFFFFFFFFFFFFFFF74
:103C6000FFFFFFFFFFFFFFFFFFFFFFFFFFFFFFFF64
:103C7000FFFFFFFFFFFFFFFFFFFFFFFFFFFFFFFF54
:103C8000FFFFFFFFFFFFFFFFFFFFFFFFFFFFFFFF44
:103C9000FFFFFFFFFFFFFFFFFFFFFFFFFFFFFFFF34
:103CA000FFFFFFFFFFFFFFFFFFFFFFFFFFFFFFFF24
:103CB000FFFFFFFFFFFFFFFFFFFFFFFFFFFFFFFF14
:103CC000FFFFFFFFFFFFFFFFFFFFFFFFFFFFFFFF04
:103CD000FFFFFFFFFFFFFFFFFFFFFFFFFFFFFFFFF4
:103CE000FFFFFFFFFFFFFFFFFFFFFFFFFFFFFFFFE4
:103CF000FFFFFFFFFFFFFFFFFFFFFFFFFFFFFFFFD4
:103D0000FFFFFFFFFFFFFFFFFFFFFFFFFFFFFFFFC3
:103D1000FFFFFFFFFFFFFFFFFFFFFFFFFFFFFFFFB3
:103D2000FFFFFFFFFFFFFFFFFFFFFFFFFFFFFFFFA3
:103D3000FFFFFFFFFFFFFFFFFFFFFFFFFFFFFFFF93
:103D4000FFFFFFFFFFFFFFFFFFFFFFFFFFFFFFFF83
:103D5000FFFFFFFFFFFFFFFFFFFFFFFFFFFFFFFF73
:103D6000FFFFFFFFFFFFFFFFFFFFFFFFFFFFFFFF63
:103D7000FFFFFFFFFFFFFFFFFFFFFFFFFFFFFFFF53
:103D8000FFFFFFFFFFFFFFFFFFFFFFFFFFFFFFFF43
:103D9000FFFFFFFFFFFFFFFFFFFFFFFFFFFFFFFF33
:103DA000FFFFFFFFFFFFFFFFFFFFFFFFFFFFFFFF23
:103DB000FFFFFFFFFFFFFFFFFFFFFFFFFFFFFFFF13
:103DC000FFFFFFFFFFFFFFFFFFFFFFFFFFFFFFFF03
:103DD000FFFFFFFFFFFFFFFFFFFFFFFFFFFFFFFFF3
:103DE000FFFFFFFFFFFFFFFFFFFFFFFFFFFFFFFFE3
:103DF000FFFFFFFFFFFFFFFFFFFFFFFFFFFFFFFFD3
:103E0000FFFFFFFFFFFFFFFFFFFFFFFFFFFFFFFFC2
:103E1000FFFFFFFFFFFFFFFFFFFFFFFFFFFFFFFFB2
:103E2000FFFFFFFFFFFFFFFFFFFFFFFFFFFFFFFFA2
:103E3000FFFFFFFFFFFFFFFFFFFFFFFFFFFFFFFF92
:103E4000FFFFFFFFFFFFFFFFFFFFFFFFFFFFFFFF82
:103E5000FFFFFFFFFFFFFFFFFFFFFFFFFFFFFFFF72
:103E6000FFFFFFFFFFFFFFFFFFFFFFFFFFFFFFFF62
:103E7000FFFFFFFFFFFFFFFFFFFFFFFFFFFFFFFF52
:103E8000FFFFFFFFFFFFFFFFFFFFFFFFFFFFFFFF42
:103E9000FFFFFFFFFFFFFFFFFFFFFFFFFFFFFFFF32
:103EA000FFFFFFFFFFFFFFFFFFFFFFFFFFFFFFFF22
:103EB000FFFFFFFFFFFFFFFFFFFFFFFFFFFFFFFF12
:103EC000FFFFFFFFFFFFFFFFFFFFFFFFFFFFFFFF02
:103ED000FFFFFFFFFFFFFFFFFFFFFFFFFFFFFFFFF2
:103EE000FFFFFFFFFFFFFFFFFFFFFFFFFFFFFFFFE2
:103EF000FFFFFFFFFFFFFFFFFFFFFFFFFFFFFFFFD2
:103F0000FFFFFFFFFFFFFFFFFFFFFFFFFFFFFFFFC1
:103F1000FFFFFFFFFFFFFFFFFFFFFFFFFFFFFFFFB1
:103F2000FFFFFFFFFFFFFFFFFFFFFFFFFFFFFFFFA1
:103F3000FFFFFFFFFFFFFFFFFFFFFFFFFFFFFFFF91
:103F4000FFFFFFFFFFFFFFFFFFFFFFFFFFFFFFFF81
:103F5000FFFFFFFFFFFFFFFFFFFFFFFFFFFFFFFF71
:103F6000FFFFFFFFFFFFFFFFFFFFFFFFFFFFFFFF61
:103F7000FFFFFFFFFFFFFFFFFFFFFFFFFFFFFFFF51
:103F8000FFFFFFFFFFFFFFFFFFFFFFFFFFFFFFFF41
:103F9000FFFFFFFFFFFFFFFFFFFFFFFFFFFFFFFF31
:103FA000FFFFFFFFFFFFFFFFFFFFFFFFFFFFFFFF21
:103FB000FFFFFFFFFFFFFFFFFFFFFFFFFFFFFFFF11
:103FC000FFFFFFFFFFFFFFFFFFFFFFFFFFFFFFFF01
:103FD000FFFFFFFFFFFFFFFFFFFFFFFFFFFFFFFFF1
:103FE000FFFFFFFFFFFFFFFFFFFFFFFFFFFFFFFFE1
:103FF000FFFFFFFFFFFFFFFFFFFFFFFFFFFFFFFFD1
:10400000FFFFFFFFFFFFFFFFFFFFFFFFFFFFFFFFC0
:10401000FFFFFFFFFFFFFFFFFFFFFFFFFFFFFFFFB0
:10402000FFFFFFFFFFFFFFFFFFFFFFFFFFFFFFFFA0
:10403000FFFFFFFFFFFFFFFFFFFFFFFFFFFFFFFF90
:10404000FFFFFFFFFFFFFFFFFFFFFFFFFFFFFFFF80
:10405000FFFFFFFFFFFFFFFFFFFFFFFFFFFFFFFF70
:10406000FFFFFFFFFFFFFFFFFFFFFFFFFFFFFFFF60
:10407000FFFFFFFFFFFFFFFFFFFFFFFFFFFFFFFF50
:10408000FFFFFFFFFFFFFFFFFFFFFFFFFFFFFFFF40
:10409000FFFFFFFFFFFFFFFFFFFFFFFFFFFFFFFF30
:1040A000FFFFFFFFFFFFFFFFFFFFFFFFFFFFFFFF20
:1040B000FFFFFFFFFFFFFFFFFFFFFFFFFFFFFFFF10
:1040C000FFFFFFFFFFFFFFFFFFFFFFFFFFFFFFFF00
:1040D000FFFFFFFFFFFFFFFFFFFFFFFFFFFFFFFFF0
:1040E000FFFFFFFFFFFFFFFFFFFFFFFFFFFFFFFFE0
:1040F000FFFFFFFFFFFFFFFFFFFFFFFFFFFFFFFFD0
:10410000FFFFFFFFFFFFFFFFFFFFFFFFFFFFFFFFBF
:10411000FFFFFFFFFFFFFFFFFFFFFFFFFFFFFFFFAF
:10412000FFFFFFFFFFFFFFFFFFFFFFFFFFFFFFFF9F
:10413000FFFFFFFFFFFFFFFFFFFFFFFFFFFFFFFF8F
:10414000FFFFFFFFFFFFFFFFFFFFFFFFFFFFFFFF7F
:10415000FFFFFFFFFFFFFFFFFFFFFFFFFFFFFFFF6F
:10416000FFFFFFFFFFFFFFFFFFFFFFFFFFFFFFFF5F
:10417000FFFFFFFFFFFFFFFFFFFFFFFFFFFFFFFF4F
:10418000FFFFFFFFFFFFFFFFFFFFFFFFFFFFFFFF3F
:10419000FFFFFFFFFFFFFFFFFFFFFFFFFFFFFFFF2F
:1041A000FFFFFFFFFFFFFFFFFFFFFFFFFFFFFFFF1F
:1041B000FFFFFFFFFFFFFFFFFFFFFFFFFFFFFFFF0F
:1041C000FFFFFFFFFFFFFFFFFFFFFFFFFFFFFFFFFF
:1041D000FFFFFFFFFFFFFFFFFFFFFFFFFFFFFFFFEF
:1041E000FFFFFFFFFFFFFFFFFFFFFFFFFFFFFFFFDF
:1041F000FFFFFFFFFFFFFFFFFFFFFFFFFFFFFFFFCF
:10420000FFFFFFFFFFFFFFFFFFFFFFFFFFFFFFFFBE
:10421000FFFFFFFFFFFFFFFFFFFFFFFFFFFFFFFFAE
:10422000FFFFFFFFFFFFFFFFFFFFFFFFFFFFFFFF9E
:10423000FFFFFFFFFFFFFFFFFFFFFFFFFFFFFFFF8E
:10424000FFFFFFFFFFFFFFFFFFFFFFFFFFFFFFFF7E
:10425000FFFFFFFFFFFFFFFFFFFFFFFFFFFFFFFF6E
:10426000FFFFFFFFFFFFFFFFFFFFFFFFFFFFFFFF5E
:10427000FFFFFFFFFFFFFFFFFFFFFFFFFFFFFFFF4E
:10428000FFFFFFFFFFFFFFFFFFFFFFFFFFFFFFFF3E
:10429000FFFFFFFFFFFFFFFFFFFFFFFFFFFFFFFF2E
:1042A000FFFFFFFFFFFFFFFFFFFFFFFFFFFFFFFF1E
:1042B000FFFFFFFFFFFFFFFFFFFFFFFFFFFFFFFF0E
:1042C000FFFFFFFFFFFFFFFFFFFFFFFFFFFFFFFFFE
:1042D000FFFFFFFFFFFFFFFFFFFFFFFFFFFFFFFFEE
:1042E000FFFFFFFFFFFFFFFFFFFFFFFFFFFFFFFFDE
:1042F000FFFFFFFFFFFFFFFFFFFFFFFFFFFFFFFFCE
:10430000FFFFFFFFFFFFFFFFFFFFFFFFFFFFFFFFBD
:10431000FFFFFFFFFFFFFFFFFFFFFFFFFFFFFFFFAD
:10432000FFFFFFFFFFFFFFFFFFFFFFFFFFFFFFFF9D
:10433000FFFFFFFFFFFFFFFFFFFFFFFFFFFFFFFF8D
:10434000FFFFFFFFFFFFFFFFFFFFFFFFFFFFFFFF7D
:10435000FFFFFFFFFFFFFFFFFFFFFFFFFFFFFFFF6D
:10436000FFFFFFFFFFFFFFFFFFFFFFFFFFFFFFFF5D
:10437000FFFFFFFFFFFFFFFFFFFFFFFFFFFFFFFF4D
:10438000FFFFFFFFFFFFFFFFFFFFFFFFFFFFFFFF3D
:10439000FFFFFFFFFFFFFFFFFFFFFFFFFFFFFFFF2D
:1043A000FFFFFFFFFFFFFFFFFFFFFFFFFFFFFFFF1D
:1043B000FFFFFFFFFFFFFFFFFFFFFFFFFFFFFFFF0D
:1043C000FFFFFFFFFFFFFFFFFFFFFFFFFFFFFFFFFD
:1043D000FFFFFFFFFFFFFFFFFFFFFFFFFFFFFFFFED
:1043E000FFFFFFFFFFFFFFFFFFFFFFFFFFFFFFFFDD
:1043F000FFFFFFFFFFFFFFFFFFFFFFFFFFFFFFFFCD
:10440000FFFFFFFFFFFFFFFFFFFFFFFFFFFFFFFFBC
:10441000FFFFFFFFFFFFFFFFFFFFFFFFFFFFFFFFAC
:10442000FFFFFFFFFFFFFFFFFFFFFFFFFFFFFFFF9C
:10443000FFFFFFFFFFFFFFFFFFFFFFFFFFFFFFFF8C
:10444000FFFFFFFFFFFFFFFFFFFFFFFFFFFFFFFF7C
:10445000FFFFFFFFFFFFFFFFFFFFFFFFFFFFFFFF6C
:10446000FFFFFFFFFFFFFFFFFFFFFFFFFFFFFFFF5C
:10447000FFFFFFFFFFFFFFFFFFFFFFFFFFFFFFFF4C
:10448000FFFFFFFFFFFFFFFFFFFFFFFFFFFFFFFF3C
:10449000FFFFFFFFFFFFFFFFFFFFFFFFFFFFFFFF2C
:1044A000FFFFFFFFFFFFFFFFFFFFFFFFFFFFFFFF1C
:1044B000FFFFFFFFFFFFFFFFFFFFFFFFFFFFFFFF0C
:1044C000FFFFFFFFFFFFFFFFFFFFFFFFFFFFFFFFFC
:1044D000FFFFFFFFFFFFFFFFFFFFFFFFFFFFFFFFEC
:1044E000FFFFFFFFFFFFFFFFFFFFFFFFFFFFFFFFDC
:1044F000FFFFFFFFFFFFFFFFFFFFFFFFFFFFFFFFCC
:10450000FFFFFFFFFFFFFFFFFFFFFFFFFFFFFFFFBB
:10451000FFFFFFFFFFFFFFFFFFFFFFFFFFFFFFFFAB
:10452000FFFFFFFFFFFFFFFFFFFFFFFFFFFFFFFF9B
:10453000FFFFFFFFFFFFFFFFFFFFFFFFFFFFFFFF8B
:10454000FFFFFFFFFFFFFFFFFFFFFFFFFFFFFFFF7B
:10455000FFFFFFFFFFFFFFFFFFFFFFFFFFFFFFFF6B
:10456000FFFFFFFFFFFFFFFFFFFFFFFFFFFFFFFF5B
:10457000FFFFFFFFFFFFFFFFFFFFFFFFFFFFFFFF4B
:10458000FFFFFFFFFFFFFFFFFFFFFFFFFFFFFFFF3B
:10459000FFFFFFFFFFFFFFFFFFFFFFFFFFFFFFFF2B
:1045A000FFFFFFFFFFFFFFFFFFFFFFFFFFFFFFFF1B
:1045B000FFFFFFFFFFFFFFFFFFFFFFFFFFFFFFFF0B
:1045C000FFFFFFFFFFFFFFFFFFFFFFFFFFFFFFFFFB
:1045D000FFFFFFFFFFFFFFFFFFFFFFFFFFFFFFFFEB
:1045E000FFFFFFFFFFFFFFFFFFFFFFFFFFFFFFFFDB
:1045F000FFFFFFFFFFFFFFFFFFFFFFFFFFFFFFFFCB
:10460000FFFFFFFFFFFFFFFFFFFFFFFFFFFFFFFFBA
:10461000FFFFFFFFFFFFFFFFFFFFFFFFFFFFFFFFAA
:10462000FFFFFFFFFFFFFFFFFFFFFFFFFFFFFFFF9A
:10463000FFFFFFFFFFFFFFFFFFFFFFFFFFFFFFFF8A
:10464000FFFFFFFFFFFFFFFFFFFFFFFFFFFFFFFF7A
:10465000FFFFFFFFFFFFFFFFFFFFFFFFFFFFFFFF6A
:10466000FFFFFFFFFFFFFFFFFFFFFFFFFFFFFFFF5A
:10467000FFFFFFFFFFFFFFFFFFFFFFFFFFFFFFFF4A
:10468000FFFFFFFFFFFFFFFFFFFFFFFFFFFFFFFF3A
:10469000FFFFFFFFFFFFFFFFFFFFFFFFFFFFFFFF2A
:1046A000FFFFFFFFFFFFFFFFFFFFFFFFFFFFFFFF1A
:1046B000FFFFFFFFFFFFFFFFFFFFFFFFFFFFFFFF0A
:1046C000FFFFFFFFFFFFFFFFFFFFFFFFFFFFFFFFFA
:1046D000FFFFFFFFFFFFFFFFFFFFFFFFFFFFFFFFEA
:1046E000FFFFFFFFFFFFFFFFFFFFFFFFFFFFFFFFDA
:1046F000FFFFFFFFFFFFFFFFFFFFFFFFFFFFFFFFCA
:10470000FFFFFFFFFFFFFFFFFFFFFFFFFFFFFFFFB9
:10471000FFFFFFFFFFFFFFFFFFFFFFFFFFFFFFFFA9
:10472000FFFFFFFFFFFFFFFFFFFFFFFFFFFFFFFF99
:10473000FFFFFFFFFFFFFFFFFFFFFFFFFFFFFFFF89
:10474000FFFFFFFFFFFFFFFFFFFFFFFFFFFFFFFF79
:10475000FFFFFFFFFFFFFFFFFFFFFFFFFFFFFFFF69
:10476000FFFFFFFFFFFFFFFFFFFFFFFFFFFFFFFF59
:10477000FFFFFFFFFFFFFFFFFFFFFFFFFFFFFFFF49
:10478000FFFFFFFFFFFFFFFFFFFFFFFFFFFFFFFF39
:10479000FFFFFFFFFFFFFFFFFFFFFFFFFFFFFFFF29
:1047A000FFFFFFFFFFFFFFFFFFFFFFFFFFFFFFFF19
:1047B000FFFFFFFFFFFFFFFFFFFFFFFFFFFFFFFF09
:1047C000FFFFFFFFFFFFFFFFFFFFFFFFFFFFFFFFF9
:1047D000FFFFFFFFFFFFFFFFFFFFFFFFFFFFFFFFE9
:1047E000FFFFFFFFFFFFFFFFFFFFFFFFFFFFFFFFD9
:1047F000FFFFFFFFFFFFFFFFFFFFFFFFFFFFFFFFC9
:10480000FFFFFFFFFFFFFFFFFFFFFFFFFFFFFFFFB8
:10481000FFFFFFFFFFFFFFFFFFFFFFFFFFFFFFFFA8
:10482000FFFFFFFFFFFFFFFFFFFFFFFFFFFFFFFF98
:10483000FFFFFFFFFFFFFFFFFFFFFFFFFFFFFFFF88
:10484000FFFFFFFFFFFFFFFFFFFFFFFFFFFFFFFF78
:10485000FFFFFFFFFFFFFFFFFFFFFFFFFFFFFFFF68
:10486000FFFFFFFFFFFFFFFFFFFFFFFFFFFFFFFF58
:10487000FFFFFFFFFFFFFFFFFFFFFFFFFFFFFFFF48
:10488000FFFFFFFFFFFFFFFFFFFFFFFFFFFFFFFF38
:10489000FFFFFFFFFFFFFFFFFFFFFFFFFFFFFFFF28
:1048A000FFFFFFFFFFFFFFFFFFFFFFFFFFFFFFFF18
:1048B000FFFFFFFFFFFFFFFFFFFFFFFFFFFFFFFF08
:1048C000FFFFFFFFFFFFFFFFFFFFFFFFFFFFFFFFF8
:1048D000FFFFFFFFFFFFFFFFFFFFFFFFFFFFFFFFE8
:1048E000FFFFFFFFFFFFFFFFFFFFFFFFFFFFFFFFD8
:1048F000FFFFFFFFFFFFFFFFFFFFFFFFFFFFFFFFC8
:10490000FFFFFFFFFFFFFFFFFFFFFFFFFFFFFFFFB7
:10491000FFFFFFFFFFFFFFFFFFFFFFFFFFFFFFFFA7
:10492000FFFFFFFFFFFFFFFFFFFFFFFFFFFFFFFF97
:10493000FFFFFFFFFFFFFFFFFFFFFFFFFFFFFFFF87
:10494000FFFFFFFFFFFFFFFFFFFFFFFFFFFFFFFF77
:10495000FFFFFFFFFFFFFFFFFFFFFFFFFFFFFFFF67
:10496000FFFFFFFFFFFFFFFFFFFFFFFFFFFFFFFF57
:10497000FFFFFFFFFFFFFFFFFFFFFFFFFFFFFFFF47
:10498000FFFFFFFFFFFFFFFFFFFFFFFFFFFFFFFF37
:10499000FFFFFFFFFFFFFFFFFFFFFFFFFFFFFFFF27
:1049A000FFFFFFFFFFFFFFFFFFFFFFFFFFFFFFFF17
:1049B000FFFFFFFFFFFFFFFFFFFFFFFFFFFFFFFF07
:1049C000FFFFFFFFFFFFFFFFFFFFFFFFFFFFFFFFF7
:1049D000FFFFFFFFFFFFFFFFFFFFFFFFFFFFFFFFE7
:1049E000FFFFFFFFFFFFFFFFFFFFFFFFFFFFFFFFD7
:1049F000FFFFFFFFFFFFFFFFFFFFFFFFFFFFFFFFC7
:104A0000FFFFFFFFFFFFFFFFFFFFFFFFFFFFFFFFB6
:104A1000FFFFFFFFFFFFFFFFFFFFFFFFFFFFFFFFA6
:104A2000FFFFFFFFFFFFFFFFFFFFFFFFFFFFFFFF96
:104A3000FFFFFFFFFFFFFFFFFFFFFFFFFFFFFFFF86
:104A4000FFFFFFFFFFFFFFFFFFFFFFFFFFFFFFFF76
:104A5000FFFFFFFFFFFFFFFFFFFFFFFFFFFFFFFF66
:104A6000FFFFFFFFFFFFFFFFFFFFFFFFFFFFFFFF56
:104A7000FFFFFFFFFFFFFFFFFFFFFFFFFFFFFFFF46
:104A8000FFFFFFFFFFFFFFFFFFFFFFFFFFFFFFFF36
:104A9000FFFFFFFFFFFFFFFFFFFFFFFFFFFFFFFF26
:104AA000FFFFFFFFFFFFFFFFFFFFFFFFFFFFFFFF16
:104AB000FFFFFFFFFFFFFFFFFFFFFFFFFFFFFFFF06
:104AC000FFFFFFFFFFFFFFFFFFFFFFFFFFFFFFFFF6
:104AD000FFFFFFFFFFFFFFFFFFFFFFFFFFFFFFFFE6
:104AE000FFFFFFFFFFFFFFFFFFFFFFFFFFFFFFFFD6
:104AF000FFFFFFFFFFFFFFFFFFFFFFFFFFFFFFFFC6
:104B0000FFFFFFFFFFFFFFFFFFFFFFFFFFFFFFFFB5
:104B1000FFFFFFFFFFFFFFFFFFFFFFFFFFFFFFFFA5
:104B2000FFFFFFFFFFFFFFFFFFFFFFFFFFFFFFFF95
:104B3000FFFFFFFFFFFFFFFFFFFFFFFFFFFFFFFF85
:104B4000FFFFFFFFFFFFFFFFFFFFFFFFFFFFFFFF75
:104B5000FFFFFFFFFFFFFFFFFFFFFFFFFFFFFFFF65
:104B6000FFFFFFFFFFFFFFFFFFFFFFFFFFFFFFFF55
:104B7000FFFFFFFFFFFFFFFFFFFFFFFFFFFFFFFF45
:104B8000FFFFFFFFFFFFFFFFFFFFFFFFFFFFFFFF35
:104B9000FFFFFFFFFFFFFFFFFFFFFFFFFFFFFFFF25
:104BA000FFFFFFFFFFFFFFFFFFFFFFFFFFFFFFFF15
:104BB000FFFFFFFFFFFFFFFFFFFFFFFFFFFFFFFF05
:104BC000FFFFFFFFFFFFFFFFFFFFFFFFFFFFFFFFF5
:104BD000FFFFFFFFFFFFFFFFFFFFFFFFFFFFFFFFE5
:104BE000FFFFFFFFFFFFFFFFFFFFFFFFFFFFFFFFD5
:104BF000FFFFFFFFFFFFFFFFFFFFFFFFFFFFFFFFC5
:104C0000FFFFFFFFFFFFFFFFFFFFFFFFFFFFFFFFB4
:104C1000FFFFFFFFFFFFFFFFFFFFFFFFFFFFFFFFA4
:104C2000FFFFFFFFFFFFFFFFFFFFFFFFFFFFFFFF94
:104C3000FFFFFFFFFFFFFFFFFFFFFFFFFFFFFFFF84
:104C4000FFFFFFFFFFFFFFFFFFFFFFFFFFFFFFFF74
:104C5000FFFFFFFFFFFFFFFFFFFFFFFFFFFFFFFF64
:104C6000FFFFFFFFFFFFFFFFFFFFFFFFFFFFFFFF54
:104C7000FFFFFFFFFFFFFFFFFFFFFFFFFFFFFFFF44
:104C8000FFFFFFFFFFFFFFFFFFFFFFFFFFFFFFFF34
:104C9000FFFFFFFFFFFFFFFFFFFFFFFFFFFFFFFF24
:104CA000FFFFFFFFFFFFFFFFFFFFFFFFFFFFFFFF14
:104CB000FFFFFFFFFFFFFFFFFFFFFFFFFFFFFFFF04
:104CC000FFFFFFFFFFFFFFFFFFFFFFFFFFFFFFFFF4
:104CD000FFFFFFFFFFFFFFFFFFFFFFFFFFFFFFFFE4
:104CE000FFFFFFFFFFFFFFFFFFFFFFFFFFFFFFFFD4
:104CF000FFFFFFFFFFFFFFFFFFFFFFFFFFFFFFFFC4
:104D0000FFFFFFFFFFFFFFFFFFFFFFFFFFFFFFFFB3
:104D1000FFFFFFFFFFFFFFFFFFFFFFFFFFFFFFFFA3
:104D2000FFFFFFFFFFFFFFFFFFFFFFFFFFFFFFFF93
:104D3000FFFFFFFFFFFFFFFFFFFFFFFFFFFFFFFF83
:104D4000FFFFFFFFFFFFFFFFFFFFFFFFFFFFFFFF73
:104D5000FFFFFFFFFFFFFFFFFFFFFFFFFFFFFFFF63
:104D6000FFFFFFFFFFFFFFFFFFFFFFFFFFFFFFFF53
:104D7000FFFFFFFFFFFFFFFFFFFFFFFFFFFFFFFF43
:104D8000FFFFFFFFFFFFFFFFFFFFFFFFFFFFFFFF33
:104D9000FFFFFFFFFFFFFFFFFFFFFFFFFFFFFFFF23
:104DA000FFFFFFFFFFFFFFFFFFFFFFFFFFFFFFFF13
:104DB000FFFFFFFFFFFFFFFFFFFFFFFFFFFFFFFF03
:104DC000FFFFFFFFFFFFFFFFFFFFFFFFFFFFFFFFF3
:104DD000FFFFFFFFFFFFFFFFFFFFFFFFFFFFFFFFE3
:104DE000FFFFFFFFFFFFFFFFFFFFFFFFFFFFFFFFD3
:104DF000FFFFFFFFFFFFFFFFFFFFFFFFFFFFFFFFC3
:104E0000FFFFFFFFFFFFFFFFFFFFFFFFFFFFFFFFB2
:104E1000FFFFFFFFFFFFFFFFFFFFFFFFFFFFFFFFA2
:104E2000FFFFFFFFFFFFFFFFFFFFFFFFFFFFFFFF92
:104E3000FFFFFFFFFFFFFFFFFFFFFFFFFFFFFFFF82
:104E4000FFFFFFFFFFFFFFFFFFFFFFFFFFFFFFFF72
:104E5000FFFFFFFFFFFFFFFFFFFFFFFFFFFFFFFF62
:104E6000FFFFFFFFFFFFFFFFFFFFFFFFFFFFFFFF52
:104E7000FFFFFFFFFFFFFFFFFFFFFFFFFFFFFFFF42
:104E8000FFFFFFFFFFFFFFFFFFFFFFFFFFFFFFFF32
:104E9000FFFFFFFFFFFFFFFFFFFFFFFFFFFFFFFF22
:104EA000FFFFFFFFFFFFFFFFFFFFFFFFFFFFFFFF12
:104EB000FFFFFFFFFFFFFFFFFFFFFFFFFFFFFFFF02
:104EC000FFFFFFFFFFFFFFFFFFFFFFFFFFFFFFFFF2
:104ED000FFFFFFFFFFFFFFFFFFFFFFFFFFFFFFFFE2
:104EE000FFFFFFFFFFFFFFFFFFFFFFFFFFFFFFFFD2
:104EF000FFFFFFFFFFFFFFFFFFFFFFFFFFFFFFFFC2
:104F0000FFFFFFFFFFFFFFFFFFFFFFFFFFFFFFFFB1
:104F1000FFFFFFFFFFFFFFFFFFFFFFFFFFFFFFFFA1
:104F2000FFFFFFFFFFFFFFFFFFFFFFFFFFFFFFFF91
:104F3000FFFFFFFFFFFFFFFFFFFFFFFFFFFFFFFF81
:104F4000FFFFFFFFFFFFFFFFFFFFFFFFFFFFFFFF71
:104F5000FFFFFFFFFFFFFFFFFFFFFFFFFFFFFFFF61
:104F6000FFFFFFFFFFFFFFFFFFFFFFFFFFFFFFFF51
:104F7000FFFFFFFFFFFFFFFFFFFFFFFFFFFFFFFF41
:104F8000FFFFFFFFFFFFFFFFFFFFFFFFFFFFFFFF31
:104F9000FFFFFFFFFFFFFFFFFFFFFFFFFFFFFFFF21
:104FA000FFFFFFFFFFFFFFFFFFFFFFFFFFFFFFFF11
:104FB000FFFFFFFFFFFFFFFFFFFFFFFFFFFFFFFF01
:104FC000FFFFFFFFFFFFFFFFFFFFFFFFFFFFFFFFF1
:104FD000FFFFFFFFFFFFFFFFFFFFFFFFFFFFFFFFE1
:104FE000FFFFFFFFFFFFFFFFFFFFFFFFFFFFFFFFD1
:104FF000FFFFFFFFFFFFFFFFFFFFFFFFFFFFFFFFC1
:10500000FFFFFFFFFFFFFFFFFFFFFFFFFFFFFFFFB0
:10501000FFFFFFFFFFFFFFFFFFFFFFFFFFFFFFFFA0
:10502000FFFFFFFFFFFFFFFFFFFFFFFFFFFFFFFF90
:10503000FFFFFFFFFFFFFFFFFFFFFFFFFFFFFFFF80
:10504000FFFFFFFFFFFFFFFFFFFFFFFFFFFFFFFF70
:10505000FFFFFFFFFFFFFFFFFFFFFFFFFFFFFFFF60
:10506000FFFFFFFFFFFFFFFFFFFFFFFFFFFFFFFF50
:10507000FFFFFFFFFFFFFFFFFFFFFFFFFFFFFFFF40
:10508000FFFFFFFFFFFFFFFFFFFFFFFFFFFFFFFF30
:10509000FFFFFFFFFFFFFFFFFFFFFFFFFFFFFFFF20
:1050A000FFFFFFFFFFFFFFFFFFFFFFFFFFFFFFFF10
:1050B000FFFFFFFFFFFFFFFFFFFFFFFFFFFFFFFF00
:1050C000FFFFFFFFFFFFFFFFFFFFFFFFFFFFFFFFF0
:1050D000FFFFFFFFFFFFFFFFFFFFFFFFFFFFFFFFE0
:1050E000FFFFFFFFFFFFFFFFFFFFFFFFFFFFFFFFD0
:1050F000FFFFFFFFFFFFFFFFFFFFFFFFFFFFFFFFC0
:10510000FFFFFFFFFFFFFFFFFFFFFFFFFFFFFFFFAF
:10511000FFFFFFFFFFFFFFFFFFFFFFFFFFFFFFFF9F
:10512000FFFFFFFFFFFFFFFFFFFFFFFFFFFFFFFF8F
:10513000FFFFFFFFFFFFFFFFFFFFFFFFFFFFFFFF7F
:10514000FFFFFFFFFFFFFFFFFFFFFFFFFFFFFFFF6F
:10515000FFFFFFFFFFFFFFFFFFFFFFFFFFFFFFFF5F
:10516000FFFFFFFFFFFFFFFFFFFFFFFFFFFFFFFF4F
:10517000FFFFFFFFFFFFFFFFFFFFFFFFFFFFFFFF3F
:10518000FFFFFFFFFFFFFFFFFFFFFFFFFFFFFFFF2F
:10519000FFFFFFFFFFFFFFFFFFFFFFFFFFFFFFFF1F
:1051A000FFFFFFFFFFFFFFFFFFFFFFFFFFFFFFFF0F
:1051B000FFFFFFFFFFFFFFFFFFFFFFFFFFFFFFFFFF
:1051C000FFFFFFFFFFFFFFFFFFFFFFFFFFFFFFFFEF
:1051D000FFFFFFFFFFFFFFFFFFFFFFFFFFFFFFFFDF
:1051E000FFFFFFFFFFFFFFFFFFFFFFFFFFFFFFFFCF
:1051F000FFFFFFFFFFFFFFFFFFFFFFFFFFFFFFFFBF
:10520000FFFFFFFFFFFFFFFFFFFFFFFFFFFFFFFFAE
:10521000FFFFFFFFFFFFFFFFFFFFFFFFFFFFFFFF9E
:10522000FFFFFFFFFFFFFFFFFFFFFFFFFFFFFFFF8E
:10523000FFFFFFFFFFFFFFFFFFFFFFFFFFFFFFFF7E
:10524000FFFFFFFFFFFFFFFFFFFFFFFFFFFFFFFF6E
:10525000FFFFFFFFFFFFFFFFFFFFFFFFFFFFFFFF5E
:10526000FFFFFFFFFFFFFFFFFFFFFFFFFFFFFFFF4E
:10527000FFFFFFFFFFFFFFFFFFFFFFFFFFFFFFFF3E
:10528000FFFFFFFFFFFFFFFFFFFFFFFFFFFFFFFF2E
:10529000FFFFFFFFFFFFFFFFFFFFFFFFFFFFFFFF1E
:1052A000FFFFFFFFFFFFFFFFFFFFFFFFFFFFFFFF0E
:1052B000FFFFFFFFFFFFFFFFFFFFFFFFFFFFFFFFFE
:1052C000FFFFFFFFFFFFFFFFFFFFFFFFFFFFFFFFEE
:1052D000FFFFFFFFFFFFFFFFFFFFFFFFFFFFFFFFDE
:1052E000FFFFFFFFFFFFFFFFFFFFFFFFFFFFFFFFCE
:1052F000FFFFFFFFFFFFFFFFFFFFFFFFFFFFFFFFBE
:10530000FFFFFFFFFFFFFFFFFFFFFFFFFFFFFFFFAD
:10531000FFFFFFFFFFFFFFFFFFFFFFFFFFFFFFFF9D
:10532000FFFFFFFFFFFFFFFFFFFFFFFFFFFFFFFF8D
:10533000FFFFFFFFFFFFFFFFFFFFFFFFFFFFFFFF7D
:10534000FFFFFFFFFFFFFFFFFFFFFFFFFFFFFFFF6D
:10535000FFFFFFFFFFFFFFFFFFFFFFFFFFFFFFFF5D
:10536000FFFFFFFFFFFFFFFFFFFFFFFFFFFFFFFF4D
:10537000FFFFFFFFFFFFFFFFFFFFFFFFFFFFFFFF3D
:10538000FFFFFFFFFFFFFFFFFFFFFFFFFFFFFFFF2D
:10539000FFFFFFFFFFFFFFFFFFFFFFFFFFFFFFFF1D
:1053A000FFFFFFFFFFFFFFFFFFFFFFFFFFFFFFFF0D
:1053B000FFFFFFFFFFFFFFFFFFFFFFFFFFFFFFFFFD
:1053C000FFFFFFFFFFFFFFFFFFFFFFFFFFFFFFFFED
:1053D000FFFFFFFFFFFFFFFFFFFFFFFFFFFFFFFFDD
:1053E000FFFFFFFFFFFFFFFFFFFFFFFFFFFFFFFFCD
:1053F000FFFFFFFFFFFFFFFFFFFFFFFFFFFFFFFFBD
:10540000FFFFFFFFFFFFFFFFFFFFFFFFFFFFFFFFAC
:10541000FFFFFFFFFFFFFFFFFFFFFFFFFFFFFFFF9C
:10542000FFFFFFFFFFFFFFFFFFFFFFFFFFFFFFFF8C
:10543000FFFFFFFFFFFFFFFFFFFFFFFFFFFFFFFF7C
:10544000FFFFFFFFFFFFFFFFFFFFFFFFFFFFFFFF6C
:10545000FFFFFFFFFFFFFFFFFFFFFFFFFFFFFFFF5C
:10546000FFFFFFFFFFFFFFFFFFFFFFFFFFFFFFFF4C
:10547000FFFFFFFFFFFFFFFFFFFFFFFFFFFFFFFF3C
:10548000FFFFFFFFFFFFFFFFFFFFFFFFFFFFFFFF2C
:10549000FFFFFFFFFFFFFFFFFFFFFFFFFFFFFFFF1C
:1054A000FFFFFFFFFFFFFFFFFFFFFFFFFFFFFFFF0C
:1054B000FFFFFFFFFFFFFFFFFFFFFFFFFFFFFFFFFC
:1054C000FFFFFFFFFFFFFFFFFFFFFFFFFFFFFFFFEC
:1054D000FFFFFFFFFFFFFFFFFFFFFFFFFFFFFFFFDC
:1054E000FFFFFFFFFFFFFFFFFFFFFFFFFFFFFFFFCC
:1054F000FFFFFFFFFFFFFFFFFFFFFFFFFFFFFFFFBC
:10550000FFFFFFFFFFFFFFFFFFFFFFFFFFFFFFFFAB
:10551000FFFFFFFFFFFFFFFFFFFFFFFFFFFFFFFF9B
:10552000FFFFFFFFFFFFFFFFFFFFFFFFFFFFFFFF8B
:10553000FFFFFFFFFFFFFFFFFFFFFFFFFFFFFFFF7B
:10554000FFFFFFFFFFFFFFFFFFFFFFFFFFFFFFFF6B
:10555000FFFFFFFFFFFFFFFFFFFFFFFFFFFFFFFF5B
:10556000FFFFFFFFFFFFFFFFFFFFFFFFFFFFFFFF4B
:10557000FFFFFFFFFFFFFFFFFFFFFFFFFFFFFFFF3B
:10558000FFFFFFFFFFFFFFFFFFFFFFFFFFFFFFFF2B
:10559000FFFFFFFFFFFFFFFFFFFFFFFFFFFFFFFF1B
:1055A000FFFFFFFFFFFFFFFFFFFFFFFFFFFFFFFF0B
:1055B000FFFFFFFFFFFFFFFFFFFFFFFFFFFFFFFFFB
:1055C000FFFFFFFFFFFFFFFFFFFFFFFFFFFFFFFFEB
:1055D000FFFFFFFFFFFFFFFFFFFFFFFFFFFFFFFFDB
:1055E000FFFFFFFFFFFFFFFFFFFFFFFFFFFFFFFFCB
:1055F000FFFFFFFFFFFFFFFFFFFFFFFFFFFFFFFFBB
:10560000FFFFFFFFFFFFFFFFFFFFFFFFFFFFFFFFAA
:10561000FFFFFFFFFFFFFFFFFFFFFFFFFFFFFFFF9A
:10562000FFFFFFFFFFFFFFFFFFFFFFFFFFFFFFFF8A
:10563000FFFFFFFFFFFFFFFFFFFFFFFFFFFFFFFF7A
:10564000FFFFFFFFFFFFFFFFFFFFFFFFFFFFFFFF6A
:10565000FFFFFFFFFFFFFFFFFFFFFFFFFFFFFFFF5A
:10566000FFFFFFFFFFFFFFFFFFFFFFFFFFFFFFFF4A
:10567000FFFFFFFFFFFFFFFFFFFFFFFFFFFFFFFF3A
:10568000FFFFFFFFFFFFFFFFFFFFFFFFFFFFFFFF2A
:10569000FFFFFFFFFFFFFFFFFFFFFFFFFFFFFFFF1A
:1056A000FFFFFFFFFFFFFFFFFFFFFFFFFFFFFFFF0A
:1056B000FFFFFFFFFFFFFFFFFFFFFFFFFFFFFFFFFA
:1056C000FFFFFFFFFFFFFFFFFFFFFFFFFFFFFFFFEA
:1056D000FFFFFFFFFFFFFFFFFFFFFFFFFFFFFFFFDA
:1056E000FFFFFFFFFFFFFFFFFFFFFFFFFFFFFFFFCA
:1056F000FFFFFFFFFFFFFFFFFFFFFFFFFFFFFFFFBA
:10570000FFFFFFFFFFFFFFFFFFFFFFFFFFFFFFFFA9
:10571000FFFFFFFFFFFFFFFFFFFFFFFFFFFFFFFF99
:10572000FFFFFFFFFFFFFFFFFFFFFFFFFFFFFFFF89
:10573000FFFFFFFFFFFFFFFFFFFFFFFFFFFFFFFF79
:10574000FFFFFFFFFFFFFFFFFFFFFFFFFFFFFFFF69
:10575000FFFFFFFFFFFFFFFFFFFFFFFFFFFFFFFF59
:10576000FFFFFFFFFFFFFFFFFFFFFFFFFFFFFFFF49
:10577000FFFFFFFFFFFFFFFFFFFFFFFFFFFFFFFF39
:10578000FFFFFFFFFFFFFFFFFFFFFFFFFFFFFFFF29
:10579000FFFFFFFFFFFFFFFFFFFFFFFFFFFFFFFF19
:1057A000FFFFFFFFFFFFFFFFFFFFFFFFFFFFFFFF09
:1057B000FFFFFFFFFFFFFFFFFFFFFFFFFFFFFFFFF9
:1057C000FFFFFFFFFFFFFFFFFFFFFFFFFFFFFFFFE9
:1057D000FFFFFFFFFFFFFFFFFFFFFFFFFFFFFFFFD9
:1057E000FFFFFFFFFFFFFFFFFFFFFFFFFFFFFFFFC9
:1057F000FFFFFFFFFFFFFFFFFFFFFFFFFFFFFFFFB9
:10580000FFFFFFFFFFFFFFFFFFFFFFFFFFFFFFFFA8
:10581000FFFFFFFFFFFFFFFFFFFFFFFFFFFFFFFF98
:10582000FFFFFFFFFFFFFFFFFFFFFFFFFFFFFFFF88
:10583000FFFFFFFFFFFFFFFFFFFFFFFFFFFFFFFF78
:10584000FFFFFFFFFFFFFFFFFFFFFFFFFFFFFFFF68
:10585000FFFFFFFFFFFFFFFFFFFFFFFFFFFFFFFF58
:10586000FFFFFFFFFFFFFFFFFFFFFFFFFFFFFFFF48
:10587000FFFFFFFFFFFFFFFFFFFFFFFFFFFFFFFF38
:10588000FFFFFFFFFFFFFFFFFFFFFFFFFFFFFFFF28
:10589000FFFFFFFFFFFFFFFFFFFFFFFFFFFFFFFF18
:1058A000FFFFFFFFFFFFFFFFFFFFFFFFFFFFFFFF08
:1058B000FFFFFFFFFFFFFFFFFFFFFFFFFFFFFFFFF8
:1058C000FFFFFFFFFFFFFFFFFFFFFFFFFFFFFFFFE8
:1058D000FFFFFFFFFFFFFFFFFFFFFFFFFFFFFFFFD8
:1058E000FFFFFFFFFFFFFFFFFFFFFFFFFFFFFFFFC8
:1058F000FFFFFFFFFFFFFFFFFFFFFFFFFFFFFFFFB8
:10590000FFFFFFFFFFFFFFFFFFFFFFFFFFFFFFFFA7
:10591000FFFFFFFFFFFFFFFFFFFFFFFFFFFFFFFF97
:10592000FFFFFFFFFFFFFFFFFFFFFFFFFFFFFFFF87
:10593000FFFFFFFFFFFFFFFFFFFFFFFFFFFFFFFF77
:10594000FFFFFFFFFFFFFFFFFFFFFFFFFFFFFFFF67
:10595000FFFFFFFFFFFFFFFFFFFFFFFFFFFFFFFF57
:10596000FFFFFFFFFFFFFFFFFFFFFFFFFFFFFFFF47
:10597000FFFFFFFFFFFFFFFFFFFFFFFFFFFFFFFF37
:10598000FFFFFFFFFFFFFFFFFFFFFFFFFFFFFFFF27
:10599000FFFFFFFFFFFFFFFFFFFFFFFFFFFFFFFF17
:1059A000FFFFFFFFFFFFFFFFFFFFFFFFFFFFFFFF07
:1059B000FFFFFFFFFFFFFFFFFFFFFFFFFFFFFFFFF7
:1059C000FFFFFFFFFFFFFFFFFFFFFFFFFFFFFFFFE7
:1059D000FFFFFFFFFFFFFFFFFFFFFFFFFFFFFFFFD7
:1059E000FFFFFFFFFFFFFFFFFFFFFFFFFFFFFFFFC7
:1059F000FFFFFFFFFFFFFFFFFFFFFFFFFFFFFFFFB7
:105A0000FFFFFFFFFFFFFFFFFFFFFFFFFFFFFFFFA6
:105A1000FFFFFFFFFFFFFFFFFFFFFFFFFFFFFFFF96
:105A2000FFFFFFFFFFFFFFFFFFFFFFFFFFFFFFFF86
:105A3000FFFFFFFFFFFFFFFFFFFFFFFFFFFFFFFF76
:105A4000FFFFFFFFFFFFFFFFFFFFFFFFFFFFFFFF66
:105A5000FFFFFFFFFFFFFFFFFFFFFFFFFFFFFFFF56
:105A6000FFFFFFFFFFFFFFFFFFFFFFFFFFFFFFFF46
:105A7000FFFFFFFFFFFFFFFFFFFFFFFFFFFFFFFF36
:105A8000FFFFFFFFFFFFFFFFFFFFFFFFFFFFFFFF26
:105A9000FFFFFFFFFFFFFFFFFFFFFFFFFFFFFFFF16
:105AA000FFFFFFFFFFFFFFFFFFFFFFFFFFFFFFFF06
:105AB000FFFFFFFFFFFFFFFFFFFFFFFFFFFFFFFFF6
:105AC000FFFFFFFFFFFFFFFFFFFFFFFFFFFFFFFFE6
:105AD000FFFFFFFFFFFFFFFFFFFFFFFFFFFFFFFFD6
:105AE000FFFFFFFFFFFFFFFFFFFFFFFFFFFFFFFFC6
:105AF000FFFFFFFFFFFFFFFFFFFFFFFFFFFFFFFFB6
:105B0000FFFFFFFFFFFFFFFFFFFFFFFFFFFFFFFFA5
:105B1000FFFFFFFFFFFFFFFFFFFFFFFFFFFFFFFF95
:105B2000FFFFFFFFFFFFFFFFFFFFFFFFFFFFFFFF85
:105B3000FFFFFFFFFFFFFFFFFFFFFFFFFFFFFFFF75
:105B4000FFFFFFFFFFFFFFFFFFFFFFFFFFFFFFFF65
:105B5000FFFFFFFFFFFFFFFFFFFFFFFFFFFFFFFF55
:105B6000FFFFFFFFFFFFFFFFFFFFFFFFFFFFFFFF45
:105B7000FFFFFFFFFFFFFFFFFFFFFFFFFFFFFFFF35
:105B8000FFFFFFFFFFFFFFFFFFFFFFFFFFFFFFFF25
:105B9000FFFFFFFFFFFFFFFFFFFFFFFFFFFFFFFF15
:105BA000FFFFFFFFFFFFFFFFFFFFFFFFFFFFFFFF05
:105BB000FFFFFFFFFFFFFFFFFFFFFFFFFFFFFFFFF5
:105BC000FFFFFFFFFFFFFFFFFFFFFFFFFFFFFFFFE5
:105BD000FFFFFFFFFFFFFFFFFFFFFFFFFFFFFFFFD5
:105BE000FFFFFFFFFFFFFFFFFFFFFFFFFFFFFFFFC5
:105BF000FFFFFFFFFFFFFFFFFFFFFFFFFFFFFFFFB5
:105C0000FFFFFFFFFFFFFFFFFFFFFFFFFFFFFFFFA4
:105C1000FFFFFFFFFFFFFFFFFFFFFFFFFFFFFFFF94
:105C2000FFFFFFFFFFFFFFFFFFFFFFFFFFFFFFFF84
:105C3000FFFFFFFFFFFFFFFFFFFFFFFFFFFFFFFF74
:105C4000FFFFFFFFFFFFFFFFFFFFFFFFFFFFFFFF64
:105C5000FFFFFFFFFFFFFFFFFFFFFFFFFFFFFFFF54
:105C6000FFFFFFFFFFFFFFFFFFFFFFFFFFFFFFFF44
:105C7000FFFFFFFFFFFFFFFFFFFFFFFFFFFFFFFF34
:105C8000FFFFFFFFFFFFFFFFFFFFFFFFFFFFFFFF24
:105C9000FFFFFFFFFFFFFFFFFFFFFFFFFFFFFFFF14
:105CA000FFFFFFFFFFFFFFFFFFFFFFFFFFFFFFFF04
:105CB000FFFFFFFFFFFFFFFFFFFFFFFFFFFFFFFFF4
:105CC000FFFFFFFFFFFFFFFFFFFFFFFFFFFFFFFFE4
:105CD000FFFFFFFFFFFFFFFFFFFFFFFFFFFFFFFFD4
:105CE000FFFFFFFFFFFFFFFFFFFFFFFFFFFFFFFFC4
:105CF000FFFFFFFFFFFFFFFFFFFFFFFFFFFFFFFFB4
:105D0000FFFFFFFFFFFFFFFFFFFFFFFFFFFFFFFFA3
:105D1000FFFFFFFFFFFFFFFFFFFFFFFFFFFFFFFF93
:105D2000FFFFFFFFFFFFFFFFFFFFFFFFFFFFFFFF83
:105D3000FFFFFFFFFFFFFFFFFFFFFFFFFFFFFFFF73
:105D4000FFFFFFFFFFFFFFFFFFFFFFFFFFFFFFFF63
:105D5000FFFFFFFFFFFFFFFFFFFFFFFFFFFFFFFF53
:105D6000FFFFFFFFFFFFFFFFFFFFFFFFFFFFFFFF43
:105D7000FFFFFFFFFFFFFFFFFFFFFFFFFFFFFFFF33
:105D8000FFFFFFFFFFFFFFFFFFFFFFFFFFFFFFFF23
:105D9000FFFFFFFFFFFFFFFFFFFFFFFFFFFFFFFF13
:105DA000FFFFFFFFFFFFFFFFFFFFFFFFFFFFFFFF03
:105DB000FFFFFFFFFFFFFFFFFFFFFFFFFFFFFFFFF3
:105DC000FFFFFFFFFFFFFFFFFFFFFFFFFFFFFFFFE3
:105DD000FFFFFFFFFFFFFFFFFFFFFFFFFFFFFFFFD3
:105DE000FFFFFFFFFFFFFFFFFFFFFFFFFFFFFFFFC3
:105DF000FFFFFFFFFFFFFFFFFFFFFFFFFFFFFFFFB3
:105E0000FFFFFFFFFFFFFFFFFFFFFFFFFFFFFFFFA2
:105E1000FFFFFFFFFFFFFFFFFFFFFFFFFFFFFFFF92
:105E2000FFFFFFFFFFFFFFFFFFFFFFFFFFFFFFFF82
:105E3000FFFFFFFFFFFFFFFFFFFFFFFFFFFFFFFF72
:105E4000FFFFFFFFFFFFFFFFFFFFFFFFFFFFFFFF62
:105E5000FFFFFFFFFFFFFFFFFFFFFFFFFFFFFFFF52
:105E6000FFFFFFFFFFFFFFFFFFFFFFFFFFFFFFFF42
:105E7000FFFFFFFFFFFFFFFFFFFFFFFFFFFFFFFF32
:105E8000FFFFFFFFFFFFFFFFFFFFFFFFFFFFFFFF22
:105E9000FFFFFFFFFFFFFFFFFFFFFFFFFFFFFFFF12
:105EA000FFFFFFFFFFFFFFFFFFFFFFFFFFFFFFFF02
:105EB000FFFFFFFFFFFFFFFFFFFFFFFFFFFFFFFFF2
:105EC000FFFFFFFFFFFFFFFFFFFFFFFFFFFFFFFFE2
:105ED000FFFFFFFFFFFFFFFFFFFFFFFFFFFFFFFFD2
:105EE000FFFFFFFFFFFFFFFFFFFFFFFFFFFFFFFFC2
:105EF000FFFFFFFFFFFFFFFFFFFFFFFFFFFFFFFFB2
:105F0000FFFFFFFFFFFFFFFFFFFFFFFFFFFFFFFFA1
:105F1000FFFFFFFFFFFFFFFFFFFFFFFFFFFFFFFF91
:105F2000FFFFFFFFFFFFFFFFFFFFFFFFFFFFFFFF81
:105F3000FFFFFFFFFFFFFFFFFFFFFFFFFFFFFFFF71
:105F4000FFFFFFFFFFFFFFFFFFFFFFFFFFFFFFFF61
:105F5000FFFFFFFFFFFFFFFFFFFFFFFFFFFFFFFF51
:105F6000FFFFFFFFFFFFFFFFFFFFFFFFFFFFFFFF41
:105F7000FFFFFFFFFFFFFFFFFFFFFFFFFFFFFFFF31
:105F8000FFFFFFFFFFFFFFFFFFFFFFFFFFFFFFFF21
:105F9000FFFFFFFFFFFFFFFFFFFFFFFFFFFFFFFF11
:105FA000FFFFFFFFFFFFFFFFFFFFFFFFFFFFFFFF01
:105FB000FFFFFFFFFFFFFFFFFFFFFFFFFFFFFFFFF1
:105FC000FFFFFFFFFFFFFFFFFFFFFFFFFFFFFFFFE1
:105FD000FFFFFFFFFFFFFFFFFFFFFFFFFFFFFFFFD1
:105FE000FFFFFFFFFFFFFFFFFFFFFFFFFFFFFFFFC1
:105FF000FFFFFFFFFFFFFFFFFFFFFFFFFFFFFFFFB1
:10600000FFFFFFFFFFFFFFFFFFFFFFFFFFFFFFFFA0
:10601000FFFFFFFFFFFFFFFFFFFFFFFFFFFFFFFF90
:10602000FFFFFFFFFFFFFFFFFFFFFFFFFFFFFFFF80
:10603000FFFFFFFFFFFFFFFFFFFFFFFFFFFFFFFF70
:10604000FFFFFFFFFFFFFFFFFFFFFFFFFFFFFFFF60
:10605000FFFFFFFFFFFFFFFFFFFFFFFFFFFFFFFF50
:10606000FFFFFFFFFFFFFFFFFFFFFFFFFFFFFFFF40
:10607000FFFFFFFFFFFFFFFFFFFFFFFFFFFFFFFF30
:10608000FFFFFFFFFFFFFFFFFFFFFFFFFFFFFFFF20
:10609000FFFFFFFFFFFFFFFFFFFFFFFFFFFFFFFF10
:1060A000FFFFFFFFFFFFFFFFFFFFFFFFFFFFFFFF00
:1060B000FFFFFFFFFFFFFFFFFFFFFFFFFFFFFFFFF0
:1060C000FFFFFFFFFFFFFFFFFFFFFFFFFFFFFFFFE0
:1060D000FFFFFFFFFFFFFFFFFFFFFFFFFFFFFFFFD0
:1060E000FFFFFFFFFFFFFFFFFFFFFFFFFFFFFFFFC0
:1060F000FFFFFFFFFFFFFFFFFFFFFFFFFFFFFFFFB0
:10610000FFFFFFFFFFFFFFFFFFFFFFFFFFFFFFFF9F
:10611000FFFFFFFFFFFFFFFFFFFFFFFFFFFFFFFF8F
:10612000FFFFFFFFFFFFFFFFFFFFFFFFFFFFFFFF7F
:10613000FFFFFFFFFFFFFFFFFFFFFFFFFFFFFFFF6F
:10614000FFFFFFFFFFFFFFFFFFFFFFFFFFFFFFFF5F
:10615000FFFFFFFFFFFFFFFFFFFFFFFFFFFFFFFF4F
:10616000FFFFFFFFFFFFFFFFFFFFFFFFFFFFFFFF3F
:10617000FFFFFFFFFFFFFFFFFFFFFFFFFFFFFFFF2F
:10618000FFFFFFFFFFFFFFFFFFFFFFFFFFFFFFFF1F
:10619000FFFFFFFFFFFFFFFFFFFFFFFFFFFFFFFF0F
:1061A000FFFFFFFFFFFFFFFFFFFFFFFFFFFFFFFFFF
:1061B000FFFFFFFFFFFFFFFFFFFFFFFFFFFFFFFFEF
:1061C000FFFFFFFFFFFFFFFFFFFFFFFFFFFFFFFFDF
:1061D000FFFFFFFFFFFFFFFFFFFFFFFFFFFFFFFFCF
:1061E000FFFFFFFFFFFFFFFFFFFFFFFFFFFFFFFFBF
:1061F000FFFFFFFFFFFFFFFFFFFFFFFFFFFFFFFFAF
:10620000FFFFFFFFFFFFFFFFFFFFFFFFFFFFFFFF9E
:10621000FFFFFFFFFFFFFFFFFFFFFFFFFFFFFFFF8E
:10622000FFFFFFFFFFFFFFFFFFFFFFFFFFFFFFFF7E
:10623000FFFFFFFFFFFFFFFFFFFFFFFFFFFFFFFF6E
:10624000FFFFFFFFFFFFFFFFFFFFFFFFFFFFFFFF5E
:10625000FFFFFFFFFFFFFFFFFFFFFFFFFFFFFFFF4E
:10626000FFFFFFFFFFFFFFFFFFFFFFFFFFFFFFFF3E
:10627000FFFFFFFFFFFFFFFFFFFFFFFFFFFFFFFF2E
:10628000FFFFFFFFFFFFFFFFFFFFFFFFFFFFFFFF1E
:10629000FFFFFFFFFFFFFFFFFFFFFFFFFFFFFFFF0E
:1062A000FFFFFFFFFFFFFFFFFFFFFFFFFFFFFFFFFE
:1062B000FFFFFFFFFFFFFFFFFFFFFFFFFFFFFFFFEE
:1062C000FFFFFFFFFFFFFFFFFFFFFFFFFFFFFFFFDE
:1062D000FFFFFFFFFFFFFFFFFFFFFFFFFFFFFFFFCE
:1062E000FFFFFFFFFFFFFFFFFFFFFFFFFFFFFFFFBE
:1062F000FFFFFFFFFFFFFFFFFFFFFFFFFFFFFFFFAE
:10630000FFFFFFFFFFFFFFFFFFFFFFFFFFFFFFFF9D
:10631000FFFFFFFFFFFFFFFFFFFFFFFFFFFFFFFF8D
:10632000FFFFFFFFFFFFFFFFFFFFFFFFFFFFFFFF7D
:10633000FFFFFFFFFFFFFFFFFFFFFFFFFFFFFFFF6D
:10634000FFFFFFFFFFFFFFFFFFFFFFFFFFFFFFFF5D
:10635000FFFFFFFFFFFFFFFFFFFFFFFFFFFFFFFF4D
:10636000FFFFFFFFFFFFFFFFFFFFFFFFFFFFFFFF3D
:10637000FFFFFFFFFFFFFFFFFFFFFFFFFFFFFFFF2D
:10638000FFFFFFFFFFFFFFFFFFFFFFFFFFFFFFFF1D
:10639000FFFFFFFFFFFFFFFFFFFFFFFFFFFFFFFF0D
:1063A000FFFFFFFFFFFFFFFFFFFFFFFFFFFFFFFFFD
:1063B000FFFFFFFFFFFFFFFFFFFFFFFFFFFFFFFFED
:1063C000FFFFFFFFFFFFFFFFFFFFFFFFFFFFFFFFDD
:1063D000FFFFFFFFFFFFFFFFFFFFFFFFFFFFFFFFCD
:1063E000FFFFFFFFFFFFFFFFFFFFFFFFFFFFFFFFBD
:1063F000FFFFFFFFFFFFFFFFFFFFFFFFFFFFFFFFAD
:10640000FFFFFFFFFFFFFFFFFFFFFFFFFFFFFFFF9C
:10641000FFFFFFFFFFFFFFFFFFFFFFFFFFFFFFFF8C
:10642000FFFFFFFFFFFFFFFFFFFFFFFFFFFFFFFF7C
:10643000FFFFFFFFFFFFFFFFFFFFFFFFFFFFFFFF6C
:10644000FFFFFFFFFFFFFFFFFFFFFFFFFFFFFFFF5C
:10645000FFFFFFFFFFFFFFFFFFFFFFFFFFFFFFFF4C
:10646000FFFFFFFFFFFFFFFFFFFFFFFFFFFFFFFF3C
:10647000FFFFFFFFFFFFFFFFFFFFFFFFFFFFFFFF2C
:10648000FFFFFFFFFFFFFFFFFFFFFFFFFFFFFFFF1C
:10649000FFFFFFFFFFFFFFFFFFFFFFFFFFFFFFFF0C
:1064A000FFFFFFFFFFFFFFFFFFFFFFFFFFFFFFFFFC
:1064B000FFFFFFFFFFFFFFFFFFFFFFFFFFFFFFFFEC
:1064C000FFFFFFFFFFFFFFFFFFFFFFFFFFFFFFFFDC
:1064D000FFFFFFFFFFFFFFFFFFFFFFFFFFFFFFFFCC
:1064E000FFFFFFFFFFFFFFFFFFFFFFFFFFFFFFFFBC
:1064F000FFFFFFFFFFFFFFFFFFFFFFFFFFFFFFFFAC
:10650000FFFFFFFFFFFFFFFFFFFFFFFFFFFFFFFF9B
:10651000FFFFFFFFFFFFFFFFFFFFFFFFFFFFFFFF8B
:10652000FFFFFFFFFFFFFFFFFFFFFFFFFFFFFFFF7B
:10653000FFFFFFFFFFFFFFFFFFFFFFFFFFFFFFFF6B
:10654000FFFFFFFFFFFFFFFFFFFFFFFFFFFFFFFF5B
:10655000FFFFFFFFFFFFFFFFFFFFFFFFFFFFFFFF4B
:10656000FFFFFFFFFFFFFFFFFFFFFFFFFFFFFFFF3B
:10657000FFFFFFFFFFFFFFFFFFFFFFFFFFFFFFFF2B
:10658000FFFFFFFFFFFFFFFFFFFFFFFFFFFFFFFF1B
:10659000FFFFFFFFFFFFFFFFFFFFFFFFFFFFFFFF0B
:1065A000FFFFFFFFFFFFFFFFFFFFFFFFFFFFFFFFFB
:1065B000FFFFFFFFFFFFFFFFFFFFFFFFFFFFFFFFEB
:1065C000FFFFFFFFFFFFFFFFFFFFFFFFFFFFFFFFDB
:1065D000FFFFFFFFFFFFFFFFFFFFFFFFFFFFFFFFCB
:1065E000FFFFFFFFFFFFFFFFFFFFFFFFFFFFFFFFBB
:1065F000FFFFFFFFFFFFFFFFFFFFFFFFFFFFFFFFAB
:10660000FFFFFFFFFFFFFFFFFFFFFFFFFFFFFFFF9A
:10661000FFFFFFFFFFFFFFFFFFFFFFFFFFFFFFFF8A
:10662000FFFFFFFFFFFFFFFFFFFFFFFFFFFFFFFF7A
:10663000FFFFFFFFFFFFFFFFFFFFFFFFFFFFFFFF6A
:10664000FFFFFFFFFFFFFFFFFFFFFFFFFFFFFFFF5A
:10665000FFFFFFFFFFFFFFFFFFFFFFFFFFFFFFFF4A
:10666000FFFFFFFFFFFFFFFFFFFFFFFFFFFFFFFF3A
:10667000FFFFFFFFFFFFFFFFFFFFFFFFFFFFFFFF2A
:10668000FFFFFFFFFFFFFFFFFFFFFFFFFFFFFFFF1A
:10669000FFFFFFFFFFFFFFFFFFFFFFFFFFFFFFFF0A
:1066A000FFFFFFFFFFFFFFFFFFFFFFFFFFFFFFFFFA
:1066B000FFFFFFFFFFFFFFFFFFFFFFFFFFFFFFFFEA
:1066C000FFFFFFFFFFFFFFFFFFFFFFFFFFFFFFFFDA
:1066D000FFFFFFFFFFFFFFFFFFFFFFFFFFFFFFFFCA
:1066E000FFFFFFFFFFFFFFFFFFFFFFFFFFFFFFFFBA
:1066F000FFFFFFFFFFFFFFFFFFFFFFFFFFFFFFFFAA
:10670000FFFFFFFFFFFFFFFFFFFFFFFFFFFFFFFF99
:10671000FFFFFFFFFFFFFFFFFFFFFFFFFFFFFFFF89
:10672000FFFFFFFFFFFFFFFFFFFFFFFFFFFFFFFF79
:10673000FFFFFFFFFFFFFFFFFFFFFFFFFFFFFFFF69
:10674000FFFFFFFFFFFFFFFFFFFFFFFFFFFFFFFF59
:10675000FFFFFFFFFFFFFFFFFFFFFFFFFFFFFFFF49
:10676000FFFFFFFFFFFFFFFFFFFFFFFFFFFFFFFF39
:10677000FFFFFFFFFFFFFFFFFFFFFFFFFFFFFFFF29
:10678000FFFFFFFFFFFFFFFFFFFFFFFFFFFFFFFF19
:10679000FFFFFFFFFFFFFFFFFFFFFFFFFFFFFFFF09
:1067A000FFFFFFFFFFFFFFFFFFFFFFFFFFFFFFFFF9
:1067B000FFFFFFFFFFFFFFFFFFFFFFFFFFFFFFFFE9
:1067C000FFFFFFFFFFFFFFFFFFFFFFFFFFFFFFFFD9
:1067D000FFFFFFFFFFFFFFFFFFFFFFFFFFFFFFFFC9
:1067E000FFFFFFFFFFFFFFFFFFFFFFFFFFFFFFFFB9
:1067F000FFFFFFFFFFFFFFFFFFFFFFFFFFFFFFFFA9
:10680000FFFFFFFFFFFFFFFFFFFFFFFFFFFFFFFF98
:10681000FFFFFFFFFFFFFFFFFFFFFFFFFFFFFFFF88
:10682000FFFFFFFFFFFFFFFFFFFFFFFFFFFFFFFF78
:10683000FFFFFFFFFFFFFFFFFFFFFFFFFFFFFFFF68
:10684000FFFFFFFFFFFFFFFFFFFFFFFFFFFFFFFF58
:10685000FFFFFFFFFFFFFFFFFFFFFFFFFFFFFFFF48
:10686000FFFFFFFFFFFFFFFFFFFFFFFFFFFFFFFF38
:10687000FFFFFFFFFFFFFFFFFFFFFFFFFFFFFFFF28
:10688000FFFFFFFFFFFFFFFFFFFFFFFFFFFFFFFF18
:10689000FFFFFFFFFFFFFFFFFFFFFFFFFFFFFFFF08
:1068A000FFFFFFFFFFFFFFFFFFFFFFFFFFFFFFFFF8
:1068B000FFFFFFFFFFFFFFFFFFFFFFFFFFFFFFFFE8
:1068C000FFFFFFFFFFFFFFFFFFFFFFFFFFFFFFFFD8
:1068D000FFFFFFFFFFFFFFFFFFFFFFFFFFFFFFFFC8
:1068E000FFFFFFFFFFFFFFFFFFFFFFFFFFFFFFFFB8
:1068F000FFFFFFFFFFFFFFFFFFFFFFFFFFFFFFFFA8
:10690000FFFFFFFFFFFFFFFFFFFFFFFFFFFFFFFF97
:10691000FFFFFFFFFFFFFFFFFFFFFFFFFFFFFFFF87
:10692000FFFFFFFFFFFFFFFFFFFFFFFFFFFFFFFF77
:10693000FFFFFFFFFFFFFFFFFFFFFFFFFFFFFFFF67
:10694000FFFFFFFFFFFFFFFFFFFFFFFFFFFFFFFF57
:10695000FFFFFFFFFFFFFFFFFFFFFFFFFFFFFFFF47
:10696000FFFFFFFFFFFFFFFFFFFFFFFFFFFFFFFF37
:10697000FFFFFFFFFFFFFFFFFFFFFFFFFFFFFFFF27
:10698000FFFFFFFFFFFFFFFFFFFFFFFFFFFFFFFF17
:10699000FFFFFFFFFFFFFFFFFFFFFFFFFFFFFFFF07
:1069A000FFFFFFFFFFFFFFFFFFFFFFFFFFFFFFFFF7
:1069B000FFFFFFFFFFFFFFFFFFFFFFFFFFFFFFFFE7
:1069C000FFFFFFFFFFFFFFFFFFFFFFFFFFFFFFFFD7
:1069D000FFFFFFFFFFFFFFFFFFFFFFFFFFFFFFFFC7
:1069E000FFFFFFFFFFFFFFFFFFFFFFFFFFFFFFFFB7
:1069F000FFFFFFFFFFFFFFFFFFFFFFFFFFFFFFFFA7
:106A0000FFFFFFFFFFFFFFFFFFFFFFFFFFFFFFFF96
:106A1000FFFFFFFFFFFFFFFFFFFFFFFFFFFFFFFF86
:106A2000FFFFFFFFFFFFFFFFFFFFFFFFFFFFFFFF76
:106A3000FFFFFFFFFFFFFFFFFFFFFFFFFFFFFFFF66
:106A4000FFFFFFFFFFFFFFFFFFFFFFFFFFFFFFFF56
:106A5000FFFFFFFFFFFFFFFFFFFFFFFFFFFFFFFF46
:106A6000FFFFFFFFFFFFFFFFFFFFFFFFFFFFFFFF36
:106A7000FFFFFFFFFFFFFFFFFFFFFFFFFFFFFFFF26
:106A8000FFFFFFFFFFFFFFFFFFFFFFFFFFFFFFFF16
:106A9000FFFFFFFFFFFFFFFFFFFFFFFFFFFFFFFF06
:106AA000FFFFFFFFFFFFFFFFFFFFFFFFFFFFFFFFF6
:106AB000FFFFFFFFFFFFFFFFFFFFFFFFFFFFFFFFE6
:106AC000FFFFFFFFFFFFFFFFFFFFFFFFFFFFFFFFD6
:106AD000FFFFFFFFFFFFFFFFFFFFFFFFFFFFFFFFC6
:106AE000FFFFFFFFFFFFFFFFFFFFFFFFFFFFFFFFB6
:106AF000FFFFFFFFFFFFFFFFFFFFFFFFFFFFFFFFA6
:106B0000FFFFFFFFFFFFFFFFFFFFFFFFFFFFFFFF95
:106B1000FFFFFFFFFFFFFFFFFFFFFFFFFFFFFFFF85
:106B2000FFFFFFFFFFFFFFFFFFFFFFFFFFFFFFFF75
:106B3000FFFFFFFFFFFFFFFFFFFFFFFFFFFFFFFF65
:106B4000FFFFFFFFFFFFFFFFFFFFFFFFFFFFFFFF55
:106B5000FFFFFFFFFFFFFFFFFFFFFFFFFFFFFFFF45
:106B6000FFFFFFFFFFFFFFFFFFFFFFFFFFFFFFFF35
:106B7000FFFFFFFFFFFFFFFFFFFFFFFFFFFFFFFF25
:106B8000FFFFFFFFFFFFFFFFFFFFFFFFFFFFFFFF15
:106B9000FFFFFFFFFFFFFFFFFFFFFFFFFFFFFFFF05
:106BA000FFFFFFFFFFFFFFFFFFFFFFFFFFFFFFFFF5
:106BB000FFFFFFFFFFFFFFFFFFFFFFFFFFFFFFFFE5
:106BC000FFFFFFFFFFFFFFFFFFFFFFFFFFFFFFFFD5
:106BD000FFFFFFFFFFFFFFFFFFFFFFFFFFFFFFFFC5
:106BE000FFFFFFFFFFFFFFFFFFFFFFFFFFFFFFFFB5
:106BF000FFFFFFFFFFFFFFFFFFFFFFFFFFFFFFFFA5
:106C0000FFFFFFFFFFFFFFFFFFFFFFFFFFFFFFFF94
:106C1000FFFFFFFFFFFFFFFFFFFFFFFFFFFFFFFF84
:106C2000FFFFFFFFFFFFFFFFFFFFFFFFFFFFFFFF74
:106C3000FFFFFFFFFFFFFFFFFFFFFFFFFFFFFFFF64
:106C4000FFFFFFFFFFFFFFFFFFFFFFFFFFFFFFFF54
:106C5000FFFFFFFFFFFFFFFFFFFFFFFFFFFFFFFF44
:106C6000FFFFFFFFFFFFFFFFFFFFFFFFFFFFFFFF34
:106C7000FFFFFFFFFFFFFFFFFFFFFFFFFFFFFFFF24
:106C8000FFFFFFFFFFFFFFFFFFFFFFFFFFFFFFFF14
:106C9000FFFFFFFFFFFFFFFFFFFFFFFFFFFFFFFF04
:106CA000FFFFFFFFFFFFFFFFFFFFFFFFFFFFFFFFF4
:106CB000FFFFFFFFFFFFFFFFFFFFFFFFFFFFFFFFE4
:106CC000FFFFFFFFFFFFFFFFFFFFFFFFFFFFFFFFD4
:106CD000FFFFFFFFFFFFFFFFFFFFFFFFFFFFFFFFC4
:106CE000FFFFFFFFFFFFFFFFFFFFFFFFFFFFFFFFB4
:106CF000FFFFFFFFFFFFFFFFFFFFFFFFFFFFFFFFA4
:106D0000FFFFFFFFFFFFFFFFFFFFFFFFFFFFFFFF93
:106D1000FFFFFFFFFFFFFFFFFFFFFFFFFFFFFFFF83
:106D2000FFFFFFFFFFFFFFFFFFFFFFFFFFFFFFFF73
:106D3000FFFFFFFFFFFFFFFFFFFFFFFFFFFFFFFF63
:106D4000FFFFFFFFFFFFFFFFFFFFFFFFFFFFFFFF53
:106D5000FFFFFFFFFFFFFFFFFFFFFFFFFFFFFFFF43
:106D6000FFFFFFFFFFFFFFFFFFFFFFFFFFFFFFFF33
:106D7000FFFFFFFFFFFFFFFFFFFFFFFFFFFFFFFF23
:106D8000FFFFFFFFFFFFFFFFFFFFFFFFFFFFFFFF13
:106D9000FFFFFFFFFFFFFFFFFFFFFFFFFFFFFFFF03
:106DA000FFFFFFFFFFFFFFFFFFFFFFFFFFFFFFFFF3
:106DB000FFFFFFFFFFFFFFFFFFFFFFFFFFFFFFFFE3
:106DC000FFFFFFFFFFFFFFFFFFFFFFFFFFFFFFFFD3
:106DD000FFFFFFFFFFFFFFFFFFFFFFFFFFFFFFFFC3
:106DE000FFFFFFFFFFFFFFFFFFFFFFFFFFFFFFFFB3
:106DF000FFFFFFFFFFFFFFFFFFFFFFFFFFFFFFFFA3
:106E0000FFFFFFFFFFFFFFFFFFFFFFFFFFFFFFFF92
:106E1000FFFFFFFFFFFFFFFFFFFFFFFFFFFFFFFF82
:106E2000FFFFFFFFFFFFFFFFFFFFFFFFFFFFFFFF72
:106E3000FFFFFFFFFFFFFFFFFFFFFFFFFFFFFFFF62
:106E4000FFFFFFFFFFFFFFFFFFFFFFFFFFFFFFFF52
:106E5000FFFFFFFFFFFFFFFFFFFFFFFFFFFFFFFF42
:106E6000FFFFFFFFFFFFFFFFFFFFFFFFFFFFFFFF32
:106E7000FFFFFFFFFFFFFFFFFFFFFFFFFFFFFFFF22
:106E8000FFFFFFFFFFFFFFFFFFFFFFFFFFFFFFFF12
:106E9000FFFFFFFFFFFFFFFFFFFFFFFFFFFFFFFF02
:106EA000FFFFFFFFFFFFFFFFFFFFFFFFFFFFFFFFF2
:106EB000FFFFFFFFFFFFFFFFFFFFFFFFFFFFFFFFE2
:106EC000FFFFFFFFFFFFFFFFFFFFFFFFFFFFFFFFD2
:106ED000FFFFFFFFFFFFFFFFFFFFFFFFFFFFFFFFC2
:106EE000FFFFFFFFFFFFFFFFFFFFFFFFFFFFFFFFB2
:106EF000FFFFFFFFFFFFFFFFFFFFFFFFFFFFFFFFA2
:106F0000FFFFFFFFFFFFFFFFFFFFFFFFFFFFFFFF91
:106F1000FFFFFFFFFFFFFFFFFFFFFFFFFFFFFFFF81
:106F2000FFFFFFFFFFFFFFFFFFFFFFFFFFFFFFFF71
:106F3000FFFFFFFFFFFFFFFFFFFFFFFFFFFFFFFF61
:106F4000FFFFFFFFFFFFFFFFFFFFFFFFFFFFFFFF51
:106F5000FFFFFFFFFFFFFFFFFFFFFFFFFFFFFFFF41
:106F6000FFFFFFFFFFFFFFFFFFFFFFFFFFFFFFFF31
:106F7000FFFFFFFFFFFFFFFFFFFFFFFFFFFFFFFF21
:106F8000FFFFFFFFFFFFFFFFFFFFFFFFFFFFFFFF11
:106F9000FFFFFFFFFFFFFFFFFFFFFFFFFFFFFFFF01
:106FA000FFFFFFFFFFFFFFFFFFFFFFFFFFFFFFFFF1
:106FB000FFFFFFFFFFFFFFFFFFFFFFFFFFFFFFFFE1
:106FC000FFFFFFFFFFFFFFFFFFFFFFFFFFFFFFFFD1
:106FD000FFFFFFFFFFFFFFFFFFFFFFFFFFFFFFFFC1
:106FE000FFFFFFFFFFFFFFFFFFFFFFFFFFFFFFFFB1
:106FF000FFFFFFFFFFFFFFFFFFFFFFFFFFFFFFFFA1
:10700000FFFFFFFFFFFFFFFFFFFFFFFFFFFFFFFF90
:10701000FFFFFFFFFFFFFFFFFFFFFFFFFFFFFFFF80
:10702000FFFFFFFFFFFFFFFFFFFFFFFFFFFFFFFF70
:10703000FFFFFFFFFFFFFFFFFFFFFFFFFFFFFFFF60
:10704000FFFFFFFFFFFFFFFFFFFFFFFFFFFFFFFF50
:10705000FFFFFFFFFFFFFFFFFFFFFFFFFFFFFFFF40
:10706000FFFFFFFFFFFFFFFFFFFFFFFFFFFFFFFF30
:10707000FFFFFFFFFFFFFFFFFFFFFFFFFFFFFFFF20
:10708000FFFFFFFFFFFFFFFFFFFFFFFFFFFFFFFF10
:10709000FFFFFFFFFFFFFFFFFFFFFFFFFFFFFFFF00
:1070A000FFFFFFFFFFFFFFFFFFFFFFFFFFFFFFFFF0
:1070B000FFFFFFFFFFFFFFFFFFFFFFFFFFFFFFFFE0
:1070C000FFFFFFFFFFFFFFFFFFFFFFFFFFFFFFFFD0
:1070D000FFFFFFFFFFFFFFFFFFFFFFFFFFFFFFFFC0
:1070E000FFFFFFFFFFFFFFFFFFFFFFFFFFFFFFFFB0
:1070F000FFFFFFFFFFFFFFFFFFFFFFFFFFFFFFFFA0
:10710000FFFFFFFFFFFFFFFFFFFFFFFFFFFFFFFF8F
:10711000FFFFFFFFFFFFFFFFFFFFFFFFFFFFFFFF7F
:10712000FFFFFFFFFFFFFFFFFFFFFFFFFFFFFFFF6F
:10713000FFFFFFFFFFFFFFFFFFFFFFFFFFFFFFFF5F
:10714000FFFFFFFFFFFFFFFFFFFFFFFFFFFFFFFF4F
:10715000FFFFFFFFFFFFFFFFFFFFFFFFFFFFFFFF3F
:10716000FFFFFFFFFFFFFFFFFFFFFFFFFFFFFFFF2F
:10717000FFFFFFFFFFFFFFFFFFFFFFFFFFFFFFFF1F
:10718000FFFFFFFFFFFFFFFFFFFFFFFFFFFFFFFF0F
:10719000FFFFFFFFFFFFFFFFFFFFFFFFFFFFFFFFFF
:1071A000FFFFFFFFFFFFFFFFFFFFFFFFFFFFFFFFEF
:1071B000FFFFFFFFFFFFFFFFFFFFFFFFFFFFFFFFDF
:1071C000FFFFFFFFFFFFFFFFFFFFFFFFFFFFFFFFCF
:1071D000FFFFFFFFFFFFFFFFFFFFFFFFFFFFFFFFBF
:1071E000FFFFFFFFFFFFFFFFFFFFFFFFFFFFFFFFAF
:1071F000FFFFFFFFFFFFFFFFFFFFFFFFFFFFFFFF9F
:10720000FFFFFFFFFFFFFFFFFFFFFFFFFFFFFFFF8E
:10721000FFFFFFFFFFFFFFFFFFFFFFFFFFFFFFFF7E
:10722000FFFFFFFFFFFFFFFFFFFFFFFFFFFFFFFF6E
:10723000FFFFFFFFFFFFFFFFFFFFFFFFFFFFFFFF5E
:10724000FFFFFFFFFFFFFFFFFFFFFFFFFFFFFFFF4E
:10725000FFFFFFFFFFFFFFFFFFFFFFFFFFFFFFFF3E
:10726000FFFFFFFFFFFFFFFFFFFFFFFFFFFFFFFF2E
:10727000FFFFFFFFFFFFFFFFFFFFFFFFFFFFFFFF1E
:10728000FFFFFFFFFFFFFFFFFFFFFFFFFFFFFFFF0E
:10729000FFFFFFFFFFFFFFFFFFFFFFFFFFFFFFFFFE
:1072A000FFFFFFFFFFFFFFFFFFFFFFFFFFFFFFFFEE
:1072B000FFFFFFFFFFFFFFFFFFFFFFFFFFFFFFFFDE
:1072C000FFFFFFFFFFFFFFFFFFFFFFFFFFFFFFFFCE
:1072D000FFFFFFFFFFFFFFFFFFFFFFFFFFFFFFFFBE
:1072E000FFFFFFFFFFFFFFFFFFFFFFFFFFFFFFFFAE
:1072F000FFFFFFFFFFFFFFFFFFFFFFFFFFFFFFFF9E
:10730000FFFFFFFFFFFFFFFFFFFFFFFFFFFFFFFF8D
:10731000FFFFFFFFFFFFFFFFFFFFFFFFFFFFFFFF7D
:10732000FFFFFFFFFFFFFFFFFFFFFFFFFFFFFFFF6D
:10733000FFFFFFFFFFFFFFFFFFFFFFFFFFFFFFFF5D
:10734000FFFFFFFFFFFFFFFFFFFFFFFFFFFFFFFF4D
:10735000FFFFFFFFFFFFFFFFFFFFFFFFFFFFFFFF3D
:10736000FFFFFFFFFFFFFFFFFFFFFFFFFFFFFFFF2D
:10737000FFFFFFFFFFFFFFFFFFFFFFFFFFFFFFFF1D
:10738000FFFFFFFFFFFFFFFFFFFFFFFFFFFFFFFF0D
:10739000FFFFFFFFFFFFFFFFFFFFFFFFFFFFFFFFFD
:1073A000FFFFFFFFFFFFFFFFFFFFFFFFFFFFFFFFED
:1073B000FFFFFFFFFFFFFFFFFFFFFFFFFFFFFFFFDD
:1073C000FFFFFFFFFFFFFFFFFFFFFFFFFFFFFFFFCD
:1073D000FFFFFFFFFFFFFFFFFFFFFFFFFFFFFFFFBD
:1073E000FFFFFFFFFFFFFFFFFFFFFFFFFFFFFFFFAD
:1073F000FFFFFFFFFFFFFFFFFFFFFFFFFFFFFFFF9D
:10740000FFFFFFFFFFFFFFFFFFFFFFFFFFFFFFFF8C
:10741000FFFFFFFFFFFFFFFFFFFFFFFFFFFFFFFF7C
:10742000FFFFFFFFFFFFFFFFFFFFFFFFFFFFFFFF6C
:10743000FFFFFFFFFFFFFFFFFFFFFFFFFFFFFFFF5C
:10744000FFFFFFFFFFFFFFFFFFFFFFFFFFFFFFFF4C
:10745000FFFFFFFFFFFFFFFFFFFFFFFFFFFFFFFF3C
:10746000FFFFFFFFFFFFFFFFFFFFFFFFFFFFFFFF2C
:10747000FFFFFFFFFFFFFFFFFFFFFFFFFFFFFFFF1C
:10748000FFFFFFFFFFFFFFFFFFFFFFFFFFFFFFFF0C
:10749000FFFFFFFFFFFFFFFFFFFFFFFFFFFFFFFFFC
:1074A000FFFFFFFFFFFFFFFFFFFFFFFFFFFFFFFFEC
:1074B000FFFFFFFFFFFFFFFFFFFFFFFFFFFFFFFFDC
:1074C000FFFFFFFFFFFFFFFFFFFFFFFFFFFFFFFFCC
:1074D000FFFFFFFFFFFFFFFFFFFFFFFFFFFFFFFFBC
:1074E000FFFFFFFFFFFFFFFFFFFFFFFFFFFFFFFFAC
:1074F000FFFFFFFFFFFFFFFFFFFFFFFFFFFFFFFF9C
:10750000FFFFFFFFFFFFFFFFFFFFFFFFFFFFFFFF8B
:10751000FFFFFFFFFFFFFFFFFFFFFFFFFFFFFFFF7B
:10752000FFFFFFFFFFFFFFFFFFFFFFFFFFFFFFFF6B
:10753000FFFFFFFFFFFFFFFFFFFFFFFFFFFFFFFF5B
:10754000FFFFFFFFFFFFFFFFFFFFFFFFFFFFFFFF4B
:10755000FFFFFFFFFFFFFFFFFFFFFFFFFFFFFFFF3B
:10756000FFFFFFFFFFFFFFFFFFFFFFFFFFFFFFFF2B
:10757000FFFFFFFFFFFFFFFFFFFFFFFFFFFFFFFF1B
:10758000FFFFFFFFFFFFFFFFFFFFFFFFFFFFFFFF0B
:10759000FFFFFFFFFFFFFFFFFFFFFFFFFFFFFFFFFB
:1075A000FFFFFFFFFFFFFFFFFFFFFFFFFFFFFFFFEB
:1075B000FFFFFFFFFFFFFFFFFFFFFFFFFFFFFFFFDB
:1075C000FFFFFFFFFFFFFFFFFFFFFFFFFFFFFFFFCB
:1075D000FFFFFFFFFFFFFFFFFFFFFFFFFFFFFFFFBB
:1075E000FFFFFFFFFFFFFFFFFFFFFFFFFFFFFFFFAB
:1075F000FFFFFFFFFFFFFFFFFFFFFFFFFFFFFFFF9B
:10760000FFFFFFFFFFFFFFFFFFFFFFFFFFFFFFFF8A
:10761000FFFFFFFFFFFFFFFFFFFFFFFFFFFFFFFF7A
:10762000FFFFFFFFFFFFFFFFFFFFFFFFFFFFFFFF6A
:10763000FFFFFFFFFFFFFFFFFFFFFFFFFFFFFFFF5A
:10764000FFFFFFFFFFFFFFFFFFFFFFFFFFFFFFFF4A
:10765000FFFFFFFFFFFFFFFFFFFFFFFFFFFFFFFF3A
:10766000FFFFFFFFFFFFFFFFFFFFFFFFFFFFFFFF2A
:10767000FFFFFFFFFFFFFFFFFFFFFFFFFFFFFFFF1A
:10768000FFFFFFFFFFFFFFFFFFFFFFFFFFFFFFFF0A
:10769000FFFFFFFFFFFFFFFFFFFFFFFFFFFFFFFFFA
:1076A000FFFFFFFFFFFFFFFFFFFFFFFFFFFFFFFFEA
:1076B000FFFFFFFFFFFFFFFFFFFFFFFFFFFFFFFFDA
:1076C000FFFFFFFFFFFFFFFFFFFFFFFFFFFFFFFFCA
:1076D000FFFFFFFFFFFFFFFFFFFFFFFFFFFFFFFFBA
:1076E000FFFFFFFFFFFFFFFFFFFFFFFFFFFFFFFFAA
:1076F000FFFFFFFFFFFFFFFFFFFFFFFFFFFFFFFF9A
:10770000FFFFFFFFFFFFFFFFFFFFFFFFFFFFFFFF89
:10771000FFFFFFFFFFFFFFFFFFFFFFFFFFFFFFFF79
:10772000FFFFFFFFFFFFFFFFFFFFFFFFFFFFFFFF69
:10773000FFFFFFFFFFFFFFFFFFFFFFFFFFFFFFFF59
:10774000FFFFFFFFFFFFFFFFFFFFFFFFFFFFFFFF49
:10775000FFFFFFFFFFFFFFFFFFFFFFFFFFFFFFFF39
:10776000FFFFFFFFFFFFFFFFFFFFFFFFFFFFFFFF29
:10777000FFFFFFFFFFFFFFFFFFFFFFFFFFFFFFFF19
:10778000FFFFFFFFFFFFFFFFFFFFFFFFFFFFFFFF09
:10779000FFFFFFFFFFFFFFFFFFFFFFFFFFFFFFFFF9
:1077A000FFFFFFFFFFFFFFFFFFFFFFFFFFFFFFFFE9
:1077B000FFFFFFFFFFFFFFFFFFFFFFFFFFFFFFFFD9
:1077C000FFFFFFFFFFFFFFFFFFFFFFFFFFFFFFFFC9
:1077D000FFFFFFFFFFFFFFFFFFFFFFFFFFFFFFFFB9
:1077E000FFFFFFFFFFFFFFFFFFFFFFFFFFFFFFFFA9
:1077F000FFFFFFFFFFFFFFFFFFFFFFFFFFFFFFFF99
:10780000FFFFFFFFFFFFFFFFFFFFFFFFFFFFFFFF88
:10781000FFFFFFFFFFFFFFFFFFFFFFFFFFFFFFFF78
:10782000FFFFFFFFFFFFFFFFFFFFFFFFFFFFFFFF68
:10783000FFFFFFFFFFFFFFFFFFFFFFFFFFFFFFFF58
:10784000FFFFFFFFFFFFFFFFFFFFFFFFFFFFFFFF48
:10785000FFFFFFFFFFFFFFFFFFFFFFFFFFFFFFFF38
:10786000FFFFFFFFFFFFFFFFFFFFFFFFFFFFFFFF28
:10787000FFFFFFFFFFFFFFFFFFFFFFFFFFFFFFFF18
:10788000FFFFFFFFFFFFFFFFFFFFFFFFFFFFFFFF08
:10789000FFFFFFFFFFFFFFFFFFFFFFFFFFFFFFFFF8
:1078A000FFFFFFFFFFFFFFFFFFFFFFFFFFFFFFFFE8
:1078B000FFFFFFFFFFFFFFFFFFFFFFFFFFFFFFFFD8
:1078C000FFFFFFFFFFFFFFFFFFFFFFFFFFFFFFFFC8
:1078D000FFFFFFFFFFFFFFFFFFFFFFFFFFFFFFFFB8
:1078E000FFFFFFFFFFFFFFFFFFFFFFFFFFFFFFFFA8
:1078F000FFFFFFFFFFFFFFFFFFFFFFFFFFFFFFFF98
:10790000FFFFFFFFFFFFFFFFFFFFFFFFFFFFFFFF87
:10791000FFFFFFFFFFFFFFFFFFFFFFFFFFFFFFFF77
:10792000FFFFFFFFFFFFFFFFFFFFFFFFFFFFFFFF67
:10793000FFFFFFFFFFFFFFFFFFFFFFFFFFFFFFFF57
:10794000FFFFFFFFFFFFFFFFFFFFFFFFFFFFFFFF47
:10795000FFFFFFFFFFFFFFFFFFFFFFFFFFFFFFFF37
:10796000FFFFFFFFFFFFFFFFFFFFFFFFFFFFFFFF27
:10797000FFFFFFFFFFFFFFFFFFFFFFFFFFFFFFFF17
:10798000FFFFFFFFFFFFFFFFFFFFFFFFFFFFFFFF07
:10799000FFFFFFFFFFFFFFFFFFFFFFFFFFFFFFFFF7
:1079A000FFFFFFFFFFFFFFFFFFFFFFFFFFFFFFFFE7
:1079B000FFFFFFFFFFFFFFFFFFFFFFFFFFFFFFFFD7
:1079C000FFFFFFFFFFFFFFFFFFFFFFFFFFFFFFFFC7
:1079D000FFFFFFFFFFFFFFFFFFFFFFFFFFFFFFFFB7
:1079E000FFFFFFFFFFFFFFFFFFFFFFFFFFFFFFFFA7
:1079F000FFFFFFFFFFFFFFFFFFFFFFFFFFFFFFFF97
:107A0000FFFFFFFFFFFFFFFFFFFFFFFFFFFFFFFF86
:107A1000FFFFFFFFFFFFFFFFFFFFFFFFFFFFFFFF76
:107A2000FFFFFFFFFFFFFFFFFFFFFFFFFFFFFFFF66
:107A3000FFFFFFFFFFFFFFFFFFFFFFFFFFFFFFFF56
:107A4000FFFFFFFFFFFFFFFFFFFFFFFFFFFFFFFF46
:107A5000FFFFFFFFFFFFFFFFFFFFFFFFFFFFFFFF36
:107A6000FFFFFFFFFFFFFFFFFFFFFFFFFFFFFFFF26
:107A7000FFFFFFFFFFFFFFFFFFFFFFFFFFFFFFFF16
:107A8000FFFFFFFFFFFFFFFFFFFFFFFFFFFFFFFF06
:107A9000FFFFFFFFFFFFFFFFFFFFFFFFFFFFFFFFF6
:107AA000FFFFFFFFFFFFFFFFFFFFFFFFFFFFFFFFE6
:107AB000FFFFFFFFFFFFFFFFFFFFFFFFFFFFFFFFD6
:107AC000FFFFFFFFFFFFFFFFFFFFFFFFFFFFFFFFC6
:107AD000FFFFFFFFFFFFFFFFFFFFFFFFFFFFFFFFB6
:107AE000FFFFFFFFFFFFFFFFFFFFFFFFFFFFFFFFA6
:107AF000FFFFFFFFFFFFFFFFFFFFFFFFFFFFFFFF96
:107B0000FFFFFFFFFFFFFFFFFFFFFFFFFFFFFFFF85
:107B1000FFFFFFFFFFFFFFFFFFFFFFFFFFFFFFFF75
:107B2000FFFFFFFFFFFFFFFFFFFFFFFFFFFFFFFF65
:107B3000FFFFFFFFFFFFFFFFFFFFFFFFFFFFFFFF55
:107B4000FFFFFFFFFFFFFFFFFFFFFFFFFFFFFFFF45
:107B5000FFFFFFFFFFFFFFFFFFFFFFFFFFFFFFFF35
:107B6000FFFFFFFFFFFFFFFFFFFFFFFFFFFFFFFF25
:107B7000FFFFFFFFFFFFFFFFFFFFFFFFFFFFFFFF15
:107B8000FFFFFFFFFFFFFFFFFFFFFFFFFFFFFFFF05
:107B9000FFFFFFFFFFFFFFFFFFFFFFFFFFFFFFFFF5
:107BA000FFFFFFFFFFFFFFFFFFFFFFFFFFFFFFFFE5
:107BB000FFFFFFFFFFFFFFFFFFFFFFFFFFFFFFFFD5
:107BC000FFFFFFFFFFFFFFFFFFFFFFFFFFFFFFFFC5
:107BD000FFFFFFFFFFFFFFFFFFFFFFFFFFFFFFFFB5
:107BE000FFFFFFFFFFFFFFFFFFFFFFFFFFFFFFFFA5
:107BF000FFFFFFFFFFFFFFFFFFFFFFFFFFFFFFFF95
:107C0000FFFFFFFFFFFFFFFFFFFFFFFFFFFFFFFF84
:107C1000FFFFFFFFFFFFFFFFFFFFFFFFFFFFFFFF74
:107C2000FFFFFFFFFFFFFFFFFFFFFFFFFFFFFFFF64
:107C3000FFFFFFFFFFFFFFFFFFFFFFFFFFFFFFFF54
:107C4000FFFFFFFFFFFFFFFFFFFFFFFFFFFFFFFF44
:107C5000FFFFFFFFFFFFFFFFFFFFFFFFFFFFFFFF34
:107C6000FFFFFFFFFFFFFFFFFFFFFFFFFFFFFFFF24
:107C7000FFFFFFFFFFFFFFFFFFFFFFFFFFFFFFFF14
:107C8000FFFFFFFFFFFFFFFFFFFFFFFFFFFFFFFF04
:107C9000FFFFFFFFFFFFFFFFFFFFFFFFFFFFFFFFF4
:107CA000FFFFFFFFFFFFFFFFFFFFFFFFFFFFFFFFE4
:107CB000FFFFFFFFFFFFFFFFFFFFFFFFFFFFFFFFD4
:107CC000FFFFFFFFFFFFFFFFFFFFFFFFFFFFFFFFC4
:107CD000FFFFFFFFFFFFFFFFFFFFFFFFFFFFFFFFB4
:107CE000FFFFFFFFFFFFFFFFFFFFFFFFFFFFFFFFA4
:107CF000FFFFFFFFFFFFFFFFFFFFFFFFFFFFFFFF94
:107D0000FFFFFFFFFFFFFFFFFFFFFFFFFFFFFFFF83
:107D1000FFFFFFFFFFFFFFFFFFFFFFFFFFFFFFFF73
:107D2000FFFFFFFFFFFFFFFFFFFFFFFFFFFFFFFF63
:107D3000FFFFFFFFFFFFFFFFFFFFFFFFFFFFFFFF53
:107D4000FFFFFFFFFFFFFFFFFFFFFFFFFFFFFFFF43
:107D5000FFFFFFFFFFFFFFFFFFFFFFFFFFFFFFFF33
:107D6000FFFFFFFFFFFFFFFFFFFFFFFFFFFFFFFF23
:107D7000FFFFFFFFFFFFFFFFFFFFFFFFFFFFFFFF13
:107D8000FFFFFFFFFFFFFFFFFFFFFFFFFFFFFFFF03
:107D9000FFFFFFFFFFFFFFFFFFFFFFFFFFFFFFFFF3
:107DA000FFFFFFFFFFFFFFFFFFFFFFFFFFFFFFFFE3
:107DB000FFFFFFFFFFFFFFFFFFFFFFFFFFFFFFFFD3
:107DC000FFFFFFFFFFFFFFFFFFFFFFFFFFFFFFFFC3
:107DD000FFFFFFFFFFFFFFFFFFFFFFFFFFFFFFFFB3
:107DE000FFFFFFFFFFFFFFFFFFFFFFFFFFFFFFFFA3
:107DF000FFFFFFFFFFFFFFFFFFFFFFFFFFFFFFFF93
:107E0000FFFFFFFFFFFFFFFFFFFFFFFFFFFFFFFF82
:107E1000FFFFFFFFFFFFFFFFFFFFFFFFFFFFFFFF72
:107E2000FFFFFFFFFFFFFFFFFFFFFFFFFFFFFFFF62
:107E3000FFFFFFFFFFFFFFFFFFFFFFFFFFFFFFFF52
:107E4000FFFFFFFFFFFFFFFFFFFFFFFFFFFFFFFF42
:107E5000FFFFFFFFFFFFFFFFFFFFFFFFFFFFFFFF32
:107E6000FFFFFFFFFFFFFFFFFFFFFFFFFFFFFFFF22
:107E7000FFFFFFFFFFFFFFFFFFFFFFFFFFFFFFFF12
:107E8000FFFFFFFFFFFFFFFFFFFFFFFFFFFFFFFF02
:107E9000FFFFFFFFFFFFFFFFFFFFFFFFFFFFFFFFF2
:107EA000FFFFFFFFFFFFFFFFFFFFFFFFFFFFFFFFE2
:107EB000FFFFFFFFFFFFFFFFFFFFFFFFFFFFFFFFD2
:107EC000FFFFFFFFFFFFFFFFFFFFFFFFFFFFFFFFC2
:107ED000FFFFFFFFFFFFFFFFFFFFFFFFFFFFFFFFB2
:107EE000FFFFFFFFFFFFFFFFFFFFFFFFFFFFFFFFA2
:107EF000FFFFFFFFFFFFFFFFFFFFFFFFFFFFFFFF92
:107F0000FFFFFFFFFFFFFFFFFFFFFFFFFFFFFFFF81
:107F1000FFFFFFFFFFFFFFFFFFFFFFFFFFFFFFFF71
:107F2000FFFFFFFFFFFFFFFFFFFFFFFFFFFFFFFF61
:107F3000FFFFFFFFFFFFFFFFFFFFFFFFFFFFFFFF51
:107F4000FFFFFFFFFFFFFFFFFFFFFFFFFFFFFFFF41
:107F5000FFFFFFFFFFFFFFFFFFFFFFFFFFFFFFFF31
:107F6000FFFFFFFFFFFFFFFFFFFFFFFFFFFFFFFF21
:107F7000FFFFFFFFFFFFFFFFFFFFFFFFFFFFFFFF11
:107F8000FFFFFFFFFFFFFFFFFFFFFFFFFFFFFFFF01
:107F9000FFFFFFFFFFFFFFFFFFFFFFFFFFFFFFFFF1
:107FA000FFFFFFFFFFFFFFFFFFFFFFFFFFFFFFFFE1
:107FB000FFFFFFFFFFFFFFFFFFFFFFFFFFFFFFFFD1
:107FC000FFFFFFFFFFFFFFFFFFFFFFFFFFFFFFFFC1
:107FD000FFFFFFFFFFFFFFFFFFFFFFFFFFFFFFFFB1
:107FE000FFFFFFFFFFFFFFFFFFFFFFFFFFFFFFFFA1
:107FF000FFFFFFFFFFFFFFFFFFFFFFFFFFFFFFFF91
:10800000FFFFFFFFFFFFFFFFFFFFFFFFFFFFFFFF80
:10801000FFFFFFFFFFFFFFFFFFFFFFFFFFFFFFFF70
:10802000FFFFFFFFFFFFFFFFFFFFFFFFFFFFFFFF60
:10803000FFFFFFFFFFFFFFFFFFFFFFFFFFFFFFFF50
:10804000FFFFFFFFFFFFFFFFFFFFFFFFFFFFFFFF40
:10805000FFFFFFFFFFFFFFFFFFFFFFFFFFFFFFFF30
:10806000FFFFFFFFFFFFFFFFFFFFFFFFFFFFFFFF20
:10807000FFFFFFFFFFFFFFFFFFFFFFFFFFFFFFFF10
:10808000FFFFFFFFFFFFFFFFFFFFFFFFFFFFFFFF00
:10809000FFFFFFFFFFFFFFFFFFFFFFFFFFFFFFFFF0
:1080A000FFFFFFFFFFFFFFFFFFFFFFFFFFFFFFFFE0
:1080B000FFFFFFFFFFFFFFFFFFFFFFFFFFFFFFFFD0
:1080C000FFFFFFFFFFFFFFFFFFFFFFFFFFFFFFFFC0
:1080D000FFFFFFFFFFFFFFFFFFFFFFFFFFFFFFFFB0
:1080E000FFFFFFFFFFFFFFFFFFFFFFFFFFFFFFFFA0
:1080F000FFFFFFFFFFFFFFFFFFFFFFFFFFFFFFFF90
:10810000FFFFFFFFFFFFFFFFFFFFFFFFFFFFFFFF7F
:10811000FFFFFFFFFFFFFFFFFFFFFFFFFFFFFFFF6F
:10812000FFFFFFFFFFFFFFFFFFFFFFFFFFFFFFFF5F
:10813000FFFFFFFFFFFFFFFFFFFFFFFFFFFFFFFF4F
:10814000FFFFFFFFFFFFFFFFFFFFFFFFFFFFFFFF3F
:10815000FFFFFFFFFFFFFFFFFFFFFFFFFFFFFFFF2F
:10816000FFFFFFFFFFFFFFFFFFFFFFFFFFFFFFFF1F
:10817000FFFFFFFFFFFFFFFFFFFFFFFFFFFFFFFF0F
:10818000FFFFFFFFFFFFFFFFFFFFFFFFFFFFFFFFFF
:10819000FFFFFFFFFFFFFFFFFFFFFFFFFFFFFFFFEF
:1081A000FFFFFFFFFFFFFFFFFFFFFFFFFFFFFFFFDF
:1081B000FFFFFFFFFFFFFFFFFFFFFFFFFFFFFFFFCF
:1081C000FFFFFFFFFFFFFFFFFFFFFFFFFFFFFFFFBF
:1081D000FFFFFFFFFFFFFFFFFFFFFFFFFFFFFFFFAF
:1081E000FFFFFFFFFFFFFFFFFFFFFFFFFFFFFFFF9F
:1081F000FFFFFFFFFFFFFFFFFFFFFFFFFFFFFFFF8F
:10820000FFFFFFFFFFFFFFFFFFFFFFFFFFFFFFFF7E
:10821000FFFFFFFFFFFFFFFFFFFFFFFFFFFFFFFF6E
:10822000FFFFFFFFFFFFFFFFFFFFFFFFFFFFFFFF5E
:10823000FFFFFFFFFFFFFFFFFFFFFFFFFFFFFFFF4E
:10824000FFFFFFFFFFFFFFFFFFFFFFFFFFFFFFFF3E
:10825000FFFFFFFFFFFFFFFFFFFFFFFFFFFFFFFF2E
:10826000FFFFFFFFFFFFFFFFFFFFFFFFFFFFFFFF1E
:10827000FFFFFFFFFFFFFFFFFFFFFFFFFFFFFFFF0E
:10828000FFFFFFFFFFFFFFFFFFFFFFFFFFFFFFFFFE
:10829000FFFFFFFFFFFFFFFFFFFFFFFFFFFFFFFFEE
:1082A000FFFFFFFFFFFFFFFFFFFFFFFFFFFFFFFFDE
:1082B000FFFFFFFFFFFFFFFFFFFFFFFFFFFFFFFFCE
:1082C000FFFFFFFFFFFFFFFFFFFFFFFFFFFFFFFFBE
:1082D000FFFFFFFFFFFFFFFFFFFFFFFFFFFFFFFFAE
:1082E000FFFFFFFFFFFFFFFFFFFFFFFFFFFFFFFF9E
:1082F000FFFFFFFFFFFFFFFFFFFFFFFFFFFFFFFF8E
:10830000FFFFFFFFFFFFFFFFFFFFFFFFFFFFFFFF7D
:10831000FFFFFFFFFFFFFFFFFFFFFFFFFFFFFFFF6D
:10832000FFFFFFFFFFFFFFFFFFFFFFFFFFFFFFFF5D
:10833000FFFFFFFFFFFFFFFFFFFFFFFFFFFFFFFF4D
:10834000FFFFFFFFFFFFFFFFFFFFFFFFFFFFFFFF3D
:10835000FFFFFFFFFFFFFFFFFFFFFFFFFFFFFFFF2D
:10836000FFFFFFFFFFFFFFFFFFFFFFFFFFFFFFFF1D
:10837000FFFFFFFFFFFFFFFFFFFFFFFFFFFFFFFF0D
:10838000FFFFFFFFFFFFFFFFFFFFFFFFFFFFFFFFFD
:10839000FFFFFFFFFFFFFFFFFFFFFFFFFFFFFFFFED
:1083A000FFFFFFFFFFFFFFFFFFFFFFFFFFFFFFFFDD
:1083B000FFFFFFFFFFFFFFFFFFFFFFFFFFFFFFFFCD
:1083C000FFFFFFFFFFFFFFFFFFFFFFFFFFFFFFFFBD
:1083D000FFFFFFFFFFFFFFFFFFFFFFFFFFFFFFFFAD
:1083E000FFFFFFFFFFFFFFFFFFFFFFFFFFFFFFFF9D
:1083F000FFFFFFFFFFFFFFFFFFFFFFFFFFFFFFFF8D
:10840000FFFFFFFFFFFFFFFFFFFFFFFFFFFFFFFF7C
:10841000FFFFFFFFFFFFFFFFFFFFFFFFFFFFFFFF6C
:10842000FFFFFFFFFFFFFFFFFFFFFFFFFFFFFFFF5C
:10843000FFFFFFFFFFFFFFFFFFFFFFFFFFFFFFFF4C
:10844000FFFFFFFFFFFFFFFFFFFFFFFFFFFFFFFF3C
:10845000FFFFFFFFFFFFFFFFFFFFFFFFFFFFFFFF2C
:10846000FFFFFFFFFFFFFFFFFFFFFFFFFFFFFFFF1C
:10847000FFFFFFFFFFFFFFFFFFFFFFFFFFFFFFFF0C
:10848000FFFFFFFFFFFFFFFFFFFFFFFFFFFFFFFFFC
:10849000FFFFFFFFFFFFFFFFFFFFFFFFFFFFFFFFEC
:1084A000FFFFFFFFFFFFFFFFFFFFFFFFFFFFFFFFDC
:1084B000FFFFFFFFFFFFFFFFFFFFFFFFFFFFFFFFCC
:1084C000FFFFFFFFFFFFFFFFFFFFFFFFFFFFFFFFBC
:1084D000FFFFFFFFFFFFFFFFFFFFFFFFFFFFFFFFAC
:1084E000FFFFFFFFFFFFFFFFFFFFFFFFFFFFFFFF9C
:1084F000FFFFFFFFFFFFFFFFFFFFFFFFFFFFFFFF8C
:10850000FFFFFFFFFFFFFFFFFFFFFFFFFFFFFFFF7B
:10851000FFFFFFFFFFFFFFFFFFFFFFFFFFFFFFFF6B
:10852000FFFFFFFFFFFFFFFFFFFFFFFFFFFFFFFF5B
:10853000FFFFFFFFFFFFFFFFFFFFFFFFFFFFFFFF4B
:10854000FFFFFFFFFFFFFFFFFFFFFFFFFFFFFFFF3B
:10855000FFFFFFFFFFFFFFFFFFFFFFFFFFFFFFFF2B
:10856000FFFFFFFFFFFFFFFFFFFFFFFFFFFFFFFF1B
:10857000FFFFFFFFFFFFFFFFFFFFFFFFFFFFFFFF0B
:10858000FFFFFFFFFFFFFFFFFFFFFFFFFFFFFFFFFB
:10859000FFFFFFFFFFFFFFFFFFFFFFFFFFFFFFFFEB
:1085A000FFFFFFFFFFFFFFFFFFFFFFFFFFFFFFFFDB
:1085B000FFFFFFFFFFFFFFFFFFFFFFFFFFFFFFFFCB
:1085C000FFFFFFFFFFFFFFFFFFFFFFFFFFFFFFFFBB
:1085D000FFFFFFFFFFFFFFFFFFFFFFFFFFFFFFFFAB
:1085E000FFFFFFFFFFFFFFFFFFFFFFFFFFFFFFFF9B
:1085F000FFFFFFFFFFFFFFFFFFFFFFFFFFFFFFFF8B
:10860000FFFFFFFFFFFFFFFFFFFFFFFFFFFFFFFF7A
:10861000FFFFFFFFFFFFFFFFFFFFFFFFFFFFFFFF6A
:10862000FFFFFFFFFFFFFFFFFFFFFFFFFFFFFFFF5A
:10863000FFFFFFFFFFFFFFFFFFFFFFFFFFFFFFFF4A
:10864000FFFFFFFFFFFFFFFFFFFFFFFFFFFFFFFF3A
:10865000FFFFFFFFFFFFFFFFFFFFFFFFFFFFFFFF2A
:10866000FFFFFFFFFFFFFFFFFFFFFFFFFFFFFFFF1A
:10867000FFFFFFFFFFFFFFFFFFFFFFFFFFFFFFFF0A
:10868000FFFFFFFFFFFFFFFFFFFFFFFFFFFFFFFFFA
:10869000FFFFFFFFFFFFFFFFFFFFFFFFFFFFFFFFEA
:1086A000FFFFFFFFFFFFFFFFFFFFFFFFFFFFFFFFDA
:1086B000FFFFFFFFFFFFFFFFFFFFFFFFFFFFFFFFCA
:1086C000FFFFFFFFFFFFFFFFFFFFFFFFFFFFFFFFBA
:1086D000FFFFFFFFFFFFFFFFFFFFFFFFFFFFFFFFAA
:1086E000FFFFFFFFFFFFFFFFFFFFFFFFFFFFFFFF9A
:1086F000FFFFFFFFFFFFFFFFFFFFFFFFFFFFFFFF8A
:10870000FFFFFFFFFFFFFFFFFFFFFFFFFFFFFFFF79
:10871000FFFFFFFFFFFFFFFFFFFFFFFFFFFFFFFF69
:10872000FFFFFFFFFFFFFFFFFFFFFFFFFFFFFFFF59
:10873000FFFFFFFFFFFFFFFFFFFFFFFFFFFFFFFF49
:10874000FFFFFFFFFFFFFFFFFFFFFFFFFFFFFFFF39
:10875000FFFFFFFFFFFFFFFFFFFFFFFFFFFFFFFF29
:10876000FFFFFFFFFFFFFFFFFFFFFFFFFFFFFFFF19
:10877000FFFFFFFFFFFFFFFFFFFFFFFFFFFFFFFF09
:10878000FFFFFFFFFFFFFFFFFFFFFFFFFFFFFFFFF9
:10879000FFFFFFFFFFFFFFFFFFFFFFFFFFFFFFFFE9
:1087A000FFFFFFFFFFFFFFFFFFFFFFFFFFFFFFFFD9
:1087B000FFFFFFFFFFFFFFFFFFFFFFFFFFFFFFFFC9
:1087C000FFFFFFFFFFFFFFFFFFFFFFFFFFFFFFFFB9
:1087D000FFFFFFFFFFFFFFFFFFFFFFFFFFFFFFFFA9
:1087E000FFFFFFFFFFFFFFFFFFFFFFFFFFFFFFFF99
:1087F000FFFFFFFFFFFFFFFFFFFFFFFFFFFFFFFF89
:10880000FFFFFFFFFFFFFFFFFFFFFFFFFFFFFFFF78
:10881000FFFFFFFFFFFFFFFFFFFFFFFFFFFFFFFF68
:10882000FFFFFFFFFFFFFFFFFFFFFFFFFFFFFFFF58
:10883000FFFFFFFFFFFFFFFFFFFFFFFFFFFFFFFF48
:10884000FFFFFFFFFFFFFFFFFFFFFFFFFFFFFFFF38
:10885000FFFFFFFFFFFFFFFFFFFFFFFFFFFFFFFF28
:10886000FFFFFFFFFFFFFFFFFFFFFFFFFFFFFFFF18
:10887000FFFFFFFFFFFFFFFFFFFFFFFFFFFFFFFF08
:10888000FFFFFFFFFFFFFFFFFFFFFFFFFFFFFFFFF8
:10889000FFFFFFFFFFFFFFFFFFFFFFFFFFFFFFFFE8
:1088A000FFFFFFFFFFFFFFFFFFFFFFFFFFFFFFFFD8
:1088B000FFFFFFFFFFFFFFFFFFFFFFFFFFFFFFFFC8
:1088C000FFFFFFFFFFFFFFFFFFFFFFFFFFFFFFFFB8
:1088D000FFFFFFFFFFFFFFFFFFFFFFFFFFFFFFFFA8
:1088E000FFFFFFFFFFFFFFFFFFFFFFFFFFFFFFFF98
:1088F000FFFFFFFFFFFFFFFFFFFFFFFFFFFFFFFF88
:10890000FFFFFFFFFFFFFFFFFFFFFFFFFFFFFFFF77
:10891000FFFFFFFFFFFFFFFFFFFFFFFFFFFFFFFF67
:10892000FFFFFFFFFFFFFFFFFFFFFFFFFFFFFFFF57
:10893000FFFFFFFFFFFFFFFFFFFFFFFFFFFFFFFF47
:10894000FFFFFFFFFFFFFFFFFFFFFFFFFFFFFFFF37
:10895000FFFFFFFFFFFFFFFFFFFFFFFFFFFFFFFF27
:10896000FFFFFFFFFFFFFFFFFFFFFFFFFFFFFFFF17
:10897000FFFFFFFFFFFFFFFFFFFFFFFFFFFFFFFF07
:10898000FFFFFFFFFFFFFFFFFFFFFFFFFFFFFFFFF7
:10899000FFFFFFFFFFFFFFFFFFFFFFFFFFFFFFFFE7
:1089A000FFFFFFFFFFFFFFFFFFFFFFFFFFFFFFFFD7
:1089B000FFFFFFFFFFFFFFFFFFFFFFFFFFFFFFFFC7
:1089C000FFFFFFFFFFFFFFFFFFFFFFFFFFFFFFFFB7
:1089D000FFFFFFFFFFFFFFFFFFFFFFFFFFFFFFFFA7
:1089E000FFFFFFFFFFFFFFFFFFFFFFFFFFFFFFFF97
:1089F000FFFFFFFFFFFFFFFFFFFFFFFFFFFFFFFF87
:108A0000FFFFFFFFFFFFFFFFFFFFFFFFFFFFFFFF76
:108A1000FFFFFFFFFFFFFFFFFFFFFFFFFFFFFFFF66
:108A2000FFFFFFFFFFFFFFFFFFFFFFFFFFFFFFFF56
:108A3000FFFFFFFFFFFFFFFFFFFFFFFFFFFFFFFF46
:108A4000FFFFFFFFFFFFFFFFFFFFFFFFFFFFFFFF36
:108A5000FFFFFFFFFFFFFFFFFFFFFFFFFFFFFFFF26
:108A6000FFFFFFFFFFFFFFFFFFFFFFFFFFFFFFFF16
:108A7000FFFFFFFFFFFFFFFFFFFFFFFFFFFFFFFF06
:108A8000FFFFFFFFFFFFFFFFFFFFFFFFFFFFFFFFF6
:108A9000FFFFFFFFFFFFFFFFFFFFFFFFFFFFFFFFE6
:108AA000FFFFFFFFFFFFFFFFFFFFFFFFFFFFFFFFD6
:108AB000FFFFFFFFFFFFFFFFFFFFFFFFFFFFFFFFC6
:108AC000FFFFFFFFFFFFFFFFFFFFFFFFFFFFFFFFB6
:108AD000FFFFFFFFFFFFFFFFFFFFFFFFFFFFFFFFA6
:108AE000FFFFFFFFFFFFFFFFFFFFFFFFFFFFFFFF96
:108AF000FFFFFFFFFFFFFFFFFFFFFFFFFFFFFFFF86
:108B0000FFFFFFFFFFFFFFFFFFFFFFFFFFFFFFFF75
:108B1000FFFFFFFFFFFFFFFFFFFFFFFFFFFFFFFF65
:108B2000FFFFFFFFFFFFFFFFFFFFFFFFFFFFFFFF55
:108B3000FFFFFFFFFFFFFFFFFFFFFFFFFFFFFFFF45
:108B4000FFFFFFFFFFFFFFFFFFFFFFFFFFFFFFFF35
:108B5000FFFFFFFFFFFFFFFFFFFFFFFFFFFFFFFF25
:108B6000FFFFFFFFFFFFFFFFFFFFFFFFFFFFFFFF15
:108B7000FFFFFFFFFFFFFFFFFFFFFFFFFFFFFFFF05
:108B8000FFFFFFFFFFFFFFFFFFFFFFFFFFFFFFFFF5
:108B9000FFFFFFFFFFFFFFFFFFFFFFFFFFFFFFFFE5
:108BA000FFFFFFFFFFFFFFFFFFFFFFFFFFFFFFFFD5
:108BB000FFFFFFFFFFFFFFFFFFFFFFFFFFFFFFFFC5
:108BC000FFFFFFFFFFFFFFFFFFFFFFFFFFFFFFFFB5
:108BD000FFFFFFFFFFFFFFFFFFFFFFFFFFFFFFFFA5
:108BE000FFFFFFFFFFFFFFFFFFFFFFFFFFFFFFFF95
:108BF000FFFFFFFFFFFFFFFFFFFFFFFFFFFFFFFF85
:108C0000FFFFFFFFFFFFFFFFFFFFFFFFFFFFFFFF74
:108C1000FFFFFFFFFFFFFFFFFFFFFFFFFFFFFFFF64
:108C2000FFFFFFFFFFFFFFFFFFFFFFFFFFFFFFFF54
:108C3000FFFFFFFFFFFFFFFFFFFFFFFFFFFFFFFF44
:108C4000FFFFFFFFFFFFFFFFFFFFFFFFFFFFFFFF34
:108C5000FFFFFFFFFFFFFFFFFFFFFFFFFFFFFFFF24
:108C6000FFFFFFFFFFFFFFFFFFFFFFFFFFFFFFFF14
:108C7000FFFFFFFFFFFFFFFFFFFFFFFFFFFFFFFF04
:108C8000FFFFFFFFFFFFFFFFFFFFFFFFFFFFFFFFF4
:108C9000FFFFFFFFFFFFFFFFFFFFFFFFFFFFFFFFE4
:108CA000FFFFFFFFFFFFFFFFFFFFFFFFFFFFFFFFD4
:108CB000FFFFFFFFFFFFFFFFFFFFFFFFFFFFFFFFC4
:108CC000FFFFFFFFFFFFFFFFFFFFFFFFFFFFFFFFB4
:108CD000FFFFFFFFFFFFFFFFFFFFFFFFFFFFFFFFA4
:108CE000FFFFFFFFFFFFFFFFFFFFFFFFFFFFFFFF94
:108CF000FFFFFFFFFFFFFFFFFFFFFFFFFFFFFFFF84
:108D0000FFFFFFFFFFFFFFFFFFFFFFFFFFFFFFFF73
:108D1000FFFFFFFFFFFFFFFFFFFFFFFFFFFFFFFF63
:108D2000FFFFFFFFFFFFFFFFFFFFFFFFFFFFFFFF53
:108D3000FFFFFFFFFFFFFFFFFFFFFFFFFFFFFFFF43
:108D4000FFFFFFFFFFFFFFFFFFFFFFFFFFFFFFFF33
:108D5000FFFFFFFFFFFFFFFFFFFFFFFFFFFFFFFF23
:108D6000FFFFFFFFFFFFFFFFFFFFFFFFFFFFFFFF13
:108D7000FFFFFFFFFFFFFFFFFFFFFFFFFFFFFFFF03
:108D8000FFFFFFFFFFFFFFFFFFFFFFFFFFFFFFFFF3
:108D9000FFFFFFFFFFFFFFFFFFFFFFFFFFFFFFFFE3
:108DA000FFFFFFFFFFFFFFFFFFFFFFFFFFFFFFFFD3
:108DB000FFFFFFFFFFFFFFFFFFFFFFFFFFFFFFFFC3
:108DC000FFFFFFFFFFFFFFFFFFFFFFFFFFFFFFFFB3
:108DD000FFFFFFFFFFFFFFFFFFFFFFFFFFFFFFFFA3
:108DE000FFFFFFFFFFFFFFFFFFFFFFFFFFFFFFFF93
:108DF000FFFFFFFFFFFFFFFFFFFFFFFFFFFFFFFF83
:108E0000FFFFFFFFFFFFFFFFFFFFFFFFFFFFFFFF72
:108E1000FFFFFFFFFFFFFFFFFFFFFFFFFFFFFFFF62
:108E2000FFFFFFFFFFFFFFFFFFFFFFFFFFFFFFFF52
:108E3000FFFFFFFFFFFFFFFFFFFFFFFFFFFFFFFF42
:108E4000FFFFFFFFFFFFFFFFFFFFFFFFFFFFFFFF32
:108E5000FFFFFFFFFFFFFFFFFFFFFFFFFFFFFFFF22
:108E6000FFFFFFFFFFFFFFFFFFFFFFFFFFFFFFFF12
:108E7000FFFFFFFFFFFFFFFFFFFFFFFFFFFFFFFF02
:108E8000FFFFFFFFFFFFFFFFFFFFFFFFFFFFFFFFF2
:108E9000FFFFFFFFFFFFFFFFFFFFFFFFFFFFFFFFE2
:108EA000FFFFFFFFFFFFFFFFFFFFFFFFFFFFFFFFD2
:108EB000FFFFFFFFFFFFFFFFFFFFFFFFFFFFFFFFC2
:108EC000FFFFFFFFFFFFFFFFFFFFFFFFFFFFFFFFB2
:108ED000FFFFFFFFFFFFFFFFFFFFFFFFFFFFFFFFA2
:108EE000FFFFFFFFFFFFFFFFFFFFFFFFFFFFFFFF92
:108EF000FFFFFFFFFFFFFFFFFFFFFFFFFFFFFFFF82
:108F0000FFFFFFFFFFFFFFFFFFFFFFFFFFFFFFFF71
:108F1000FFFFFFFFFFFFFFFFFFFFFFFFFFFFFFFF61
:108F2000FFFFFFFFFFFFFFFFFFFFFFFFFFFFFFFF51
:108F3000FFFFFFFFFFFFFFFFFFFFFFFFFFFFFFFF41
:108F4000FFFFFFFFFFFFFFFFFFFFFFFFFFFFFFFF31
:108F5000FFFFFFFFFFFFFFFFFFFFFFFFFFFFFFFF21
:108F6000FFFFFFFFFFFFFFFFFFFFFFFFFFFFFFFF11
:108F7000FFFFFFFFFFFFFFFFFFFFFFFFFFFFFFFF01
:108F8000FFFFFFFFFFFFFFFFFFFFFFFFFFFFFFFFF1
:108F9000FFFFFFFFFFFFFFFFFFFFFFFFFFFFFFFFE1
:108FA000FFFFFFFFFFFFFFFFFFFFFFFFFFFFFFFFD1
:108FB000FFFFFFFFFFFFFFFFFFFFFFFFFFFFFFFFC1
:108FC000FFFFFFFFFFFFFFFFFFFFFFFFFFFFFFFFB1
:108FD000FFFFFFFFFFFFFFFFFFFFFFFFFFFFFFFFA1
:108FE000FFFFFFFFFFFFFFFFFFFFFFFFFFFFFFFF91
:108FF000FFFFFFFFFFFFFFFFFFFFFFFFFFFFFFFF81
:10900000FFFFFFFFFFFFFFFFFFFFFFFFFFFFFFFF70
:10901000FFFFFFFFFFFFFFFFFFFFFFFFFFFFFFFF60
:10902000FFFFFFFFFFFFFFFFFFFFFFFFFFFFFFFF50
:10903000FFFFFFFFFFFFFFFFFFFFFFFFFFFFFFFF40
:10904000FFFFFFFFFFFFFFFFFFFFFFFFFFFFFFFF30
:10905000FFFFFFFFFFFFFFFFFFFFFFFFFFFFFFFF20
:10906000FFFFFFFFFFFFFFFFFFFFFFFFFFFFFFFF10
:10907000FFFFFFFFFFFFFFFFFFFFFFFFFFFFFFFF00
:10908000FFFFFFFFFFFFFFFFFFFFFFFFFFFFFFFFF0
:10909000FFFFFFFFFFFFFFFFFFFFFFFFFFFFFFFFE0
:1090A000FFFFFFFFFFFFFFFFFFFFFFFFFFFFFFFFD0
:1090B000FFFFFFFFFFFFFFFFFFFFFFFFFFFFFFFFC0
:1090C000FFFFFFFFFFFFFFFFFFFFFFFFFFFFFFFFB0
:1090D000FFFFFFFFFFFFFFFFFFFFFFFFFFFFFFFFA0
:1090E000FFFFFFFFFFFFFFFFFFFFFFFFFFFFFFFF90
:1090F000FFFFFFFFFFFFFFFFFFFFFFFFFFFFFFFF80
:10910000FFFFFFFFFFFFFFFFFFFFFFFFFFFFFFFF6F
:10911000FFFFFFFFFFFFFFFFFFFFFFFFFFFFFFFF5F
:10912000FFFFFFFFFFFFFFFFFFFFFFFFFFFFFFFF4F
:10913000FFFFFFFFFFFFFFFFFFFFFFFFFFFFFFFF3F
:10914000FFFFFFFFFFFFFFFFFFFFFFFFFFFFFFFF2F
:10915000FFFFFFFFFFFFFFFFFFFFFFFFFFFFFFFF1F
:10916000FFFFFFFFFFFFFFFFFFFFFFFFFFFFFFFF0F
:10917000FFFFFFFFFFFFFFFFFFFFFFFFFFFFFFFFFF
:10918000FFFFFFFFFFFFFFFFFFFFFFFFFFFFFFFFEF
:10919000FFFFFFFFFFFFFFFFFFFFFFFFFFFFFFFFDF
:1091A000FFFFFFFFFFFFFFFFFFFFFFFFFFFFFFFFCF
:1091B000FFFFFFFFFFFFFFFFFFFFFFFFFFFFFFFFBF
:1091C000FFFFFFFFFFFFFFFFFFFFFFFFFFFFFFFFAF
:1091D000FFFFFFFFFFFFFFFFFFFFFFFFFFFFFFFF9F
:1091E000FFFFFFFFFFFFFFFFFFFFFFFFFFFFFFFF8F
:1091F000FFFFFFFFFFFFFFFFFFFFFFFFFFFFFFFF7F
:10920000FFFFFFFFFFFFFFFFFFFFFFFFFFFFFFFF6E
:10921000FFFFFFFFFFFFFFFFFFFFFFFFFFFFFFFF5E
:10922000FFFFFFFFFFFFFFFFFFFFFFFFFFFFFFFF4E
:10923000FFFFFFFFFFFFFFFFFFFFFFFFFFFFFFFF3E
:10924000FFFFFFFFFFFFFFFFFFFFFFFFFFFFFFFF2E
:10925000FFFFFFFFFFFFFFFFFFFFFFFFFFFFFFFF1E
:10926000FFFFFFFFFFFFFFFFFFFFFFFFFFFFFFFF0E
:10927000FFFFFFFFFFFFFFFFFFFFFFFFFFFFFFFFFE
:10928000FFFFFFFFFFFFFFFFFFFFFFFFFFFFFFFFEE
:10929000FFFFFFFFFFFFFFFFFFFFFFFFFFFFFFFFDE
:1092A000FFFFFFFFFFFFFFFFFFFFFFFFFFFFFFFFCE
:1092B000FFFFFFFFFFFFFFFFFFFFFFFFFFFFFFFFBE
:1092C000FFFFFFFFFFFFFFFFFFFFFFFFFFFFFFFFAE
:1092D000FFFFFFFFFFFFFFFFFFFFFFFFFFFFFFFF9E
:1092E000FFFFFFFFFFFFFFFFFFFFFFFFFFFFFFFF8E
:1092F000FFFFFFFFFFFFFFFFFFFFFFFFFFFFFFFF7E
:10930000FFFFFFFFFFFFFFFFFFFFFFFFFFFFFFFF6D
:10931000FFFFFFFFFFFFFFFFFFFFFFFFFFFFFFFF5D
:10932000FFFFFFFFFFFFFFFFFFFFFFFFFFFFFFFF4D
:10933000FFFFFFFFFFFFFFFFFFFFFFFFFFFFFFFF3D
:10934000FFFFFFFFFFFFFFFFFFFFFFFFFFFFFFFF2D
:10935000FFFFFFFFFFFFFFFFFFFFFFFFFFFFFFFF1D
:10936000FFFFFFFFFFFFFFFFFFFFFFFFFFFFFFFF0D
:10937000FFFFFFFFFFFFFFFFFFFFFFFFFFFFFFFFFD
:10938000FFFFFFFFFFFFFFFFFFFFFFFFFFFFFFFFED
:10939000FFFFFFFFFFFFFFFFFFFFFFFFFFFFFFFFDD
:1093A000FFFFFFFFFFFFFFFFFFFFFFFFFFFFFFFFCD
:1093B000FFFFFFFFFFFFFFFFFFFFFFFFFFFFFFFFBD
:1093C000FFFFFFFFFFFFFFFFFFFFFFFFFFFFFFFFAD
:1093D000FFFFFFFFFFFFFFFFFFFFFFFFFFFFFFFF9D
:1093E000FFFFFFFFFFFFFFFFFFFFFFFFFFFFFFFF8D
:1093F000FFFFFFFFFFFFFFFFFFFFFFFFFFFFFFFF7D
:10940000FFFFFFFFFFFFFFFFFFFFFFFFFFFFFFFF6C
:10941000FFFFFFFFFFFFFFFFFFFFFFFFFFFFFFFF5C
:10942000FFFFFFFFFFFFFFFFFFFFFFFFFFFFFFFF4C
:10943000FFFFFFFFFFFFFFFFFFFFFFFFFFFFFFFF3C
:10944000FFFFFFFFFFFFFFFFFFFFFFFFFFFFFFFF2C
:10945000FFFFFFFFFFFFFFFFFFFFFFFFFFFFFFFF1C
:10946000FFFFFFFFFFFFFFFFFFFFFFFFFFFFFFFF0C
:10947000FFFFFFFFFFFFFFFFFFFFFFFFFFFFFFFFFC
:10948000FFFFFFFFFFFFFFFFFFFFFFFFFFFFFFFFEC
:10949000FFFFFFFFFFFFFFFFFFFFFFFFFFFFFFFFDC
:1094A000FFFFFFFFFFFFFFFFFFFFFFFFFFFFFFFFCC
:1094B000FFFFFFFFFFFFFFFFFFFFFFFFFFFFFFFFBC
:1094C000FFFFFFFFFFFFFFFFFFFFFFFFFFFFFFFFAC
:1094D000FFFFFFFFFFFFFFFFFFFFFFFFFFFFFFFF9C
:1094E000FFFFFFFFFFFFFFFFFFFFFFFFFFFFFFFF8C
:1094F000FFFFFFFFFFFFFFFFFFFFFFFFFFFFFFFF7C
:10950000FFFFFFFFFFFFFFFFFFFFFFFFFFFFFFFF6B
:10951000FFFFFFFFFFFFFFFFFFFFFFFFFFFFFFFF5B
:10952000FFFFFFFFFFFFFFFFFFFFFFFFFFFFFFFF4B
:10953000FFFFFFFFFFFFFFFFFFFFFFFFFFFFFFFF3B
:10954000FFFFFFFFFFFFFFFFFFFFFFFFFFFFFFFF2B
:10955000FFFFFFFFFFFFFFFFFFFFFFFFFFFFFFFF1B
:10956000FFFFFFFFFFFFFFFFFFFFFFFFFFFFFFFF0B
:10957000FFFFFFFFFFFFFFFFFFFFFFFFFFFFFFFFFB
:10958000FFFFFFFFFFFFFFFFFFFFFFFFFFFFFFFFEB
:10959000FFFFFFFFFFFFFFFFFFFFFFFFFFFFFFFFDB
:1095A000FFFFFFFFFFFFFFFFFFFFFFFFFFFFFFFFCB
:1095B000FFFFFFFFFFFFFFFFFFFFFFFFFFFFFFFFBB
:1095C000FFFFFFFFFFFFFFFFFFFFFFFFFFFFFFFFAB
:1095D000FFFFFFFFFFFFFFFFFFFFFFFFFFFFFFFF9B
:1095E000FFFFFFFFFFFFFFFFFFFFFFFFFFFFFFFF8B
:1095F000FFFFFFFFFFFFFFFFFFFFFFFFFFFFFFFF7B
:10960000FFFFFFFFFFFFFFFFFFFFFFFFFFFFFFFF6A
:10961000FFFFFFFFFFFFFFFFFFFFFFFFFFFFFFFF5A
:10962000FFFFFFFFFFFFFFFFFFFFFFFFFFFFFFFF4A
:10963000FFFFFFFFFFFFFFFFFFFFFFFFFFFFFFFF3A
:10964000FFFFFFFFFFFFFFFFFFFFFFFFFFFFFFFF2A
:10965000FFFFFFFFFFFFFFFFFFFFFFFFFFFFFFFF1A
:10966000FFFFFFFFFFFFFFFFFFFFFFFFFFFFFFFF0A
:10967000FFFFFFFFFFFFFFFFFFFFFFFFFFFFFFFFFA
:10968000FFFFFFFFFFFFFFFFFFFFFFFFFFFFFFFFEA
:10969000FFFFFFFFFFFFFFFFFFFFFFFFFFFFFFFFDA
:1096A000FFFFFFFFFFFFFFFFFFFFFFFFFFFFFFFFCA
:1096B000FFFFFFFFFFFFFFFFFFFFFFFFFFFFFFFFBA
:1096C000FFFFFFFFFFFFFFFFFFFFFFFFFFFFFFFFAA
:1096D000FFFFFFFFFFFFFFFFFFFFFFFFFFFFFFFF9A
:1096E000FFFFFFFFFFFFFFFFFFFFFFFFFFFFFFFF8A
:1096F000FFFFFFFFFFFFFFFFFFFFFFFFFFFFFFFF7A
:10970000FFFFFFFFFFFFFFFFFFFFFFFFFFFFFFFF69
:10971000FFFFFFFFFFFFFFFFFFFFFFFFFFFFFFFF59
:10972000FFFFFFFFFFFFFFFFFFFFFFFFFFFFFFFF49
:10973000FFFFFFFFFFFFFFFFFFFFFFFFFFFFFFFF39
:10974000FFFFFFFFFFFFFFFFFFFFFFFFFFFFFFFF29
:10975000FFFFFFFFFFFFFFFFFFFFFFFFFFFFFFFF19
:10976000FFFFFFFFFFFFFFFFFFFFFFFFFFFFFFFF09
:10977000FFFFFFFFFFFFFFFFFFFFFFFFFFFFFFFFF9
:10978000FFFFFFFFFFFFFFFFFFFFFFFFFFFFFFFFE9
:10979000FFFFFFFFFFFFFFFFFFFFFFFFFFFFFFFFD9
:1097A000FFFFFFFFFFFFFFFFFFFFFFFFFFFFFFFFC9
:1097B000FFFFFFFFFFFFFFFFFFFFFFFFFFFFFFFFB9
:1097C000FFFFFFFFFFFFFFFFFFFFFFFFFFFFFFFFA9
:1097D000FFFFFFFFFFFFFFFFFFFFFFFFFFFFFFFF99
:1097E000FFFFFFFFFFFFFFFFFFFFFFFFFFFFFFFF89
:1097F000FFFFFFFFFFFFFFFFFFFFFFFFFFFFFFFF79
:10980000FFFFFFFFFFFFFFFFFFFFFFFFFFFFFFFF68
:10981000FFFFFFFFFFFFFFFFFFFFFFFFFFFFFFFF58
:10982000FFFFFFFFFFFFFFFFFFFFFFFFFFFFFFFF48
:10983000FFFFFFFFFFFFFFFFFFFFFFFFFFFFFFFF38
:10984000FFFFFFFFFFFFFFFFFFFFFFFFFFFFFFFF28
:10985000FFFFFFFFFFFFFFFFFFFFFFFFFFFFFFFF18
:10986000FFFFFFFFFFFFFFFFFFFFFFFFFFFFFFFF08
:10987000FFFFFFFFFFFFFFFFFFFFFFFFFFFFFFFFF8
:10988000FFFFFFFFFFFFFFFFFFFFFFFFFFFFFFFFE8
:10989000FFFFFFFFFFFFFFFFFFFFFFFFFFFFFFFFD8
:1098A000FFFFFFFFFFFFFFFFFFFFFFFFFFFFFFFFC8
:1098B000FFFFFFFFFFFFFFFFFFFFFFFFFFFFFFFFB8
:1098C000FFFFFFFFFFFFFFFFFFFFFFFFFFFFFFFFA8
:1098D000FFFFFFFFFFFFFFFFFFFFFFFFFFFFFFFF98
:1098E000FFFFFFFFFFFFFFFFFFFFFFFFFFFFFFFF88
:1098F000FFFFFFFFFFFFFFFFFFFFFFFFFFFFFFFF78
:10990000FFFFFFFFFFFFFFFFFFFFFFFFFFFFFFFF67
:10991000FFFFFFFFFFFFFFFFFFFFFFFFFFFFFFFF57
:10992000FFFFFFFFFFFFFFFFFFFFFFFFFFFFFFFF47
:10993000FFFFFFFFFFFFFFFFFFFFFFFFFFFFFFFF37
:10994000FFFFFFFFFFFFFFFFFFFFFFFFFFFFFFFF27
:10995000FFFFFFFFFFFFFFFFFFFFFFFFFFFFFFFF17
:10996000FFFFFFFFFFFFFFFFFFFFFFFFFFFFFFFF07
:10997000FFFFFFFFFFFFFFFFFFFFFFFFFFFFFFFFF7
:10998000FFFFFFFFFFFFFFFFFFFFFFFFFFFFFFFFE7
:10999000FFFFFFFFFFFFFFFFFFFFFFFFFFFFFFFFD7
:1099A000FFFFFFFFFFFFFFFFFFFFFFFFFFFFFFFFC7
:1099B000FFFFFFFFFFFFFFFFFFFFFFFFFFFFFFFFB7
:1099C000FFFFFFFFFFFFFFFFFFFFFFFFFFFFFFFFA7
:1099D000FFFFFFFFFFFFFFFFFFFFFFFFFFFFFFFF97
:1099E000FFFFFFFFFFFFFFFFFFFFFFFFFFFFFFFF87
:1099F000FFFFFFFFFFFFFFFFFFFFFFFFFFFFFFFF77
:109A0000FFFFFFFFFFFFFFFFFFFFFFFFFFFFFFFF66
:109A1000FFFFFFFFFFFFFFFFFFFFFFFFFFFFFFFF56
:109A2000FFFFFFFFFFFFFFFFFFFFFFFFFFFFFFFF46
:109A3000FFFFFFFFFFFFFFFFFFFFFFFFFFFFFFFF36
:109A4000FFFFFFFFFFFFFFFFFFFFFFFFFFFFFFFF26
:109A5000FFFFFFFFFFFFFFFFFFFFFFFFFFFFFFFF16
:109A6000FFFFFFFFFFFFFFFFFFFFFFFFFFFFFFFF06
:109A7000FFFFFFFFFFFFFFFFFFFFFFFFFFFFFFFFF6
:109A8000FFFFFFFFFFFFFFFFFFFFFFFFFFFFFFFFE6
:109A9000FFFFFFFFFFFFFFFFFFFFFFFFFFFFFFFFD6
:109AA000FFFFFFFFFFFFFFFFFFFFFFFFFFFFFFFFC6
:109AB000FFFFFFFFFFFFFFFFFFFFFFFFFFFFFFFFB6
:109AC000FFFFFFFFFFFFFFFFFFFFFFFFFFFFFFFFA6
:109AD000FFFFFFFFFFFFFFFFFFFFFFFFFFFFFFFF96
:109AE000FFFFFFFFFFFFFFFFFFFFFFFFFFFFFFFF86
:109AF000FFFFFFFFFFFFFFFFFFFFFFFFFFFFFFFF76
:109B0000FFFFFFFFFFFFFFFFFFFFFFFFFFFFFFFF65
:109B1000FFFFFFFFFFFFFFFFFFFFFFFFFFFFFFFF55
:109B2000FFFFFFFFFFFFFFFFFFFFFFFFFFFFFFFF45
:109B3000FFFFFFFFFFFFFFFFFFFFFFFFFFFFFFFF35
:109B4000FFFFFFFFFFFFFFFFFFFFFFFFFFFFFFFF25
:109B5000FFFFFFFFFFFFFFFFFFFFFFFFFFFFFFFF15
:109B6000FFFFFFFFFFFFFFFFFFFFFFFFFFFFFFFF05
:109B7000FFFFFFFFFFFFFFFFFFFFFFFFFFFFFFFFF5
:109B8000FFFFFFFFFFFFFFFFFFFFFFFFFFFFFFFFE5
:109B9000FFFFFFFFFFFFFFFFFFFFFFFFFFFFFFFFD5
:109BA000FFFFFFFFFFFFFFFFFFFFFFFFFFFFFFFFC5
:109BB000FFFFFFFFFFFFFFFFFFFFFFFFFFFFFFFFB5
:109BC000FFFFFFFFFFFFFFFFFFFFFFFFFFFFFFFFA5
:109BD000FFFFFFFFFFFFFFFFFFFFFFFFFFFFFFFF95
:109BE000FFFFFFFFFFFFFFFFFFFFFFFFFFFFFFFF85
:109BF000FFFFFFFFFFFFFFFFFFFFFFFFFFFFFFFF75
:109C0000FFFFFFFFFFFFFFFFFFFFFFFFFFFFFFFF64
:109C1000FFFFFFFFFFFFFFFFFFFFFFFFFFFFFFFF54
:109C2000FFFFFFFFFFFFFFFFFFFFFFFFFFFFFFFF44
:109C3000FFFFFFFFFFFFFFFFFFFFFFFFFFFFFFFF34
:109C4000FFFFFFFFFFFFFFFFFFFFFFFFFFFFFFFF24
:109C5000FFFFFFFFFFFFFFFFFFFFFFFFFFFFFFFF14
:109C6000FFFFFFFFFFFFFFFFFFFFFFFFFFFFFFFF04
:109C7000FFFFFFFFFFFFFFFFFFFFFFFFFFFFFFFFF4
:109C8000FFFFFFFFFFFFFFFFFFFFFFFFFFFFFFFFE4
:109C9000FFFFFFFFFFFFFFFFFFFFFFFFFFFFFFFFD4
:109CA000FFFFFFFFFFFFFFFFFFFFFFFFFFFFFFFFC4
:109CB000FFFFFFFFFFFFFFFFFFFFFFFFFFFFFFFFB4
:109CC000FFFFFFFFFFFFFFFFFFFFFFFFFFFFFFFFA4
:109CD000FFFFFFFFFFFFFFFFFFFFFFFFFFFFFFFF94
:109CE000FFFFFFFFFFFFFFFFFFFFFFFFFFFFFFFF84
:109CF000FFFFFFFFFFFFFFFFFFFFFFFFFFFFFFFF74
:109D0000FFFFFFFFFFFFFFFFFFFFFFFFFFFFFFFF63
:109D1000FFFFFFFFFFFFFFFFFFFFFFFFFFFFFFFF53
:109D2000FFFFFFFFFFFFFFFFFFFFFFFFFFFFFFFF43
:109D3000FFFFFFFFFFFFFFFFFFFFFFFFFFFFFFFF33
:109D4000FFFFFFFFFFFFFFFFFFFFFFFFFFFFFFFF23
:109D5000FFFFFFFFFFFFFFFFFFFFFFFFFFFFFFFF13
:109D6000FFFFFFFFFFFFFFFFFFFFFFFFFFFFFFFF03
:109D7000FFFFFFFFFFFFFFFFFFFFFFFFFFFFFFFFF3
:109D8000FFFFFFFFFFFFFFFFFFFFFFFFFFFFFFFFE3
:109D9000FFFFFFFFFFFFFFFFFFFFFFFFFFFFFFFFD3
:109DA000FFFFFFFFFFFFFFFFFFFFFFFFFFFFFFFFC3
:109DB000FFFFFFFFFFFFFFFFFFFFFFFFFFFFFFFFB3
:109DC000FFFFFFFFFFFFFFFFFFFFFFFFFFFFFFFFA3
:109DD000FFFFFFFFFFFFFFFFFFFFFFFFFFFFFFFF93
:109DE000FFFFFFFFFFFFFFFFFFFFFFFFFFFFFFFF83
:109DF000FFFFFFFFFFFFFFFFFFFFFFFFFFFFFFFF73
:109E0000FFFFFFFFFFFFFFFFFFFFFFFFFFFFFFFF62
:109E1000FFFFFFFFFFFFFFFFFFFFFFFFFFFFFFFF52
:109E2000FFFFFFFFFFFFFFFFFFFFFFFFFFFFFFFF42
:109E3000FFFFFFFFFFFFFFFFFFFFFFFFFFFFFFFF32
:109E4000FFFFFFFFFFFFFFFFFFFFFFFFFFFFFFFF22
:109E5000FFFFFFFFFFFFFFFFFFFFFFFFFFFFFFFF12
:109E6000FFFFFFFFFFFFFFFFFFFFFFFFFFFFFFFF02
:109E7000FFFFFFFFFFFFFFFFFFFFFFFFFFFFFFFFF2
:109E8000FFFFFFFFFFFFFFFFFFFFFFFFFFFFFFFFE2
:109E9000FFFFFFFFFFFFFFFFFFFFFFFFFFFFFFFFD2
:109EA000FFFFFFFFFFFFFFFFFFFFFFFFFFFFFFFFC2
:109EB000FFFFFFFFFFFFFFFFFFFFFFFFFFFFFFFFB2
:109EC000FFFFFFFFFFFFFFFFFFFFFFFFFFFFFFFFA2
:109ED000FFFFFFFFFFFFFFFFFFFFFFFFFFFFFFFF92
:109EE000FFFFFFFFFFFFFFFFFFFFFFFFFFFFFFFF82
:109EF000FFFFFFFFFFFFFFFFFFFFFFFFFFFFFFFF72
:109F0000FFFFFFFFFFFFFFFFFFFFFFFFFFFFFFFF61
:109F1000FFFFFFFFFFFFFFFFFFFFFFFFFFFFFFFF51
:109F2000FFFFFFFFFFFFFFFFFFFFFFFFFFFFFFFF41
:109F3000FFFFFFFFFFFFFFFFFFFFFFFFFFFFFFFF31
:109F4000FFFFFFFFFFFFFFFFFFFFFFFFFFFFFFFF21
:109F5000FFFFFFFFFFFFFFFFFFFFFFFFFFFFFFFF11
:109F6000FFFFFFFFFFFFFFFFFFFFFFFFFFFFFFFF01
:109F7000FFFFFFFFFFFFFFFFFFFFFFFFFFFFFFFFF1
:109F8000FFFFFFFFFFFFFFFFFFFFFFFFFFFFFFFFE1
:109F9000FFFFFFFFFFFFFFFFFFFFFFFFFFFFFFFFD1
:109FA000FFFFFFFFFFFFFFFFFFFFFFFFFFFFFFFFC1
:109FB000FFFFFFFFFFFFFFFFFFFFFFFFFFFFFFFFB1
:109FC000FFFFFFFFFFFFFFFFFFFFFFFFFFFFFFFFA1
:109FD000FFFFFFFFFFFFFFFFFFFFFFFFFFFFFFFF91
:109FE000FFFFFFFFFFFFFFFFFFFFFFFFFFFFFFFF81
:109FF000FFFFFFFFFFFFFFFFFFFFFFFFFFFFFFFF71
:10A00000FFFFFFFFFFFFFFFFFFFFFFFFFFFFFFFF60
:10A01000FFFFFFFFFFFFFFFFFFFFFFFFFFFFFFFF50
:10A02000FFFFFFFFFFFFFFFFFFFFFFFFFFFFFFFF40
:10A03000FFFFFFFFFFFFFFFFFFFFFFFFFFFFFFFF30
:10A04000FFFFFFFFFFFFFFFFFFFFFFFFFFFFFFFF20
:10A05000FFFFFFFFFFFFFFFFFFFFFFFFFFFFFFFF10
:10A06000FFFFFFFFFFFFFFFFFFFFFFFFFFFFFFFF00
:10A07000FFFFFFFFFFFFFFFFFFFFFFFFFFFFFFFFF0
:10A08000FFFFFFFFFFFFFFFFFFFFFFFFFFFFFFFFE0
:10A09000FFFFFFFFFFFFFFFFFFFFFFFFFFFFFFFFD0
:10A0A000FFFFFFFFFFFFFFFFFFFFFFFFFFFFFFFFC0
:10A0B000FFFFFFFFFFFFFFFFFFFFFFFFFFFFFFFFB0
:10A0C000FFFFFFFFFFFFFFFFFFFFFFFFFFFFFFFFA0
:10A0D000FFFFFFFFFFFFFFFFFFFFFFFFFFFFFFFF90
:10A0E000FFFFFFFFFFFFFFFFFFFFFFFFFFFFFFFF80
:10A0F000FFFFFFFFFFFFFFFFFFFFFFFFFFFFFFFF70
:10A10000FFFFFFFFFFFFFFFFFFFFFFFFFFFFFFFF5F
:10A11000FFFFFFFFFFFFFFFFFFFFFFFFFFFFFFFF4F
:10A12000FFFFFFFFFFFFFFFFFFFFFFFFFFFFFFFF3F
:10A13000FFFFFFFFFFFFFFFFFFFFFFFFFFFFFFFF2F
:10A14000FFFFFFFFFFFFFFFFFFFFFFFFFFFFFFFF1F
:10A15000FFFFFFFFFFFFFFFFFFFFFFFFFFFFFFFF0F
:10A16000FFFFFFFFFFFFFFFFFFFFFFFFFFFFFFFFFF
:10A17000FFFFFFFFFFFFFFFFFFFFFFFFFFFFFFFFEF
:10A18000FFFFFFFFFFFFFFFFFFFFFFFFFFFFFFFFDF
:10A19000FFFFFFFFFFFFFFFFFFFFFFFFFFFFFFFFCF
:10A1A000FFFFFFFFFFFFFFFFFFFFFFFFFFFFFFFFBF
:10A1B000FFFFFFFFFFFFFFFFFFFFFFFFFFFFFFFFAF
:10A1C000FFFFFFFFFFFFFFFFFFFFFFFFFFFFFFFF9F
:10A1D000FFFFFFFFFFFFFFFFFFFFFFFFFFFFFFFF8F
:10A1E000FFFFFFFFFFFFFFFFFFFFFFFFFFFFFFFF7F
:10A1F000FFFFFFFFFFFFFFFFFFFFFFFFFFFFFFFF6F
:10A20000FFFFFFFFFFFFFFFFFFFFFFFFFFFFFFFF5E
:10A21000FFFFFFFFFFFFFFFFFFFFFFFFFFFFFFFF4E
:10A22000FFFFFFFFFFFFFFFFFFFFFFFFFFFFFFFF3E
:10A23000FFFFFFFFFFFFFFFFFFFFFFFFFFFFFFFF2E
:10A24000FFFFFFFFFFFFFFFFFFFFFFFFFFFFFFFF1E
:10A25000FFFFFFFFFFFFFFFFFFFFFFFFFFFFFFFF0E
:10A26000FFFFFFFFFFFFFFFFFFFFFFFFFFFFFFFFFE
:10A27000FFFFFFFFFFFFFFFFFFFFFFFFFFFFFFFFEE
:10A28000FFFFFFFFFFFFFFFFFFFFFFFFFFFFFFFFDE
:10A29000FFFFFFFFFFFFFFFFFFFFFFFFFFFFFFFFCE
:10A2A000FFFFFFFFFFFFFFFFFFFFFFFFFFFFFFFFBE
:10A2B000FFFFFFFFFFFFFFFFFFFFFFFFFFFFFFFFAE
:10A2C000FFFFFFFFFFFFFFFFFFFFFFFFFFFFFFFF9E
:10A2D000FFFFFFFFFFFFFFFFFFFFFFFFFFFFFFFF8E
:10A2E000FFFFFFFFFFFFFFFFFFFFFFFFFFFFFFFF7E
:10A2F000FFFFFFFFFFFFFFFFFFFFFFFFFFFFFFFF6E
:10A30000FFFFFFFFFFFFFFFFFFFFFFFFFFFFFFFF5D
:10A31000FFFFFFFFFFFFFFFFFFFFFFFFFFFFFFFF4D
:10A32000FFFFFFFFFFFFFFFFFFFFFFFFFFFFFFFF3D
:10A33000FFFFFFFFFFFFFFFFFFFFFFFFFFFFFFFF2D
:10A34000FFFFFFFFFFFFFFFFFFFFFFFFFFFFFFFF1D
:10A35000FFFFFFFFFFFFFFFFFFFFFFFFFFFFFFFF0D
:10A36000FFFFFFFFFFFFFFFFFFFFFFFFFFFFFFFFFD
:10A37000FFFFFFFFFFFFFFFFFFFFFFFFFFFFFFFFED
:10A38000FFFFFFFFFFFFFFFFFFFFFFFFFFFFFFFFDD
:10A39000FFFFFFFFFFFFFFFFFFFFFFFFFFFFFFFFCD
:10A3A000FFFFFFFFFFFFFFFFFFFFFFFFFFFFFFFFBD
:10A3B000FFFFFFFFFFFFFFFFFFFFFFFFFFFFFFFFAD
:10A3C000FFFFFFFFFFFFFFFFFFFFFFFFFFFFFFFF9D
:10A3D000FFFFFFFFFFFFFFFFFFFFFFFFFFFFFFFF8D
:10A3E000FFFFFFFFFFFFFFFFFFFFFFFFFFFFFFFF7D
:10A3F000FFFFFFFFFFFFFFFFFFFFFFFFFFFFFFFF6D
:10A40000FFFFFFFFFFFFFFFFFFFFFFFFFFFFFFFF5C
:10A41000FFFFFFFFFFFFFFFFFFFFFFFFFFFFFFFF4C
:10A42000FFFFFFFFFFFFFFFFFFFFFFFFFFFFFFFF3C
:10A43000FFFFFFFFFFFFFFFFFFFFFFFFFFFFFFFF2C
:10A44000FFFFFFFFFFFFFFFFFFFFFFFFFFFFFFFF1C
:10A45000FFFFFFFFFFFFFFFFFFFFFFFFFFFFFFFF0C
:10A46000FFFFFFFFFFFFFFFFFFFFFFFFFFFFFFFFFC
:10A47000FFFFFFFFFFFFFFFFFFFFFFFFFFFFFFFFEC
:10A48000FFFFFFFFFFFFFFFFFFFFFFFFFFFFFFFFDC
:10A49000FFFFFFFFFFFFFFFFFFFFFFFFFFFFFFFFCC
:10A4A000FFFFFFFFFFFFFFFFFFFFFFFFFFFFFFFFBC
:10A4B000FFFFFFFFFFFFFFFFFFFFFFFFFFFFFFFFAC
:10A4C000FFFFFFFFFFFFFFFFFFFFFFFFFFFFFFFF9C
:10A4D000FFFFFFFFFFFFFFFFFFFFFFFFFFFFFFFF8C
:10A4E000FFFFFFFFFFFFFFFFFFFFFFFFFFFFFFFF7C
:10A4F000FFFFFFFFFFFFFFFFFFFFFFFFFFFFFFFF6C
:10A50000FFFFFFFFFFFFFFFFFFFFFFFFFFFFFFFF5B
:10A51000FFFFFFFFFFFFFFFFFFFFFFFFFFFFFFFF4B
:10A52000FFFFFFFFFFFFFFFFFFFFFFFFFFFFFFFF3B
:10A53000FFFFFFFFFFFFFFFFFFFFFFFFFFFFFFFF2B
:10A54000FFFFFFFFFFFFFFFFFFFFFFFFFFFFFFFF1B
:10A55000FFFFFFFFFFFFFFFFFFFFFFFFFFFFFFFF0B
:10A56000FFFFFFFFFFFFFFFFFFFFFFFFFFFFFFFFFB
:10A57000FFFFFFFFFFFFFFFFFFFFFFFFFFFFFFFFEB
:10A58000FFFFFFFFFFFFFFFFFFFFFFFFFFFFFFFFDB
:10A59000FFFFFFFFFFFFFFFFFFFFFFFFFFFFFFFFCB
:10A5A000FFFFFFFFFFFFFFFFFFFFFFFFFFFFFFFFBB
:10A5B000FFFFFFFFFFFFFFFFFFFFFFFFFFFFFFFFAB
:10A5C000FFFFFFFFFFFFFFFFFFFFFFFFFFFFFFFF9B
:10A5D000FFFFFFFFFFFFFFFFFFFFFFFFFFFFFFFF8B
:10A5E000FFFFFFFFFFFFFFFFFFFFFFFFFFFFFFFF7B
:10A5F000FFFFFFFFFFFFFFFFFFFFFFFFFFFFFFFF6B
:10A60000FFFFFFFFFFFFFFFFFFFFFFFFFFFFFFFF5A
:10A61000FFFFFFFFFFFFFFFFFFFFFFFFFFFFFFFF4A
:10A62000FFFFFFFFFFFFFFFFFFFFFFFFFFFFFFFF3A
:10A63000FFFFFFFFFFFFFFFFFFFFFFFFFFFFFFFF2A
:10A64000FFFFFFFFFFFFFFFFFFFFFFFFFFFFFFFF1A
:10A65000FFFFFFFFFFFFFFFFFFFFFFFFFFFFFFFF0A
:10A66000FFFFFFFFFFFFFFFFFFFFFFFFFFFFFFFFFA
:10A67000FFFFFFFFFFFFFFFFFFFFFFFFFFFFFFFFEA
:10A68000FFFFFFFFFFFFFFFFFFFFFFFFFFFFFFFFDA
:10A69000FFFFFFFFFFFFFFFFFFFFFFFFFFFFFFFFCA
:10A6A000FFFFFFFFFFFFFFFFFFFFFFFFFFFFFFFFBA
:10A6B000FFFFFFFFFFFFFFFFFFFFFFFFFFFFFFFFAA
:10A6C000FFFFFFFFFFFFFFFFFFFFFFFFFFFFFFFF9A
:10A6D000FFFFFFFFFFFFFFFFFFFFFFFFFFFFFFFF8A
:10A6E000FFFFFFFFFFFFFFFFFFFFFFFFFFFFFFFF7A
:10A6F000FFFFFFFFFFFFFFFFFFFFFFFFFFFFFFFF6A
:10A70000FFFFFFFFFFFFFFFFFFFFFFFFFFFFFFFF59
:10A71000FFFFFFFFFFFFFFFFFFFFFFFFFFFFFFFF49
:10A72000FFFFFFFFFFFFFFFFFFFFFFFFFFFFFFFF39
:10A73000FFFFFFFFFFFFFFFFFFFFFFFFFFFFFFFF29
:10A74000FFFFFFFFFFFFFFFFFFFFFFFFFFFFFFFF19
:10A75000FFFFFFFFFFFFFFFFFFFFFFFFFFFFFFFF09
:10A76000FFFFFFFFFFFFFFFFFFFFFFFFFFFFFFFFF9
:10A77000FFFFFFFFFFFFFFFFFFFFFFFFFFFFFFFFE9
:10A78000FFFFFFFFFFFFFFFFFFFFFFFFFFFFFFFFD9
:10A79000FFFFFFFFFFFFFFFFFFFFFFFFFFFFFFFFC9
:10A7A000FFFFFFFFFFFFFFFFFFFFFFFFFFFFFFFFB9
:10A7B000FFFFFFFFFFFFFFFFFFFFFFFFFFFFFFFFA9
:10A7C000FFFFFFFFFFFFFFFFFFFFFFFFFFFFFFFF99
:10A7D000FFFFFFFFFFFFFFFFFFFFFFFFFFFFFFFF89
:10A7E000FFFFFFFFFFFFFFFFFFFFFFFFFFFFFFFF79
:10A7F000FFFFFFFFFFFFFFFFFFFFFFFFFFFFFFFF69
:10A80000FFFFFFFFFFFFFFFFFFFFFFFFFFFFFFFF58
:10A81000FFFFFFFFFFFFFFFFFFFFFFFFFFFFFFFF48
:10A82000FFFFFFFFFFFFFFFFFFFFFFFFFFFFFFFF38
:10A83000FFFFFFFFFFFFFFFFFFFFFFFFFFFFFFFF28
:10A84000FFFFFFFFFFFFFFFFFFFFFFFFFFFFFFFF18
:10A85000FFFFFFFFFFFFFFFFFFFFFFFFFFFFFFFF08
:10A86000FFFFFFFFFFFFFFFFFFFFFFFFFFFFFFFFF8
:10A87000FFFFFFFFFFFFFFFFFFFFFFFFFFFFFFFFE8
:10A88000FFFFFFFFFFFFFFFFFFFFFFFFFFFFFFFFD8
:10A89000FFFFFFFFFFFFFFFFFFFFFFFFFFFFFFFFC8
:10A8A000FFFFFFFFFFFFFFFFFFFFFFFFFFFFFFFFB8
:10A8B000FFFFFFFFFFFFFFFFFFFFFFFFFFFFFFFFA8
:10A8C000FFFFFFFFFFFFFFFFFFFFFFFFFFFFFFFF98
:10A8D000FFFFFFFFFFFFFFFFFFFFFFFFFFFFFFFF88
:10A8E000FFFFFFFFFFFFFFFFFFFFFFFFFFFFFFFF78
:10A8F000FFFFFFFFFFFFFFFFFFFFFFFFFFFFFFFF68
:10A90000FFFFFFFFFFFFFFFFFFFFFFFFFFFFFFFF57
:10A91000FFFFFFFFFFFFFFFFFFFFFFFFFFFFFFFF47
:10A92000FFFFFFFFFFFFFFFFFFFFFFFFFFFFFFFF37
:10A93000FFFFFFFFFFFFFFFFFFFFFFFFFFFFFFFF27
:10A94000FFFFFFFFFFFFFFFFFFFFFFFFFFFFFFFF17
:10A95000FFFFFFFFFFFFFFFFFFFFFFFFFFFFFFFF07
:10A96000FFFFFFFFFFFFFFFFFFFFFFFFFFFFFFFFF7
:10A97000FFFFFFFFFFFFFFFFFFFFFFFFFFFFFFFFE7
:10A98000FFFFFFFFFFFFFFFFFFFFFFFFFFFFFFFFD7
:10A99000FFFFFFFFFFFFFFFFFFFFFFFFFFFFFFFFC7
:10A9A000FFFFFFFFFFFFFFFFFFFFFFFFFFFFFFFFB7
:10A9B000FFFFFFFFFFFFFFFFFFFFFFFFFFFFFFFFA7
:10A9C000FFFFFFFFFFFFFFFFFFFFFFFFFFFFFFFF97
:10A9D000FFFFFFFFFFFFFFFFFFFFFFFFFFFFFFFF87
:10A9E000FFFFFFFFFFFFFFFFFFFFFFFFFFFFFFFF77
:10A9F000FFFFFFFFFFFFFFFFFFFFFFFFFFFFFFFF67
:10AA0000FFFFFFFFFFFFFFFFFFFFFFFFFFFFFFFF56
:10AA1000FFFFFFFFFFFFFFFFFFFFFFFFFFFFFFFF46
:10AA2000FFFFFFFFFFFFFFFFFFFFFFFFFFFFFFFF36
:10AA3000FFFFFFFFFFFFFFFFFFFFFFFFFFFFFFFF26
:10AA4000FFFFFFFFFFFFFFFFFFFFFFFFFFFFFFFF16
:10AA5000FFFFFFFFFFFFFFFFFFFFFFFFFFFFFFFF06
:10AA6000FFFFFFFFFFFFFFFFFFFFFFFFFFFFFFFFF6
:10AA7000FFFFFFFFFFFFFFFFFFFFFFFFFFFFFFFFE6
:10AA8000FFFFFFFFFFFFFFFFFFFFFFFFFFFFFFFFD6
:10AA9000FFFFFFFFFFFFFFFFFFFFFFFFFFFFFFFFC6
:10AAA000FFFFFFFFFFFFFFFFFFFFFFFFFFFFFFFFB6
:10AAB000FFFFFFFFFFFFFFFFFFFFFFFFFFFFFFFFA6
:10AAC000FFFFFFFFFFFFFFFFFFFFFFFFFFFFFFFF96
:10AAD000FFFFFFFFFFFFFFFFFFFFFFFFFFFFFFFF86
:10AAE000FFFFFFFFFFFFFFFFFFFFFFFFFFFFFFFF76
:10AAF000FFFFFFFFFFFFFFFFFFFFFFFFFFFFFFFF66
:10AB0000FFFFFFFFFFFFFFFFFFFFFFFFFFFFFFFF55
:10AB1000FFFFFFFFFFFFFFFFFFFFFFFFFFFFFFFF45
:10AB2000FFFFFFFFFFFFFFFFFFFFFFFFFFFFFFFF35
:10AB3000FFFFFFFFFFFFFFFFFFFFFFFFFFFFFFFF25
:10AB4000FFFFFFFFFFFFFFFFFFFFFFFFFFFFFFFF15
:10AB5000FFFFFFFFFFFFFFFFFFFFFFFFFFFFFFFF05
:10AB6000FFFFFFFFFFFFFFFFFFFFFFFFFFFFFFFFF5
:10AB7000FFFFFFFFFFFFFFFFFFFFFFFFFFFFFFFFE5
:10AB8000FFFFFFFFFFFFFFFFFFFFFFFFFFFFFFFFD5
:10AB9000FFFFFFFFFFFFFFFFFFFFFFFFFFFFFFFFC5
:10ABA000FFFFFFFFFFFFFFFFFFFFFFFFFFFFFFFFB5
:10ABB000FFFFFFFFFFFFFFFFFFFFFFFFFFFFFFFFA5
:10ABC000FFFFFFFFFFFFFFFFFFFFFFFFFFFFFFFF95
:10ABD000FFFFFFFFFFFFFFFFFFFFFFFFFFFFFFFF85
:10ABE000FFFFFFFFFFFFFFFFFFFFFFFFFFFFFFFF75
:10ABF000FFFFFFFFFFFFFFFFFFFFFFFFFFFFFFFF65
:10AC0000FFFFFFFFFFFFFFFFFFFFFFFFFFFFFFFF54
:10AC1000FFFFFFFFFFFFFFFFFFFFFFFFFFFFFFFF44
:10AC2000FFFFFFFFFFFFFFFFFFFFFFFFFFFFFFFF34
:10AC3000FFFFFFFFFFFFFFFFFFFFFFFFFFFFFFFF24
:10AC4000FFFFFFFFFFFFFFFFFFFFFFFFFFFFFFFF14
:10AC5000FFFFFFFFFFFFFFFFFFFFFFFFFFFFFFFF04
:10AC6000FFFFFFFFFFFFFFFFFFFFFFFFFFFFFFFFF4
:10AC7000FFFFFFFFFFFFFFFFFFFFFFFFFFFFFFFFE4
:10AC8000FFFFFFFFFFFFFFFFFFFFFFFFFFFFFFFFD4
:10AC9000FFFFFFFFFFFFFFFFFFFFFFFFFFFFFFFFC4
:10ACA000FFFFFFFFFFFFFFFFFFFFFFFFFFFFFFFFB4
:10ACB000FFFFFFFFFFFFFFFFFFFFFFFFFFFFFFFFA4
:10ACC000FFFFFFFFFFFFFFFFFFFFFFFFFFFFFFFF94
:10ACD000FFFFFFFFFFFFFFFFFFFFFFFFFFFFFFFF84
:10ACE000FFFFFFFFFFFFFFFFFFFFFFFFFFFFFFFF74
:10ACF000FFFFFFFFFFFFFFFFFFFFFFFFFFFFFFFF64
:10AD0000FFFFFFFFFFFFFFFFFFFFFFFFFFFFFFFF53
:10AD1000FFFFFFFFFFFFFFFFFFFFFFFFFFFFFFFF43
:10AD2000FFFFFFFFFFFFFFFFFFFFFFFFFFFFFFFF33
:10AD3000FFFFFFFFFFFFFFFFFFFFFFFFFFFFFFFF23
:10AD4000FFFFFFFFFFFFFFFFFFFFFFFFFFFFFFFF13
:10AD5000FFFFFFFFFFFFFFFFFFFFFFFFFFFFFFFF03
:10AD6000FFFFFFFFFFFFFFFFFFFFFFFFFFFFFFFFF3
:10AD7000FFFFFFFFFFFFFFFFFFFFFFFFFFFFFFFFE3
:10AD8000FFFFFFFFFFFFFFFFFFFFFFFFFFFFFFFFD3
:10AD9000FFFFFFFFFFFFFFFFFFFFFFFFFFFFFFFFC3
:10ADA000FFFFFFFFFFFFFFFFFFFFFFFFFFFFFFFFB3
:10ADB000FFFFFFFFFFFFFFFFFFFFFFFFFFFFFFFFA3
:10ADC000FFFFFFFFFFFFFFFFFFFFFFFFFFFFFFFF93
:10ADD000FFFFFFFFFFFFFFFFFFFFFFFFFFFFFFFF83
:10ADE000FFFFFFFFFFFFFFFFFFFFFFFFFFFFFFFF73
:10ADF000FFFFFFFFFFFFFFFFFFFFFFFFFFFFFFFF63
:10AE0000FFFFFFFFFFFFFFFFFFFFFFFFFFFFFFFF52
:10AE1000FFFFFFFFFFFFFFFFFFFFFFFFFFFFFFFF42
:10AE2000FFFFFFFFFFFFFFFFFFFFFFFFFFFFFFFF32
:10AE3000FFFFFFFFFFFFFFFFFFFFFFFFFFFFFFFF22
:10AE4000FFFFFFFFFFFFFFFFFFFFFFFFFFFFFFFF12
:10AE5000FFFFFFFFFFFFFFFFFFFFFFFFFFFFFFFF02
:10AE6000FFFFFFFFFFFFFFFFFFFFFFFFFFFFFFFFF2
:10AE7000FFFFFFFFFFFFFFFFFFFFFFFFFFFFFFFFE2
:10AE8000FFFFFFFFFFFFFFFFFFFFFFFFFFFFFFFFD2
:10AE9000FFFFFFFFFFFFFFFFFFFFFFFFFFFFFFFFC2
:10AEA000FFFFFFFFFFFFFFFFFFFFFFFFFFFFFFFFB2
:10AEB000FFFFFFFFFFFFFFFFFFFFFFFFFFFFFFFFA2
:10AEC000FFFFFFFFFFFFFFFFFFFFFFFFFFFFFFFF92
:10AED000FFFFFFFFFFFFFFFFFFFFFFFFFFFFFFFF82
:10AEE000FFFFFFFFFFFFFFFFFFFFFFFFFFFFFFFF72
:10AEF000FFFFFFFFFFFFFFFFFFFFFFFFFFFFFFFF62
:10AF0000FFFFFFFFFFFFFFFFFFFFFFFFFFFFFFFF51
:10AF1000FFFFFFFFFFFFFFFFFFFFFFFFFFFFFFFF41
:10AF2000FFFFFFFFFFFFFFFFFFFFFFFFFFFFFFFF31
:10AF3000FFFFFFFFFFFFFFFFFFFFFFFFFFFFFFFF21
:10AF4000FFFFFFFFFFFFFFFFFFFFFFFFFFFFFFFF11
:10AF5000FFFFFFFFFFFFFFFFFFFFFFFFFFFFFFFF01
:10AF6000FFFFFFFFFFFFFFFFFFFFFFFFFFFFFFFFF1
:10AF7000FFFFFFFFFFFFFFFFFFFFFFFFFFFFFFFFE1
:10AF8000FFFFFFFFFFFFFFFFFFFFFFFFFFFFFFFFD1
:10AF9000FFFFFFFFFFFFFFFFFFFFFFFFFFFFFFFFC1
:10AFA000FFFFFFFFFFFFFFFFFFFFFFFFFFFFFFFFB1
:10AFB000FFFFFFFFFFFFFFFFFFFFFFFFFFFFFFFFA1
:10AFC000FFFFFFFFFFFFFFFFFFFFFFFFFFFFFFFF91
:10AFD000FFFFFFFFFFFFFFFFFFFFFFFFFFFFFFFF81
:10AFE000FFFFFFFFFFFFFFFFFFFFFFFFFFFFFFFF71
:10AFF000FFFFFFFFFFFFFFFFFFFFFFFFFFFFFFFF61
:10B00000FFFFFFFFFFFFFFFFFFFFFFFFFFFFFFFF50
:10B01000FFFFFFFFFFFFFFFFFFFFFFFFFFFFFFFF40
:10B02000FFFFFFFFFFFFFFFFFFFFFFFFFFFFFFFF30
:10B03000FFFFFFFFFFFFFFFFFFFFFFFFFFFFFFFF20
:10B04000FFFFFFFFFFFFFFFFFFFFFFFFFFFFFFFF10
:10B05000FFFFFFFFFFFFFFFFFFFFFFFFFFFFFFFF00
:10B06000FFFFFFFFFFFFFFFFFFFFFFFFFFFFFFFFF0
:10B07000FFFFFFFFFFFFFFFFFFFFFFFFFFFFFFFFE0
:10B08000FFFFFFFFFFFFFFFFFFFFFFFFFFFFFFFFD0
:10B09000FFFFFFFFFFFFFFFFFFFFFFFFFFFFFFFFC0
:10B0A000FFFFFFFFFFFFFFFFFFFFFFFFFFFFFFFFB0
:10B0B000FFFFFFFFFFFFFFFFFFFFFFFFFFFFFFFFA0
:10B0C000FFFFFFFFFFFFFFFFFFFFFFFFFFFFFFFF90
:10B0D000FFFFFFFFFFFFFFFFFFFFFFFFFFFFFFFF80
:10B0E000FFFFFFFFFFFFFFFFFFFFFFFFFFFFFFFF70
:10B0F000FFFFFFFFFFFFFFFFFFFFFFFFFFFFFFFF60
:10B10000FFFFFFFFFFFFFFFFFFFFFFFFFFFFFFFF4F
:10B11000FFFFFFFFFFFFFFFFFFFFFFFFFFFFFFFF3F
:10B12000FFFFFFFFFFFFFFFFFFFFFFFFFFFFFFFF2F
:10B13000FFFFFFFFFFFFFFFFFFFFFFFFFFFFFFFF1F
:10B14000FFFFFFFFFFFFFFFFFFFFFFFFFFFFFFFF0F
:10B15000FFFFFFFFFFFFFFFFFFFFFFFFFFFFFFFFFF
:10B16000FFFFFFFFFFFFFFFFFFFFFFFFFFFFFFFFEF
:10B17000FFFFFFFFFFFFFFFFFFFFFFFFFFFFFFFFDF
:10B18000FFFFFFFFFFFFFFFFFFFFFFFFFFFFFFFFCF
:10B19000FFFFFFFFFFFFFFFFFFFFFFFFFFFFFFFFBF
:10B1A000FFFFFFFFFFFFFFFFFFFFFFFFFFFFFFFFAF
:10B1B000FFFFFFFFFFFFFFFFFFFFFFFFFFFFFFFF9F
:10B1C000FFFFFFFFFFFFFFFFFFFFFFFFFFFFFFFF8F
:10B1D000FFFFFFFFFFFFFFFFFFFFFFFFFFFFFFFF7F
:10B1E000FFFFFFFFFFFFFFFFFFFFFFFFFFFFFFFF6F
:10B1F000FFFFFFFFFFFFFFFFFFFFFFFFFFFFFFFF5F
:10B20000FFFFFFFFFFFFFFFFFFFFFFFFFFFFFFFF4E
:10B21000FFFFFFFFFFFFFFFFFFFFFFFFFFFFFFFF3E
:10B22000FFFFFFFFFFFFFFFFFFFFFFFFFFFFFFFF2E
:10B23000FFFFFFFFFFFFFFFFFFFFFFFFFFFFFFFF1E
:10B24000FFFFFFFFFFFFFFFFFFFFFFFFFFFFFFFF0E
:10B25000FFFFFFFFFFFFFFFFFFFFFFFFFFFFFFFFFE
:10B26000FFFFFFFFFFFFFFFFFFFFFFFFFFFFFFFFEE
:10B27000FFFFFFFFFFFFFFFFFFFFFFFFFFFFFFFFDE
:10B28000FFFFFFFFFFFFFFFFFFFFFFFFFFFFFFFFCE
:10B29000FFFFFFFFFFFFFFFFFFFFFFFFFFFFFFFFBE
:10B2A000FFFFFFFFFFFFFFFFFFFFFFFFFFFFFFFFAE
:10B2B000FFFFFFFFFFFFFFFFFFFFFFFFFFFFFFFF9E
:10B2C000FFFFFFFFFFFFFFFFFFFFFFFFFFFFFFFF8E
:10B2D000FFFFFFFFFFFFFFFFFFFFFFFFFFFFFFFF7E
:10B2E000FFFFFFFFFFFFFFFFFFFFFFFFFFFFFFFF6E
:10B2F000FFFFFFFFFFFFFFFFFFFFFFFFFFFFFFFF5E
:10B30000FFFFFFFFFFFFFFFFFFFFFFFFFFFFFFFF4D
:10B31000FFFFFFFFFFFFFFFFFFFFFFFFFFFFFFFF3D
:10B32000FFFFFFFFFFFFFFFFFFFFFFFFFFFFFFFF2D
:10B33000FFFFFFFFFFFFFFFFFFFFFFFFFFFFFFFF1D
:10B34000FFFFFFFFFFFFFFFFFFFFFFFFFFFFFFFF0D
:10B35000FFFFFFFFFFFFFFFFFFFFFFFFFFFFFFFFFD
:10B36000FFFFFFFFFFFFFFFFFFFFFFFFFFFFFFFFED
:10B37000FFFFFFFFFFFFFFFFFFFFFFFFFFFFFFFFDD
:10B38000FFFFFFFFFFFFFFFFFFFFFFFFFFFFFFFFCD
:10B39000FFFFFFFFFFFFFFFFFFFFFFFFFFFFFFFFBD
:10B3A000FFFFFFFFFFFFFFFFFFFFFFFFFFFFFFFFAD
:10B3B000FFFFFFFFFFFFFFFFFFFFFFFFFFFFFFFF9D
:10B3C000FFFFFFFFFFFFFFFFFFFFFFFFFFFFFFFF8D
:10B3D000FFFFFFFFFFFFFFFFFFFFFFFFFFFFFFFF7D
:10B3E000FFFFFFFFFFFFFFFFFFFFFFFFFFFFFFFF6D
:10B3F000FFFFFFFFFFFFFFFFFFFFFFFFFFFFFFFF5D
:10B40000FFFFFFFFFFFFFFFFFFFFFFFFFFFFFFFF4C
:10B41000FFFFFFFFFFFFFFFFFFFFFFFFFFFFFFFF3C
:10B42000FFFFFFFFFFFFFFFFFFFFFFFFFFFFFFFF2C
:10B43000FFFFFFFFFFFFFFFFFFFFFFFFFFFFFFFF1C
:10B44000FFFFFFFFFFFFFFFFFFFFFFFFFFFFFFFF0C
:10B45000FFFFFFFFFFFFFFFFFFFFFFFFFFFFFFFFFC
:10B46000FFFFFFFFFFFFFFFFFFFFFFFFFFFFFFFFEC
:10B47000FFFFFFFFFFFFFFFFFFFFFFFFFFFFFFFFDC
:10B48000FFFFFFFFFFFFFFFFFFFFFFFFFFFFFFFFCC
:10B49000FFFFFFFFFFFFFFFFFFFFFFFFFFFFFFFFBC
:10B4A000FFFFFFFFFFFFFFFFFFFFFFFFFFFFFFFFAC
:10B4B000FFFFFFFFFFFFFFFFFFFFFFFFFFFFFFFF9C
:10B4C000FFFFFFFFFFFFFFFFFFFFFFFFFFFFFFFF8C
:10B4D000FFFFFFFFFFFFFFFFFFFFFFFFFFFFFFFF7C
:10B4E000FFFFFFFFFFFFFFFFFFFFFFFFFFFFFFFF6C
:10B4F000FFFFFFFFFFFFFFFFFFFFFFFFFFFFFFFF5C
:10B50000FFFFFFFFFFFFFFFFFFFFFFFFFFFFFFFF4B
:10B51000FFFFFFFFFFFFFFFFFFFFFFFFFFFFFFFF3B
:10B52000FFFFFFFFFFFFFFFFFFFFFFFFFFFFFFFF2B
:10B53000FFFFFFFFFFFFFFFFFFFFFFFFFFFFFFFF1B
:10B54000FFFFFFFFFFFFFFFFFFFFFFFFFFFFFFFF0B
:10B55000FFFFFFFFFFFFFFFFFFFFFFFFFFFFFFFFFB
:10B56000FFFFFFFFFFFFFFFFFFFFFFFFFFFFFFFFEB
:10B57000FFFFFFFFFFFFFFFFFFFFFFFFFFFFFFFFDB
:10B58000FFFFFFFFFFFFFFFFFFFFFFFFFFFFFFFFCB
:10B59000FFFFFFFFFFFFFFFFFFFFFFFFFFFFFFFFBB
:10B5A000FFFFFFFFFFFFFFFFFFFFFFFFFFFFFFFFAB
:10B5B000FFFFFFFFFFFFFFFFFFFFFFFFFFFFFFFF9B
:10B5C000FFFFFFFFFFFFFFFFFFFFFFFFFFFFFFFF8B
:10B5D000FFFFFFFFFFFFFFFFFFFFFFFFFFFFFFFF7B
:10B5E000FFFFFFFFFFFFFFFFFFFFFFFFFFFFFFFF6B
:10B5F000FFFFFFFFFFFFFFFFFFFFFFFFFFFFFFFF5B
:10B60000FFFFFFFFFFFFFFFFFFFFFFFFFFFFFFFF4A
:10B61000FFFFFFFFFFFFFFFFFFFFFFFFFFFFFFFF3A
:10B62000FFFFFFFFFFFFFFFFFFFFFFFFFFFFFFFF2A
:10B63000FFFFFFFFFFFFFFFFFFFFFFFFFFFFFFFF1A
:10B64000FFFFFFFFFFFFFFFFFFFFFFFFFFFFFFFF0A
:10B65000FFFFFFFFFFFFFFFFFFFFFFFFFFFFFFFFFA
:10B66000FFFFFFFFFFFFFFFFFFFFFFFFFFFFFFFFEA
:10B67000FFFFFFFFFFFFFFFFFFFFFFFFFFFFFFFFDA
:10B68000FFFFFFFFFFFFFFFFFFFFFFFFFFFFFFFFCA
:10B69000FFFFFFFFFFFFFFFFFFFFFFFFFFFFFFFFBA
:10B6A000FFFFFFFFFFFFFFFFFFFFFFFFFFFFFFFFAA
:10B6B000FFFFFFFFFFFFFFFFFFFFFFFFFFFFFFFF9A
:10B6C000FFFFFFFFFFFFFFFFFFFFFFFFFFFFFFFF8A
:10B6D000FFFFFFFFFFFFFFFFFFFFFFFFFFFFFFFF7A
:10B6E000FFFFFFFFFFFFFFFFFFFFFFFFFFFFFFFF6A
:10B6F000FFFFFFFFFFFFFFFFFFFFFFFFFFFFFFFF5A
:10B70000FFFFFFFFFFFFFFFFFFFFFFFFFFFFFFFF49
:10B71000FFFFFFFFFFFFFFFFFFFFFFFFFFFFFFFF39
:10B72000FFFFFFFFFFFFFFFFFFFFFFFFFFFFFFFF29
:10B73000FFFFFFFFFFFFFFFFFFFFFFFFFFFFFFFF19
:10B74000FFFFFFFFFFFFFFFFFFFFFFFFFFFFFFFF09
:10B75000FFFFFFFFFFFFFFFFFFFFFFFFFFFFFFFFF9
:10B76000FFFFFFFFFFFFFFFFFFFFFFFFFFFFFFFFE9
:10B77000FFFFFFFFFFFFFFFFFFFFFFFFFFFFFFFFD9
:10B78000FFFFFFFFFFFFFFFFFFFFFFFFFFFFFFFFC9
:10B79000FFFFFFFFFFFFFFFFFFFFFFFFFFFFFFFFB9
:10B7A000FFFFFFFFFFFFFFFFFFFFFFFFFFFFFFFFA9
:10B7B000FFFFFFFFFFFFFFFFFFFFFFFFFFFFFFFF99
:10B7C000FFFFFFFFFFFFFFFFFFFFFFFFFFFFFFFF89
:10B7D000FFFFFFFFFFFFFFFFFFFFFFFFFFFFFFFF79
:10B7E000FFFFFFFFFFFFFFFFFFFFFFFFFFFFFFFF69
:10B7F000FFFFFFFFFFFFFFFFFFFFFFFFFFFFFFFF59
:10B80000FFFFFFFFFFFFFFFFFFFFFFFFFFFFFFFF48
:10B81000FFFFFFFFFFFFFFFFFFFFFFFFFFFFFFFF38
:10B82000FFFFFFFFFFFFFFFFFFFFFFFFFFFFFFFF28
:10B83000FFFFFFFFFFFFFFFFFFFFFFFFFFFFFFFF18
:10B84000FFFFFFFFFFFFFFFFFFFFFFFFFFFFFFFF08
:10B85000FFFFFFFFFFFFFFFFFFFFFFFFFFFFFFFFF8
:10B86000FFFFFFFFFFFFFFFFFFFFFFFFFFFFFFFFE8
:10B87000FFFFFFFFFFFFFFFFFFFFFFFFFFFFFFFFD8
:10B88000FFFFFFFFFFFFFFFFFFFFFFFFFFFFFFFFC8
:10B89000FFFFFFFFFFFFFFFFFFFFFFFFFFFFFFFFB8
:10B8A000FFFFFFFFFFFFFFFFFFFFFFFFFFFFFFFFA8
:10B8B000FFFFFFFFFFFFFFFFFFFFFFFFFFFFFFFF98
:10B8C000FFFFFFFFFFFFFFFFFFFFFFFFFFFFFFFF88
:10B8D000FFFFFFFFFFFFFFFFFFFFFFFFFFFFFFFF78
:10B8E000FFFFFFFFFFFFFFFFFFFFFFFFFFFFFFFF68
:10B8F000FFFFFFFFFFFFFFFFFFFFFFFFFFFFFFFF58
:10B90000FFFFFFFFFFFFFFFFFFFFFFFFFFFFFFFF47
:10B91000FFFFFFFFFFFFFFFFFFFFFFFFFFFFFFFF37
:10B92000FFFFFFFFFFFFFFFFFFFFFFFFFFFFFFFF27
:10B93000FFFFFFFFFFFFFFFFFFFFFFFFFFFFFFFF17
:10B94000FFFFFFFFFFFFFFFFFFFFFFFFFFFFFFFF07
:10B95000FFFFFFFFFFFFFFFFFFFFFFFFFFFFFFFFF7
:10B96000FFFFFFFFFFFFFFFFFFFFFFFFFFFFFFFFE7
:10B97000FFFFFFFFFFFFFFFFFFFFFFFFFFFFFFFFD7
:10B98000FFFFFFFFFFFFFFFFFFFFFFFFFFFFFFFFC7
:10B99000FFFFFFFFFFFFFFFFFFFFFFFFFFFFFFFFB7
:10B9A000FFFFFFFFFFFFFFFFFFFFFFFFFFFFFFFFA7
:10B9B000FFFFFFFFFFFFFFFFFFFFFFFFFFFFFFFF97
:10B9C000FFFFFFFFFFFFFFFFFFFFFFFFFFFFFFFF87
:10B9D000FFFFFFFFFFFFFFFFFFFFFFFFFFFFFFFF77
:10B9E000FFFFFFFFFFFFFFFFFFFFFFFFFFFFFFFF67
:10B9F000FFFFFFFFFFFFFFFFFFFFFFFFFFFFFFFF57
:10BA0000FFFFFFFFFFFFFFFFFFFFFFFFFFFFFFFF46
:10BA1000FFFFFFFFFFFFFFFFFFFFFFFFFFFFFFFF36
:10BA2000FFFFFFFFFFFFFFFFFFFFFFFFFFFFFFFF26
:10BA3000FFFFFFFFFFFFFFFFFFFFFFFFFFFFFFFF16
:10BA4000FFFFFFFFFFFFFFFFFFFFFFFFFFFFFFFF06
:10BA5000FFFFFFFFFFFFFFFFFFFFFFFFFFFFFFFFF6
:10BA6000FFFFFFFFFFFFFFFFFFFFFFFFFFFFFFFFE6
:10BA7000FFFFFFFFFFFFFFFFFFFFFFFFFFFFFFFFD6
:10BA8000FFFFFFFFFFFFFFFFFFFFFFFFFFFFFFFFC6
:10BA9000FFFFFFFFFFFFFFFFFFFFFFFFFFFFFFFFB6
:10BAA000FFFFFFFFFFFFFFFFFFFFFFFFFFFFFFFFA6
:10BAB000FFFFFFFFFFFFFFFFFFFFFFFFFFFFFFFF96
:10BAC000FFFFFFFFFFFFFFFFFFFFFFFFFFFFFFFF86
:10BAD000FFFFFFFFFFFFFFFFFFFFFFFFFFFFFFFF76
:10BAE000FFFFFFFFFFFFFFFFFFFFFFFFFFFFFFFF66
:10BAF000FFFFFFFFFFFFFFFFFFFFFFFFFFFFFFFF56
:10BB0000FFFFFFFFFFFFFFFFFFFFFFFFFFFFFFFF45
:10BB1000FFFFFFFFFFFFFFFFFFFFFFFFFFFFFFFF35
:10BB2000FFFFFFFFFFFFFFFFFFFFFFFFFFFFFFFF25
:10BB3000FFFFFFFFFFFFFFFFFFFFFFFFFFFFFFFF15
:10BB4000FFFFFFFFFFFFFFFFFFFFFFFFFFFFFFFF05
:10BB5000FFFFFFFFFFFFFFFFFFFFFFFFFFFFFFFFF5
:10BB6000FFFFFFFFFFFFFFFFFFFFFFFFFFFFFFFFE5
:10BB7000FFFFFFFFFFFFFFFFFFFFFFFFFFFFFFFFD5
:10BB8000FFFFFFFFFFFFFFFFFFFFFFFFFFFFFFFFC5
:10BB9000FFFFFFFFFFFFFFFFFFFFFFFFFFFFFFFFB5
:10BBA000FFFFFFFFFFFFFFFFFFFFFFFFFFFFFFFFA5
:10BBB000FFFFFFFFFFFFFFFFFFFFFFFFFFFFFFFF95
:10BBC000FFFFFFFFFFFFFFFFFFFFFFFFFFFFFFFF85
:10BBD000FFFFFFFFFFFFFFFFFFFFFFFFFFFFFFFF75
:10BBE000FFFFFFFFFFFFFFFFFFFFFFFFFFFFFFFF65
:10BBF000FFFFFFFFFFFFFFFFFFFFFFFFFFFFFFFF55
:10BC0000FFFFFFFFFFFFFFFFFFFFFFFFFFFFFFFF44
:10BC1000FFFFFFFFFFFFFFFFFFFFFFFFFFFFFFFF34
:10BC2000FFFFFFFFFFFFFFFFFFFFFFFFFFFFFFFF24
:10BC3000FFFFFFFFFFFFFFFFFFFFFFFFFFFFFFFF14
:10BC4000FFFFFFFFFFFFFFFFFFFFFFFFFFFFFFFF04
:10BC5000FFFFFFFFFFFFFFFFFFFFFFFFFFFFFFFFF4
:10BC6000FFFFFFFFFFFFFFFFFFFFFFFFFFFFFFFFE4
:10BC7000FFFFFFFFFFFFFFFFFFFFFFFFFFFFFFFFD4
:10BC8000FFFFFFFFFFFFFFFFFFFFFFFFFFFFFFFFC4
:10BC9000FFFFFFFFFFFFFFFFFFFFFFFFFFFFFFFFB4
:10BCA000FFFFFFFFFFFFFFFFFFFFFFFFFFFFFFFFA4
:10BCB000FFFFFFFFFFFFFFFFFFFFFFFFFFFFFFFF94
:10BCC000FFFFFFFFFFFFFFFFFFFFFFFFFFFFFFFF84
:10BCD000FFFFFFFFFFFFFFFFFFFFFFFFFFFFFFFF74
:10BCE000FFFFFFFFFFFFFFFFFFFFFFFFFFFFFFFF64
:10BCF000FFFFFFFFFFFFFFFFFFFFFFFFFFFFFFFF54
:10BD0000FFFFFFFFFFFFFFFFFFFFFFFFFFFFFFFF43
:10BD1000FFFFFFFFFFFFFFFFFFFFFFFFFFFFFFFF33
:10BD2000FFFFFFFFFFFFFFFFFFFFFFFFFFFFFFFF23
:10BD3000FFFFFFFFFFFFFFFFFFFFFFFFFFFFFFFF13
:10BD4000FFFFFFFFFFFFFFFFFFFFFFFFFFFFFFFF03
:10BD5000FFFFFFFFFFFFFFFFFFFFFFFFFFFFFFFFF3
:10BD6000FFFFFFFFFFFFFFFFFFFFFFFFFFFFFFFFE3
:10BD7000FFFFFFFFFFFFFFFFFFFFFFFFFFFFFFFFD3
:10BD8000FFFFFFFFFFFFFFFFFFFFFFFFFFFFFFFFC3
:10BD9000FFFFFFFFFFFFFFFFFFFFFFFFFFFFFFFFB3
:10BDA000FFFFFFFFFFFFFFFFFFFFFFFFFFFFFFFFA3
:10BDB000FFFFFFFFFFFFFFFFFFFFFFFFFFFFFFFF93
:10BDC000FFFFFFFFFFFFFFFFFFFFFFFFFFFFFFFF83
:10BDD000FFFFFFFFFFFFFFFFFFFFFFFFFFFFFFFF73
:10BDE000FFFFFFFFFFFFFFFFFFFFFFFFFFFFFFFF63
:10BDF000FFFFFFFFFFFFFFFFFFFFFFFFFFFFFFFF53
:10BE0000FFFFFFFFFFFFFFFFFFFFFFFFFFFFFFFF42
:10BE1000FFFFFFFFFFFFFFFFFFFFFFFFFFFFFFFF32
:10BE2000FFFFFFFFFFFFFFFFFFFFFFFFFFFFFFFF22
:10BE3000FFFFFFFFFFFFFFFFFFFFFFFFFFFFFFFF12
:10BE4000FFFFFFFFFFFFFFFFFFFFFFFFFFFFFFFF02
:10BE5000FFFFFFFFFFFFFFFFFFFFFFFFFFFFFFFFF2
:10BE6000FFFFFFFFFFFFFFFFFFFFFFFFFFFFFFFFE2
:10BE7000FFFFFFFFFFFFFFFFFFFFFFFFFFFFFFFFD2
:10BE8000FFFFFFFFFFFFFFFFFFFFFFFFFFFFFFFFC2
:10BE9000FFFFFFFFFFFFFFFFFFFFFFFFFFFFFFFFB2
:10BEA000FFFFFFFFFFFFFFFFFFFFFFFFFFFFFFFFA2
:10BEB000FFFFFFFFFFFFFFFFFFFFFFFFFFFFFFFF92
:10BEC000FFFFFFFFFFFFFFFFFFFFFFFFFFFFFFFF82
:10BED000FFFFFFFFFFFFFFFFFFFFFFFFFFFFFFFF72
:10BEE000FFFFFFFFFFFFFFFFFFFFFFFFFFFFFFFF62
:10BEF000FFFFFFFFFFFFFFFFFFFFFFFFFFFFFFFF52
:10BF0000FFFFFFFFFFFFFFFFFFFFFFFFFFFFFFFF41
:10BF1000FFFFFFFFFFFFFFFFFFFFFFFFFFFFFFFF31
:10BF2000FFFFFFFFFFFFFFFFFFFFFFFFFFFFFFFF21
:10BF3000FFFFFFFFFFFFFFFFFFFFFFFFFFFFFFFF11
:10BF4000FFFFFFFFFFFFFFFFFFFFFFFFFFFFFFFF01
:10BF5000FFFFFFFFFFFFFFFFFFFFFFFFFFFFFFFFF1
:10BF6000FFFFFFFFFFFFFFFFFFFFFFFFFFFFFFFFE1
:10BF7000FFFFFFFFFFFFFFFFFFFFFFFFFFFFFFFFD1
:10BF8000FFFFFFFFFFFFFFFFFFFFFFFFFFFFFFFFC1
:10BF9000FFFFFFFFFFFFFFFFFFFFFFFFFFFFFFFFB1
:10BFA000FFFFFFFFFFFFFFFFFFFFFFFFFFFFFFFFA1
:10BFB000FFFFFFFFFFFFFFFFFFFFFFFFFFFFFFFF91
:10BFC000FFFFFFFFFFFFFFFFFFFFFFFFFFFFFFFF81
:10BFD000FFFFFFFFFFFFFFFFFFFFFFFFFFFFFFFF71
:10BFE000FFFFFFFFFFFFFFFFFFFFFFFFFFFFFFFF61
:10BFF000FFFFFFFFFFFFFFFFFFFFFFFFFFFFFFFF51
:10C00000FFFFFFFFFFFFFFFFFFFFFFFFFFFFFFFF40
:10C01000FFFFFFFFFFFFFFFFFFFFFFFFFFFFFFFF30
:10C02000FFFFFFFFFFFFFFFFFFFFFFFFFFFFFFFF20
:10C03000FFFFFFFFFFFFFFFFFFFFFFFFFFFFFFFF10
:10C04000FFFFFFFFFFFFFFFFFFFFFFFFFFFFFFFF00
:10C05000FFFFFFFFFFFFFFFFFFFFFFFFFFFFFFFFF0
:10C06000FFFFFFFFFFFFFFFFFFFFFFFFFFFFFFFFE0
:10C07000FFFFFFFFFFFFFFFFFFFFFFFFFFFFFFFFD0
:10C08000FFFFFFFFFFFFFFFFFFFFFFFFFFFFFFFFC0
:10C09000FFFFFFFFFFFFFFFFFFFFFFFFFFFFFFFFB0
:10C0A000FFFFFFFFFFFFFFFFFFFFFFFFFFFFFFFFA0
:10C0B000FFFFFFFFFFFFFFFFFFFFFFFFFFFFFFFF90
:10C0C000FFFFFFFFFFFFFFFFFFFFFFFFFFFFFFFF80
:10C0D000FFFFFFFFFFFFFFFFFFFFFFFFFFFFFFFF70
:10C0E000FFFFFFFFFFFFFFFFFFFFFFFFFFFFFFFF60
:10C0F000FFFFFFFFFFFFFFFFFFFFFFFFFFFFFFFF50
:10C10000FFFFFFFFFFFFFFFFFFFFFFFFFFFFFFFF3F
:10C11000FFFFFFFFFFFFFFFFFFFFFFFFFFFFFFFF2F
:10C12000FFFFFFFFFFFFFFFFFFFFFFFFFFFFFFFF1F
:10C13000FFFFFFFFFFFFFFFFFFFFFFFFFFFFFFFF0F
:10C14000FFFFFFFFFFFFFFFFFFFFFFFFFFFFFFFFFF
:10C15000FFFFFFFFFFFFFFFFFFFFFFFFFFFFFFFFEF
:10C16000FFFFFFFFFFFFFFFFFFFFFFFFFFFFFFFFDF
:10C17000FFFFFFFFFFFFFFFFFFFFFFFFFFFFFFFFCF
:10C18000FFFFFFFFFFFFFFFFFFFFFFFFFFFFFFFFBF
:10C19000FFFFFFFFFFFFFFFFFFFFFFFFFFFFFFFFAF
:10C1A000FFFFFFFFFFFFFFFFFFFFFFFFFFFFFFFF9F
:10C1B000FFFFFFFFFFFFFFFFFFFFFFFFFFFFFFFF8F
:10C1C000FFFFFFFFFFFFFFFFFFFFFFFFFFFFFFFF7F
:10C1D000FFFFFFFFFFFFFFFFFFFFFFFFFFFFFFFF6F
:10C1E000FFFFFFFFFFFFFFFFFFFFFFFFFFFFFFFF5F
:10C1F000FFFFFFFFFFFFFFFFFFFFFFFFFFFFFFFF4F
:10C20000FFFFFFFFFFFFFFFFFFFFFFFFFFFFFFFF3E
:10C21000FFFFFFFFFFFFFFFFFFFFFFFFFFFFFFFF2E
:10C22000FFFFFFFFFFFFFFFFFFFFFFFFFFFFFFFF1E
:10C23000FFFFFFFFFFFFFFFFFFFFFFFFFFFFFFFF0E
:10C24000FFFFFFFFFFFFFFFFFFFFFFFFFFFFFFFFFE
:10C25000FFFFFFFFFFFFFFFFFFFFFFFFFFFFFFFFEE
:10C26000FFFFFFFFFFFFFFFFFFFFFFFFFFFFFFFFDE
:10C27000FFFFFFFFFFFFFFFFFFFFFFFFFFFFFFFFCE
:10C28000FFFFFFFFFFFFFFFFFFFFFFFFFFFFFFFFBE
:10C29000FFFFFFFFFFFFFFFFFFFFFFFFFFFFFFFFAE
:10C2A000FFFFFFFFFFFFFFFFFFFFFFFFFFFFFFFF9E
:10C2B000FFFFFFFFFFFFFFFFFFFFFFFFFFFFFFFF8E
:10C2C000FFFFFFFFFFFFFFFFFFFFFFFFFFFFFFFF7E
:10C2D000FFFFFFFFFFFFFFFFFFFFFFFFFFFFFFFF6E
:10C2E000FFFFFFFFFFFFFFFFFFFFFFFFFFFFFFFF5E
:10C2F000FFFFFFFFFFFFFFFFFFFFFFFFFFFFFFFF4E
:10C30000FFFFFFFFFFFFFFFFFFFFFFFFFFFFFFFF3D
:10C31000FFFFFFFFFFFFFFFFFFFFFFFFFFFFFFFF2D
:10C32000FFFFFFFFFFFFFFFFFFFFFFFFFFFFFFFF1D
:10C33000FFFFFFFFFFFFFFFFFFFFFFFFFFFFFFFF0D
:10C34000FFFFFFFFFFFFFFFFFFFFFFFFFFFFFFFFFD
:10C35000FFFFFFFFFFFFFFFFFFFFFFFFFFFFFFFFED
:10C36000FFFFFFFFFFFFFFFFFFFFFFFFFFFFFFFFDD
:10C37000FFFFFFFFFFFFFFFFFFFFFFFFFFFFFFFFCD
:10C38000FFFFFFFFFFFFFFFFFFFFFFFFFFFFFFFFBD
:10C39000FFFFFFFFFFFFFFFFFFFFFFFFFFFFFFFFAD
:10C3A000FFFFFFFFFFFFFFFFFFFFFFFFFFFFFFFF9D
:10C3B000FFFFFFFFFFFFFFFFFFFFFFFFFFFFFFFF8D
:10C3C000FFFFFFFFFFFFFFFFFFFFFFFFFFFFFFFF7D
:10C3D000FFFFFFFFFFFFFFFFFFFFFFFFFFFFFFFF6D
:10C3E000FFFFFFFFFFFFFFFFFFFFFFFFFFFFFFFF5D
:10C3F000FFFFFFFFFFFFFFFFFFFFFFFFFFFFFFFF4D
:10C40000FFFFFFFFFFFFFFFFFFFFFFFFFFFFFFFF3C
:10C41000FFFFFFFFFFFFFFFFFFFFFFFFFFFFFFFF2C
:10C42000FFFFFFFFFFFFFFFFFFFFFFFFFFFFFFFF1C
:10C43000FFFFFFFFFFFFFFFFFFFFFFFFFFFFFFFF0C
:10C44000FFFFFFFFFFFFFFFFFFFFFFFFFFFFFFFFFC
:10C45000FFFFFFFFFFFFFFFFFFFFFFFFFFFFFFFFEC
:10C46000FFFFFFFFFFFFFFFFFFFFFFFFFFFFFFFFDC
:10C47000FFFFFFFFFFFFFFFFFFFFFFFFFFFFFFFFCC
:10C48000FFFFFFFFFFFFFFFFFFFFFFFFFFFFFFFFBC
:10C49000FFFFFFFFFFFFFFFFFFFFFFFFFFFFFFFFAC
:10C4A000FFFFFFFFFFFFFFFFFFFFFFFFFFFFFFFF9C
:10C4B000FFFFFFFFFFFFFFFFFFFFFFFFFFFFFFFF8C
:10C4C000FFFFFFFFFFFFFFFFFFFFFFFFFFFFFFFF7C
:10C4D000FFFFFFFFFFFFFFFFFFFFFFFFFFFFFFFF6C
:10C4E000FFFFFFFFFFFFFFFFFFFFFFFFFFFFFFFF5C
:10C4F000FFFFFFFFFFFFFFFFFFFFFFFFFFFFFFFF4C
:10C50000FFFFFFFFFFFFFFFFFFFFFFFFFFFFFFFF3B
:10C51000FFFFFFFFFFFFFFFFFFFFFFFFFFFFFFFF2B
:10C52000FFFFFFFFFFFFFFFFFFFFFFFFFFFFFFFF1B
:10C53000FFFFFFFFFFFFFFFFFFFFFFFFFFFFFFFF0B
:10C54000FFFFFFFFFFFFFFFFFFFFFFFFFFFFFFFFFB
:10C55000FFFFFFFFFFFFFFFFFFFFFFFFFFFFFFFFEB
:10C56000FFFFFFFFFFFFFFFFFFFFFFFFFFFFFFFFDB
:10C57000FFFFFFFFFFFFFFFFFFFFFFFFFFFFFFFFCB
:10C58000FFFFFFFFFFFFFFFFFFFFFFFFFFFFFFFFBB
:10C59000FFFFFFFFFFFFFFFFFFFFFFFFFFFFFFFFAB
:10C5A000FFFFFFFFFFFFFFFFFFFFFFFFFFFFFFFF9B
:10C5B000FFFFFFFFFFFFFFFFFFFFFFFFFFFFFFFF8B
:10C5C000FFFFFFFFFFFFFFFFFFFFFFFFFFFFFFFF7B
:10C5D000FFFFFFFFFFFFFFFFFFFFFFFFFFFFFFFF6B
:10C5E000FFFFFFFFFFFFFFFFFFFFFFFFFFFFFFFF5B
:10C5F000FFFFFFFFFFFFFFFFFFFFFFFFFFFFFFFF4B
:10C60000FFFFFFFFFFFFFFFFFFFFFFFFFFFFFFFF3A
:10C61000FFFFFFFFFFFFFFFFFFFFFFFFFFFFFFFF2A
:10C62000FFFFFFFFFFFFFFFFFFFFFFFFFFFFFFFF1A
:10C63000FFFFFFFFFFFFFFFFFFFFFFFFFFFFFFFF0A
:10C64000FFFFFFFFFFFFFFFFFFFFFFFFFFFFFFFFFA
:10C65000FFFFFFFFFFFFFFFFFFFFFFFFFFFFFFFFEA
:10C66000FFFFFFFFFFFFFFFFFFFFFFFFFFFFFFFFDA
:10C67000FFFFFFFFFFFFFFFFFFFFFFFFFFFFFFFFCA
:10C68000FFFFFFFFFFFFFFFFFFFFFFFFFFFFFFFFBA
:10C69000FFFFFFFFFFFFFFFFFFFFFFFFFFFFFFFFAA
:10C6A000FFFFFFFFFFFFFFFFFFFFFFFFFFFFFFFF9A
:10C6B000FFFFFFFFFFFFFFFFFFFFFFFFFFFFFFFF8A
:10C6C000FFFFFFFFFFFFFFFFFFFFFFFFFFFFFFFF7A
:10C6D000FFFFFFFFFFFFFFFFFFFFFFFFFFFFFFFF6A
:10C6E000FFFFFFFFFFFFFFFFFFFFFFFFFFFFFFFF5A
:10C6F000FFFFFFFFFFFFFFFFFFFFFFFFFFFFFFFF4A
:10C70000FFFFFFFFFFFFFFFFFFFFFFFFFFFFFFFF39
:10C71000FFFFFFFFFFFFFFFFFFFFFFFFFFFFFFFF29
:10C72000FFFFFFFFFFFFFFFFFFFFFFFFFFFFFFFF19
:10C73000FFFFFFFFFFFFFFFFFFFFFFFFFFFFFFFF09
:10C74000FFFFFFFFFFFFFFFFFFFFFFFFFFFFFFFFF9
:10C75000FFFFFFFFFFFFFFFFFFFFFFFFFFFFFFFFE9
:10C76000FFFFFFFFFFFFFFFFFFFFFFFFFFFFFFFFD9
:10C77000FFFFFFFFFFFFFFFFFFFFFFFFFFFFFFFFC9
:10C78000FFFFFFFFFFFFFFFFFFFFFFFFFFFFFFFFB9
:10C79000FFFFFFFFFFFFFFFFFFFFFFFFFFFFFFFFA9
:10C7A000FFFFFFFFFFFFFFFFFFFFFFFFFFFFFFFF99
:10C7B000FFFFFFFFFFFFFFFFFFFFFFFFFFFFFFFF89
:10C7C000FFFFFFFFFFFFFFFFFFFFFFFFFFFFFFFF79
:10C7D000FFFFFFFFFFFFFFFFFFFFFFFFFFFFFFFF69
:10C7E000FFFFFFFFFFFFFFFFFFFFFFFFFFFFFFFF59
:10C7F000FFFFFFFFFFFFFFFFFFFFFFFFFFFFFFFF49
:10C80000FFFFFFFFFFFFFFFFFFFFFFFFFFFFFFFF38
:10C81000FFFFFFFFFFFFFFFFFFFFFFFFFFFFFFFF28
:10C82000FFFFFFFFFFFFFFFFFFFFFFFFFFFFFFFF18
:10C83000FFFFFFFFFFFFFFFFFFFFFFFFFFFFFFFF08
:10C84000FFFFFFFFFFFFFFFFFFFFFFFFFFFFFFFFF8
:10C85000FFFFFFFFFFFFFFFFFFFFFFFFFFFFFFFFE8
:10C86000FFFFFFFFFFFFFFFFFFFFFFFFFFFFFFFFD8
:10C87000FFFFFFFFFFFFFFFFFFFFFFFFFFFFFFFFC8
:10C88000FFFFFFFFFFFFFFFFFFFFFFFFFFFFFFFFB8
:10C89000FFFFFFFFFFFFFFFFFFFFFFFFFFFFFFFFA8
:10C8A000FFFFFFFFFFFFFFFFFFFFFFFFFFFFFFFF98
:10C8B000FFFFFFFFFFFFFFFFFFFFFFFFFFFFFFFF88
:10C8C000FFFFFFFFFFFFFFFFFFFFFFFFFFFFFFFF78
:10C8D000FFFFFFFFFFFFFFFFFFFFFFFFFFFFFFFF68
:10C8E000FFFFFFFFFFFFFFFFFFFFFFFFFFFFFFFF58
:10C8F000FFFFFFFFFFFFFFFFFFFFFFFFFFFFFFFF48
:10C90000FFFFFFFFFFFFFFFFFFFFFFFFFFFFFFFF37
:10C91000FFFFFFFFFFFFFFFFFFFFFFFFFFFFFFFF27
:10C92000FFFFFFFFFFFFFFFFFFFFFFFFFFFFFFFF17
:10C93000FFFFFFFFFFFFFFFFFFFFFFFFFFFFFFFF07
:10C94000FFFFFFFFFFFFFFFFFFFFFFFFFFFFFFFFF7
:10C95000FFFFFFFFFFFFFFFFFFFFFFFFFFFFFFFFE7
:10C96000FFFFFFFFFFFFFFFFFFFFFFFFFFFFFFFFD7
:10C97000FFFFFFFFFFFFFFFFFFFFFFFFFFFFFFFFC7
:10C98000FFFFFFFFFFFFFFFFFFFFFFFFFFFFFFFFB7
:10C99000FFFFFFFFFFFFFFFFFFFFFFFFFFFFFFFFA7
:10C9A000FFFFFFFFFFFFFFFFFFFFFFFFFFFFFFFF97
:10C9B000FFFFFFFFFFFFFFFFFFFFFFFFFFFFFFFF87
:10C9C000FFFFFFFFFFFFFFFFFFFFFFFFFFFFFFFF77
:10C9D000FFFFFFFFFFFFFFFFFFFFFFFFFFFFFFFF67
:10C9E000FFFFFFFFFFFFFFFFFFFFFFFFFFFFFFFF57
:10C9F000FFFFFFFFFFFFFFFFFFFFFFFFFFFFFFFF47
:10CA0000FFFFFFFFFFFFFFFFFFFFFFFFFFFFFFFF36
:10CA1000FFFFFFFFFFFFFFFFFFFFFFFFFFFFFFFF26
:10CA2000FFFFFFFFFFFFFFFFFFFFFFFFFFFFFFFF16
:10CA3000FFFFFFFFFFFFFFFFFFFFFFFFFFFFFFFF06
:10CA4000FFFFFFFFFFFFFFFFFFFFFFFFFFFFFFFFF6
:10CA5000FFFFFFFFFFFFFFFFFFFFFFFFFFFFFFFFE6
:10CA6000FFFFFFFFFFFFFFFFFFFFFFFFFFFFFFFFD6
:10CA7000FFFFFFFFFFFFFFFFFFFFFFFFFFFFFFFFC6
:10CA8000FFFFFFFFFFFFFFFFFFFFFFFFFFFFFFFFB6
:10CA9000FFFFFFFFFFFFFFFFFFFFFFFFFFFFFFFFA6
:10CAA000FFFFFFFFFFFFFFFFFFFFFFFFFFFFFFFF96
:10CAB000FFFFFFFFFFFFFFFFFFFFFFFFFFFFFFFF86
:10CAC000FFFFFFFFFFFFFFFFFFFFFFFFFFFFFFFF76
:10CAD000FFFFFFFFFFFFFFFFFFFFFFFFFFFFFFFF66
:10CAE000FFFFFFFFFFFFFFFFFFFFFFFFFFFFFFFF56
:10CAF000FFFFFFFFFFFFFFFFFFFFFFFFFFFFFFFF46
:10CB0000FFFFFFFFFFFFFFFFFFFFFFFFFFFFFFFF35
:10CB1000FFFFFFFFFFFFFFFFFFFFFFFFFFFFFFFF25
:10CB2000FFFFFFFFFFFFFFFFFFFFFFFFFFFFFFFF15
:10CB3000FFFFFFFFFFFFFFFFFFFFFFFFFFFFFFFF05
:10CB4000FFFFFFFFFFFFFFFFFFFFFFFFFFFFFFFFF5
:10CB5000FFFFFFFFFFFFFFFFFFFFFFFFFFFFFFFFE5
:10CB6000FFFFFFFFFFFFFFFFFFFFFFFFFFFFFFFFD5
:10CB7000FFFFFFFFFFFFFFFFFFFFFFFFFFFFFFFFC5
:10CB8000FFFFFFFFFFFFFFFFFFFFFFFFFFFFFFFFB5
:10CB9000FFFFFFFFFFFFFFFFFFFFFFFFFFFFFFFFA5
:10CBA000FFFFFFFFFFFFFFFFFFFFFFFFFFFFFFFF95
:10CBB000FFFFFFFFFFFFFFFFFFFFFFFFFFFFFFFF85
:10CBC000FFFFFFFFFFFFFFFFFFFFFFFFFFFFFFFF75
:10CBD000FFFFFFFFFFFFFFFFFFFFFFFFFFFFFFFF65
:10CBE000FFFFFFFFFFFFFFFFFFFFFFFFFFFFFFFF55
:10CBF000FFFFFFFFFFFFFFFFFFFFFFFFFFFFFFFF45
:10CC0000FFFFFFFFFFFFFFFFFFFFFFFFFFFFFFFF34
:10CC1000FFFFFFFFFFFFFFFFFFFFFFFFFFFFFFFF24
:10CC2000FFFFFFFFFFFFFFFFFFFFFFFFFFFFFFFF14
:10CC3000FFFFFFFFFFFFFFFFFFFFFFFFFFFFFFFF04
:10CC4000FFFFFFFFFFFFFFFFFFFFFFFFFFFFFFFFF4
:10CC5000FFFFFFFFFFFFFFFFFFFFFFFFFFFFFFFFE4
:10CC6000FFFFFFFFFFFFFFFFFFFFFFFFFFFFFFFFD4
:10CC7000FFFFFFFFFFFFFFFFFFFFFFFFFFFFFFFFC4
:10CC8000FFFFFFFFFFFFFFFFFFFFFFFFFFFFFFFFB4
:10CC9000FFFFFFFFFFFFFFFFFFFFFFFFFFFFFFFFA4
:10CCA000FFFFFFFFFFFFFFFFFFFFFFFFFFFFFFFF94
:10CCB000FFFFFFFFFFFFFFFFFFFFFFFFFFFFFFFF84
:10CCC000FFFFFFFFFFFFFFFFFFFFFFFFFFFFFFFF74
:10CCD000FFFFFFFFFFFFFFFFFFFFFFFFFFFFFFFF64
:10CCE000FFFFFFFFFFFFFFFFFFFFFFFFFFFFFFFF54
:10CCF000FFFFFFFFFFFFFFFFFFFFFFFFFFFFFFFF44
:10CD0000FFFFFFFFFFFFFFFFFFFFFFFFFFFFFFFF33
:10CD1000FFFFFFFFFFFFFFFFFFFFFFFFFFFFFFFF23
:10CD2000FFFFFFFFFFFFFFFFFFFFFFFFFFFFFFFF13
:10CD3000FFFFFFFFFFFFFFFFFFFFFFFFFFFFFFFF03
:10CD4000FFFFFFFFFFFFFFFFFFFFFFFFFFFFFFFFF3
:10CD5000FFFFFFFFFFFFFFFFFFFFFFFFFFFFFFFFE3
:10CD6000FFFFFFFFFFFFFFFFFFFFFFFFFFFFFFFFD3
:10CD7000FFFFFFFFFFFFFFFFFFFFFFFFFFFFFFFFC3
:10CD8000FFFFFFFFFFFFFFFFFFFFFFFFFFFFFFFFB3
:10CD9000FFFFFFFFFFFFFFFFFFFFFFFFFFFFFFFFA3
:10CDA000FFFFFFFFFFFFFFFFFFFFFFFFFFFFFFFF93
:10CDB000FFFFFFFFFFFFFFFFFFFFFFFFFFFFFFFF83
:10CDC000FFFFFFFFFFFFFFFFFFFFFFFFFFFFFFFF73
:10CDD000FFFFFFFFFFFFFFFFFFFFFFFFFFFFFFFF63
:10CDE000FFFFFFFFFFFFFFFFFFFFFFFFFFFFFFFF53
:10CDF000FFFFFFFFFFFFFFFFFFFFFFFFFFFFFFFF43
:10CE0000FFFFFFFFFFFFFFFFFFFFFFFFFFFFFFFF32
:10CE1000FFFFFFFFFFFFFFFFFFFFFFFFFFFFFFFF22
:10CE2000FFFFFFFFFFFFFFFFFFFFFFFFFFFFFFFF12
:10CE3000FFFFFFFFFFFFFFFFFFFFFFFFFFFFFFFF02
:10CE4000FFFFFFFFFFFFFFFFFFFFFFFFFFFFFFFFF2
:10CE5000FFFFFFFFFFFFFFFFFFFFFFFFFFFFFFFFE2
:10CE6000FFFFFFFFFFFFFFFFFFFFFFFFFFFFFFFFD2
:10CE7000FFFFFFFFFFFFFFFFFFFFFFFFFFFFFFFFC2
:10CE8000FFFFFFFFFFFFFFFFFFFFFFFFFFFFFFFFB2
:10CE9000FFFFFFFFFFFFFFFFFFFFFFFFFFFFFFFFA2
:10CEA000FFFFFFFFFFFFFFFFFFFFFFFFFFFFFFFF92
:10CEB000FFFFFFFFFFFFFFFFFFFFFFFFFFFFFFFF82
:10CEC000FFFFFFFFFFFFFFFFFFFFFFFFFFFFFFFF72
:10CED000FFFFFFFFFFFFFFFFFFFFFFFFFFFFFFFF62
:10CEE000FFFFFFFFFFFFFFFFFFFFFFFFFFFFFFFF52
:10CEF000FFFFFFFFFFFFFFFFFFFFFFFFFFFFFFFF42
:10CF0000FFFFFFFFFFFFFFFFFFFFFFFFFFFFFFFF31
:10CF1000FFFFFFFFFFFFFFFFFFFFFFFFFFFFFFFF21
:10CF2000FFFFFFFFFFFFFFFFFFFFFFFFFFFFFFFF11
:10CF3000FFFFFFFFFFFFFFFFFFFFFFFFFFFFFFFF01
:10CF4000FFFFFFFFFFFFFFFFFFFFFFFFFFFFFFFFF1
:10CF5000FFFFFFFFFFFFFFFFFFFFFFFFFFFFFFFFE1
:10CF6000FFFFFFFFFFFFFFFFFFFFFFFFFFFFFFFFD1
:10CF7000FFFFFFFFFFFFFFFFFFFFFFFFFFFFFFFFC1
:10CF8000FFFFFFFFFFFFFFFFFFFFFFFFFFFFFFFFB1
:10CF9000FFFFFFFFFFFFFFFFFFFFFFFFFFFFFFFFA1
:10CFA000FFFFFFFFFFFFFFFFFFFFFFFFFFFFFFFF91
:10CFB000FFFFFFFFFFFFFFFFFFFFFFFFFFFFFFFF81
:10CFC000FFFFFFFFFFFFFFFFFFFFFFFFFFFFFFFF71
:10CFD000FFFFFFFFFFFFFFFFFFFFFFFFFFFFFFFF61
:10CFE000FFFFFFFFFFFFFFFFFFFFFFFFFFFFFFFF51
:10CFF000FFFFFFFFFFFFFFFFFFFFFFFFFFFFFFFF41
:10D00000FFFFFFFFFFFFFFFFFFFFFFFFFFFFFFFF30
:10D01000FFFFFFFFFFFFFFFFFFFFFFFFFFFFFFFF20
:10D02000FFFFFFFFFFFFFFFFFFFFFFFFFFFFFFFF10
:10D03000FFFFFFFFFFFFFFFFFFFFFFFFFFFFFFFF00
:10D04000FFFFFFFFFFFFFFFFFFFFFFFFFFFFFFFFF0
:10D05000FFFFFFFFFFFFFFFFFFFFFFFFFFFFFFFFE0
:10D06000FFFFFFFFFFFFFFFFFFFFFFFFFFFFFFFFD0
:10D07000FFFFFFFFFFFFFFFFFFFFFFFFFFFFFFFFC0
:10D08000FFFFFFFFFFFFFFFFFFFFFFFFFFFFFFFFB0
:10D09000FFFFFFFFFFFFFFFFFFFFFFFFFFFFFFFFA0
:10D0A000FFFFFFFFFFFFFFFFFFFFFFFFFFFFFFFF90
:10D0B000FFFFFFFFFFFFFFFFFFFFFFFFFFFFFFFF80
:10D0C000FFFFFFFFFFFFFFFFFFFFFFFFFFFFFFFF70
:10D0D000FFFFFFFFFFFFFFFFFFFFFFFFFFFFFFFF60
:10D0E000FFFFFFFFFFFFFFFFFFFFFFFFFFFFFFFF50
:10D0F000FFFFFFFFFFFFFFFFFFFFFFFFFFFFFFFF40
:10D10000FFFFFFFFFFFFFFFFFFFFFFFFFFFFFFFF2F
:10D11000FFFFFFFFFFFFFFFFFFFFFFFFFFFFFFFF1F
:10D12000FFFFFFFFFFFFFFFFFFFFFFFFFFFFFFFF0F
:10D13000FFFFFFFFFFFFFFFFFFFFFFFFFFFFFFFFFF
:10D14000FFFFFFFFFFFFFFFFFFFFFFFFFFFFFFFFEF
:10D15000FFFFFFFFFFFFFFFFFFFFFFFFFFFFFFFFDF
:10D16000FFFFFFFFFFFFFFFFFFFFFFFFFFFFFFFFCF
:10D17000FFFFFFFFFFFFFFFFFFFFFFFFFFFFFFFFBF
:10D18000FFFFFFFFFFFFFFFFFFFFFFFFFFFFFFFFAF
:10D19000FFFFFFFFFFFFFFFFFFFFFFFFFFFFFFFF9F
:10D1A000FFFFFFFFFFFFFFFFFFFFFFFFFFFFFFFF8F
:10D1B000FFFFFFFFFFFFFFFFFFFFFFFFFFFFFFFF7F
:10D1C000FFFFFFFFFFFFFFFFFFFFFFFFFFFFFFFF6F
:10D1D000FFFFFFFFFFFFFFFFFFFFFFFFFFFFFFFF5F
:10D1E000FFFFFFFFFFFFFFFFFFFFFFFFFFFFFFFF4F
:10D1F000FFFFFFFFFFFFFFFFFFFFFFFFFFFFFFFF3F
:10D20000FFFFFFFFFFFFFFFFFFFFFFFFFFFFFFFF2E
:10D21000FFFFFFFFFFFFFFFFFFFFFFFFFFFFFFFF1E
:10D22000FFFFFFFFFFFFFFFFFFFFFFFFFFFFFFFF0E
:10D23000FFFFFFFFFFFFFFFFFFFFFFFFFFFFFFFFFE
:10D24000FFFFFFFFFFFFFFFFFFFFFFFFFFFFFFFFEE
:10D25000FFFFFFFFFFFFFFFFFFFFFFFFFFFFFFFFDE
:10D26000FFFFFFFFFFFFFFFFFFFFFFFFFFFFFFFFCE
:10D27000FFFFFFFFFFFFFFFFFFFFFFFFFFFFFFFFBE
:10D28000FFFFFFFFFFFFFFFFFFFFFFFFFFFFFFFFAE
:10D29000FFFFFFFFFFFFFFFFFFFFFFFFFFFFFFFF9E
:10D2A000FFFFFFFFFFFFFFFFFFFFFFFFFFFFFFFF8E
:10D2B000FFFFFFFFFFFFFFFFFFFFFFFFFFFFFFFF7E
:10D2C000FFFFFFFFFFFFFFFFFFFFFFFFFFFFFFFF6E
:10D2D000FFFFFFFFFFFFFFFFFFFFFFFFFFFFFFFF5E
:10D2E000FFFFFFFFFFFFFFFFFFFFFFFFFFFFFFFF4E
:10D2F000FFFFFFFFFFFFFFFFFFFFFFFFFFFFFFFF3E
:10D30000FFFFFFFFFFFFFFFFFFFFFFFFFFFFFFFF2D
:10D31000FFFFFFFFFFFFFFFFFFFFFFFFFFFFFFFF1D
:10D32000FFFFFFFFFFFFFFFFFFFFFFFFFFFFFFFF0D
:10D33000FFFFFFFFFFFFFFFFFFFFFFFFFFFFFFFFFD
:10D34000FFFFFFFFFFFFFFFFFFFFFFFFFFFFFFFFED
:10D35000FFFFFFFFFFFFFFFFFFFFFFFFFFFFFFFFDD
:10D36000FFFFFFFFFFFFFFFFFFFFFFFFFFFFFFFFCD
:10D37000FFFFFFFFFFFFFFFFFFFFFFFFFFFFFFFFBD
:10D38000FFFFFFFFFFFFFFFFFFFFFFFFFFFFFFFFAD
:10D39000FFFFFFFFFFFFFFFFFFFFFFFFFFFFFFFF9D
:10D3A000FFFFFFFFFFFFFFFFFFFFFFFFFFFFFFFF8D
:10D3B000FFFFFFFFFFFFFFFFFFFFFFFFFFFFFFFF7D
:10D3C000FFFFFFFFFFFFFFFFFFFFFFFFFFFFFFFF6D
:10D3D000FFFFFFFFFFFFFFFFFFFFFFFFFFFFFFFF5D
:10D3E000FFFFFFFFFFFFFFFFFFFFFFFFFFFFFFFF4D
:10D3F000FFFFFFFFFFFFFFFFFFFFFFFFFFFFFFFF3D
:10D40000FFFFFFFFFFFFFFFFFFFFFFFFFFFFFFFF2C
:10D41000FFFFFFFFFFFFFFFFFFFFFFFFFFFFFFFF1C
:10D42000FFFFFFFFFFFFFFFFFFFFFFFFFFFFFFFF0C
:10D43000FFFFFFFFFFFFFFFFFFFFFFFFFFFFFFFFFC
:10D44000FFFFFFFFFFFFFFFFFFFFFFFFFFFFFFFFEC
:10D45000FFFFFFFFFFFFFFFFFFFFFFFFFFFFFFFFDC
:10D46000FFFFFFFFFFFFFFFFFFFFFFFFFFFFFFFFCC
:10D47000FFFFFFFFFFFFFFFFFFFFFFFFFFFFFFFFBC
:10D48000FFFFFFFFFFFFFFFFFFFFFFFFFFFFFFFFAC
:10D49000FFFFFFFFFFFFFFFFFFFFFFFFFFFFFFFF9C
:10D4A000FFFFFFFFFFFFFFFFFFFFFFFFFFFFFFFF8C
:10D4B000FFFFFFFFFFFFFFFFFFFFFFFFFFFFFFFF7C
:10D4C000FFFFFFFFFFFFFFFFFFFFFFFFFFFFFFFF6C
:10D4D000FFFFFFFFFFFFFFFFFFFFFFFFFFFFFFFF5C
:10D4E000FFFFFFFFFFFFFFFFFFFFFFFFFFFFFFFF4C
:10D4F000FFFFFFFFFFFFFFFFFFFFFFFFFFFFFFFF3C
:10D50000FFFFFFFFFFFFFFFFFFFFFFFFFFFFFFFF2B
:10D51000FFFFFFFFFFFFFFFFFFFFFFFFFFFFFFFF1B
:10D52000FFFFFFFFFFFFFFFFFFFFFFFFFFFFFFFF0B
:10D53000FFFFFFFFFFFFFFFFFFFFFFFFFFFFFFFFFB
:10D54000FFFFFFFFFFFFFFFFFFFFFFFFFFFFFFFFEB
:10D55000FFFFFFFFFFFFFFFFFFFFFFFFFFFFFFFFDB
:10D56000FFFFFFFFFFFFFFFFFFFFFFFFFFFFFFFFCB
:10D57000FFFFFFFFFFFFFFFFFFFFFFFFFFFFFFFFBB
:10D58000FFFFFFFFFFFFFFFFFFFFFFFFFFFFFFFFAB
:10D59000FFFFFFFFFFFFFFFFFFFFFFFFFFFFFFFF9B
:10D5A000FFFFFFFFFFFFFFFFFFFFFFFFFFFFFFFF8B
:10D5B000FFFFFFFFFFFFFFFFFFFFFFFFFFFFFFFF7B
:10D5C000FFFFFFFFFFFFFFFFFFFFFFFFFFFFFFFF6B
:10D5D000FFFFFFFFFFFFFFFFFFFFFFFFFFFFFFFF5B
:10D5E000FFFFFFFFFFFFFFFFFFFFFFFFFFFFFFFF4B
:10D5F000FFFFFFFFFFFFFFFFFFFFFFFFFFFFFFFF3B
:10D60000FFFFFFFFFFFFFFFFFFFFFFFFFFFFFFFF2A
:10D61000FFFFFFFFFFFFFFFFFFFFFFFFFFFFFFFF1A
:10D62000FFFFFFFFFFFFFFFFFFFFFFFFFFFFFFFF0A
:10D63000FFFFFFFFFFFFFFFFFFFFFFFFFFFFFFFFFA
:10D64000FFFFFFFFFFFFFFFFFFFFFFFFFFFFFFFFEA
:10D65000FFFFFFFFFFFFFFFFFFFFFFFFFFFFFFFFDA
:10D66000FFFFFFFFFFFFFFFFFFFFFFFFFFFFFFFFCA
:10D67000FFFFFFFFFFFFFFFFFFFFFFFFFFFFFFFFBA
:10D68000FFFFFFFFFFFFFFFFFFFFFFFFFFFFFFFFAA
:10D69000FFFFFFFFFFFFFFFFFFFFFFFFFFFFFFFF9A
:10D6A000FFFFFFFFFFFFFFFFFFFFFFFFFFFFFFFF8A
:10D6B000FFFFFFFFFFFFFFFFFFFFFFFFFFFFFFFF7A
:10D6C000FFFFFFFFFFFFFFFFFFFFFFFFFFFFFFFF6A
:10D6D000FFFFFFFFFFFFFFFFFFFFFFFFFFFFFFFF5A
:10D6E000FFFFFFFFFFFFFFFFFFFFFFFFFFFFFFFF4A
:10D6F000FFFFFFFFFFFFFFFFFFFFFFFFFFFFFFFF3A
:10D70000FFFFFFFFFFFFFFFFFFFFFFFFFFFFFFFF29
:10D71000FFFFFFFFFFFFFFFFFFFFFFFFFFFFFFFF19
:10D72000FFFFFFFFFFFFFFFFFFFFFFFFFFFFFFFF09
:10D73000FFFFFFFFFFFFFFFFFFFFFFFFFFFFFFFFF9
:10D74000FFFFFFFFFFFFFFFFFFFFFFFFFFFFFFFFE9
:10D75000FFFFFFFFFFFFFFFFFFFFFFFFFFFFFFFFD9
:10D76000FFFFFFFFFFFFFFFFFFFFFFFFFFFFFFFFC9
:10D77000FFFFFFFFFFFFFFFFFFFFFFFFFFFFFFFFB9
:10D78000FFFFFFFFFFFFFFFFFFFFFFFFFFFFFFFFA9
:10D79000FFFFFFFFFFFFFFFFFFFFFFFFFFFFFFFF99
:10D7A000FFFFFFFFFFFFFFFFFFFFFFFFFFFFFFFF89
:10D7B000FFFFFFFFFFFFFFFFFFFFFFFFFFFFFFFF79
:10D7C000FFFFFFFFFFFFFFFFFFFFFFFFFFFFFFFF69
:10D7D000FFFFFFFFFFFFFFFFFFFFFFFFFFFFFFFF59
:10D7E000FFFFFFFFFFFFFFFFFFFFFFFFFFFFFFFF49
:10D7F000FFFFFFFFFFFFFFFFFFFFFFFFFFFFFFFF39
:10D80000FFFFFFFFFFFFFFFFFFFFFFFFFFFFFFFF28
:10D81000FFFFFFFFFFFFFFFFFFFFFFFFFFFFFFFF18
:10D82000FFFFFFFFFFFFFFFFFFFFFFFFFFFFFFFF08
:10D83000FFFFFFFFFFFFFFFFFFFFFFFFFFFFFFFFF8
:10D84000FFFFFFFFFFFFFFFFFFFFFFFFFFFFFFFFE8
:10D85000FFFFFFFFFFFFFFFFFFFFFFFFFFFFFFFFD8
:10D86000FFFFFFFFFFFFFFFFFFFFFFFFFFFFFFFFC8
:10D87000FFFFFFFFFFFFFFFFFFFFFFFFFFFFFFFFB8
:10D88000FFFFFFFFFFFFFFFFFFFFFFFFFFFFFFFFA8
:10D89000FFFFFFFFFFFFFFFFFFFFFFFFFFFFFFFF98
:10D8A000FFFFFFFFFFFFFFFFFFFFFFFFFFFFFFFF88
:10D8B000FFFFFFFFFFFFFFFFFFFFFFFFFFFFFFFF78
:10D8C000FFFFFFFFFFFFFFFFFFFFFFFFFFFFFFFF68
:10D8D000FFFFFFFFFFFFFFFFFFFFFFFFFFFFFFFF58
:10D8E000FFFFFFFFFFFFFFFFFFFFFFFFFFFFFFFF48
:10D8F000FFFFFFFFFFFFFFFFFFFFFFFFFFFFFFFF38
:10D90000FFFFFFFFFFFFFFFFFFFFFFFFFFFFFFFF27
:10D91000FFFFFFFFFFFFFFFFFFFFFFFFFFFFFFFF17
:10D92000FFFFFFFFFFFFFFFFFFFFFFFFFFFFFFFF07
:10D93000FFFFFFFFFFFFFFFFFFFFFFFFFFFFFFFFF7
:10D94000FFFFFFFFFFFFFFFFFFFFFFFFFFFFFFFFE7
:10D95000FFFFFFFFFFFFFFFFFFFFFFFFFFFFFFFFD7
:10D96000FFFFFFFFFFFFFFFFFFFFFFFFFFFFFFFFC7
:10D97000FFFFFFFFFFFFFFFFFFFFFFFFFFFFFFFFB7
:10D98000FFFFFFFFFFFFFFFFFFFFFFFFFFFFFFFFA7
:10D99000FFFFFFFFFFFFFFFFFFFFFFFFFFFFFFFF97
:10D9A000FFFFFFFFFFFFFFFFFFFFFFFFFFFFFFFF87
:10D9B000FFFFFFFFFFFFFFFFFFFFFFFFFFFFFFFF77
:10D9C000FFFFFFFFFFFFFFFFFFFFFFFFFFFFFFFF67
:10D9D000FFFFFFFFFFFFFFFFFFFFFFFFFFFFFFFF57
:10D9E000FFFFFFFFFFFFFFFFFFFFFFFFFFFFFFFF47
:10D9F000FFFFFFFFFFFFFFFFFFFFFFFFFFFFFFFF37
:10DA0000FFFFFFFFFFFFFFFFFFFFFFFFFFFFFFFF26
:10DA1000FFFFFFFFFFFFFFFFFFFFFFFFFFFFFFFF16
:10DA2000FFFFFFFFFFFFFFFFFFFFFFFFFFFFFFFF06
:10DA3000FFFFFFFFFFFFFFFFFFFFFFFFFFFFFFFFF6
:10DA4000FFFFFFFFFFFFFFFFFFFFFFFFFFFFFFFFE6
:10DA5000FFFFFFFFFFFFFFFFFFFFFFFFFFFFFFFFD6
:10DA6000FFFFFFFFFFFFFFFFFFFFFFFFFFFFFFFFC6
:10DA7000FFFFFFFFFFFFFFFFFFFFFFFFFFFFFFFFB6
:10DA8000FFFFFFFFFFFFFFFFFFFFFFFFFFFFFFFFA6
:10DA9000FFFFFFFFFFFFFFFFFFFFFFFFFFFFFFFF96
:10DAA000FFFFFFFFFFFFFFFFFFFFFFFFFFFFFFFF86
:10DAB000FFFFFFFFFFFFFFFFFFFFFFFFFFFFFFFF76
:10DAC000FFFFFFFFFFFFFFFFFFFFFFFFFFFFFFFF66
:10DAD000FFFFFFFFFFFFFFFFFFFFFFFFFFFFFFFF56
:10DAE000FFFFFFFFFFFFFFFFFFFFFFFFFFFFFFFF46
:10DAF000FFFFFFFFFFFFFFFFFFFFFFFFFFFFFFFF36
:10DB0000FFFFFFFFFFFFFFFFFFFFFFFFFFFFFFFF25
:10DB1000FFFFFFFFFFFFFFFFFFFFFFFFFFFFFFFF15
:10DB2000FFFFFFFFFFFFFFFFFFFFFFFFFFFFFFFF05
:10DB3000FFFFFFFFFFFFFFFFFFFFFFFFFFFFFFFFF5
:10DB4000FFFFFFFFFFFFFFFFFFFFFFFFFFFFFFFFE5
:10DB5000FFFFFFFFFFFFFFFFFFFFFFFFFFFFFFFFD5
:10DB6000FFFFFFFFFFFFFFFFFFFFFFFFFFFFFFFFC5
:10DB7000FFFFFFFFFFFFFFFFFFFFFFFFFFFFFFFFB5
:10DB8000FFFFFFFFFFFFFFFFFFFFFFFFFFFFFFFFA5
:10DB9000FFFFFFFFFFFFFFFFFFFFFFFFFFFFFFFF95
:10DBA000FFFFFFFFFFFFFFFFFFFFFFFFFFFFFFFF85
:10DBB000FFFFFFFFFFFFFFFFFFFFFFFFFFFFFFFF75
:10DBC000FFFFFFFFFFFFFFFFFFFFFFFFFFFFFFFF65
:10DBD000FFFFFFFFFFFFFFFFFFFFFFFFFFFFFFFF55
:10DBE000FFFFFFFFFFFFFFFFFFFFFFFFFFFFFFFF45
:10DBF000FFFFFFFFFFFFFFFFFFFFFFFFFFFFFFFF35
:10DC0000FFFFFFFFFFFFFFFFFFFFFFFFFFFFFFFF24
:10DC1000FFFFFFFFFFFFFFFFFFFFFFFFFFFFFFFF14
:10DC2000FFFFFFFFFFFFFFFFFFFFFFFFFFFFFFFF04
:10DC3000FFFFFFFFFFFFFFFFFFFFFFFFFFFFFFFFF4
:10DC4000FFFFFFFFFFFFFFFFFFFFFFFFFFFFFFFFE4
:10DC5000FFFFFFFFFFFFFFFFFFFFFFFFFFFFFFFFD4
:10DC6000FFFFFFFFFFFFFFFFFFFFFFFFFFFFFFFFC4
:10DC7000FFFFFFFFFFFFFFFFFFFFFFFFFFFFFFFFB4
:10DC8000FFFFFFFFFFFFFFFFFFFFFFFFFFFFFFFFA4
:10DC9000FFFFFFFFFFFFFFFFFFFFFFFFFFFFFFFF94
:10DCA000FFFFFFFFFFFFFFFFFFFFFFFFFFFFFFFF84
:10DCB000FFFFFFFFFFFFFFFFFFFFFFFFFFFFFFFF74
:10DCC000FFFFFFFFFFFFFFFFFFFFFFFFFFFFFFFF64
:10DCD000FFFFFFFFFFFFFFFFFFFFFFFFFFFFFFFF54
:10DCE000FFFFFFFFFFFFFFFFFFFFFFFFFFFFFFFF44
:10DCF000FFFFFFFFFFFFFFFFFFFFFFFFFFFFFFFF34
:10DD0000FFFFFFFFFFFFFFFFFFFFFFFFFFFFFFFF23
:10DD1000FFFFFFFFFFFFFFFFFFFFFFFFFFFFFFFF13
:10DD2000FFFFFFFFFFFFFFFFFFFFFFFFFFFFFFFF03
:10DD3000FFFFFFFFFFFFFFFFFFFFFFFFFFFFFFFFF3
:10DD4000FFFFFFFFFFFFFFFFFFFFFFFFFFFFFFFFE3
:10DD5000FFFFFFFFFFFFFFFFFFFFFFFFFFFFFFFFD3
:10DD6000FFFFFFFFFFFFFFFFFFFFFFFFFFFFFFFFC3
:10DD7000FFFFFFFFFFFFFFFFFFFFFFFFFFFFFFFFB3
:10DD8000FFFFFFFFFFFFFFFFFFFFFFFFFFFFFFFFA3
:10DD9000FFFFFFFFFFFFFFFFFFFFFFFFFFFFFFFF93
:10DDA000FFFFFFFFFFFFFFFFFFFFFFFFFFFFFFFF83
:10DDB000FFFFFFFFFFFFFFFFFFFFFFFFFFFFFFFF73
:10DDC000FFFFFFFFFFFFFFFFFFFFFFFFFFFFFFFF63
:10DDD000FFFFFFFFFFFFFFFFFFFFFFFFFFFFFFFF53
:10DDE000FFFFFFFFFFFFFFFFFFFFFFFFFFFFFFFF43
:10DDF000FFFFFFFFFFFFFFFFFFFFFFFFFFFFFFFF33
:10DE0000FFFFFFFFFFFFFFFFFFFFFFFFFFFFFFFF22
:10DE1000FFFFFFFFFFFFFFFFFFFFFFFFFFFFFFFF12
:10DE2000FFFFFFFFFFFFFFFFFFFFFFFFFFFFFFFF02
:10DE3000FFFFFFFFFFFFFFFFFFFFFFFFFFFFFFFFF2
:10DE4000FFFFFFFFFFFFFFFFFFFFFFFFFFFFFFFFE2
:10DE5000FFFFFFFFFFFFFFFFFFFFFFFFFFFFFFFFD2
:10DE6000FFFFFFFFFFFFFFFFFFFFFFFFFFFFFFFFC2
:10DE7000FFFFFFFFFFFFFFFFFFFFFFFFFFFFFFFFB2
:10DE8000FFFFFFFFFFFFFFFFFFFFFFFFFFFFFFFFA2
:10DE9000FFFFFFFFFFFFFFFFFFFFFFFFFFFFFFFF92
:10DEA000FFFFFFFFFFFFFFFFFFFFFFFFFFFFFFFF82
:10DEB000FFFFFFFFFFFFFFFFFFFFFFFFFFFFFFFF72
:10DEC000FFFFFFFFFFFFFFFFFFFFFFFFFFFFFFFF62
:10DED000FFFFFFFFFFFFFFFFFFFFFFFFFFFFFFFF52
:10DEE000FFFFFFFFFFFFFFFFFFFFFFFFFFFFFFFF42
:10DEF000FFFFFFFFFFFFFFFFFFFFFFFFFFFFFFFF32
:10DF0000FFFFFFFFFFFFFFFFFFFFFFFFFFFFFFFF21
:10DF1000FFFFFFFFFFFFFFFFFFFFFFFFFFFFFFFF11
:10DF2000FFFFFFFFFFFFFFFFFFFFFFFFFFFFFFFF01
:10DF3000FFFFFFFFFFFFFFFFFFFFFFFFFFFFFFFFF1
:10DF4000FFFFFFFFFFFFFFFFFFFFFFFFFFFFFFFFE1
:10DF5000FFFFFFFFFFFFFFFFFFFFFFFFFFFFFFFFD1
:10DF6000FFFFFFFFFFFFFFFFFFFFFFFFFFFFFFFFC1
:10DF7000FFFFFFFFFFFFFFFFFFFFFFFFFFFFFFFFB1
:10DF8000FFFFFFFFFFFFFFFFFFFFFFFFFFFFFFFFA1
:10DF9000FFFFFFFFFFFFFFFFFFFFFFFFFFFFFFFF91
:10DFA000FFFFFFFFFFFFFFFFFFFFFFFFFFFFFFFF81
:10DFB000FFFFFFFFFFFFFFFFFFFFFFFFFFFFFFFF71
:10DFC000FFFFFFFFFFFFFFFFFFFFFFFFFFFFFFFF61
:10DFD000FFFFFFFFFFFFFFFFFFFFFFFFFFFFFFFF51
:10DFE000FFFFFFFFFFFFFFFFFFFFFFFFFFFFFFFF41
:10DFF000FFFFFFFFFFFFFFFFFFFFFFFFFFFFFFFF31
:10E00000FFFFFFFFFFFFFFFFFFFFFFFFFFFFFFFF20
:10E01000FFFFFFFFFFFFFFFFFFFFFFFFFFFFFFFF10
:10E02000FFFFFFFFFFFFFFFFFFFFFFFFFFFFFFFF00
:10E03000FFFFFFFFFFFFFFFFFFFFFFFFFFFFFFFFF0
:10E04000FFFFFFFFFFFFFFFFFFFFFFFFFFFFFFFFE0
:10E05000FFFFFFFFFFFFFFFFFFFFFFFFFFFFFFFFD0
:10E06000FFFFFFFFFFFFFFFFFFFFFFFFFFFFFFFFC0
:10E07000FFFFFFFFFFFFFFFFFFFFFFFFFFFFFFFFB0
:10E08000FFFFFFFFFFFFFFFFFFFFFFFFFFFFFFFFA0
:10E09000FFFFFFFFFFFFFFFFFFFFFFFFFFFFFFFF90
:10E0A000FFFFFFFFFFFFFFFFFFFFFFFFFFFFFFFF80
:10E0B000FFFFFFFFFFFFFFFFFFFFFFFFFFFFFFFF70
:10E0C000FFFFFFFFFFFFFFFFFFFFFFFFFFFFFFFF60
:10E0D000FFFFFFFFFFFFFFFFFFFFFFFFFFFFFFFF50
:10E0E000FFFFFFFFFFFFFFFFFFFFFFFFFFFFFFFF40
:10E0F000FFFFFFFFFFFFFFFFFFFFFFFFFFFFFFFF30
:10E10000FFFFFFFFFFFFFFFFFFFFFFFFFFFFFFFF1F
:10E11000FFFFFFFFFFFFFFFFFFFFFFFFFFFFFFFF0F
:10E12000FFFFFFFFFFFFFFFFFFFFFFFFFFFFFFFFFF
:10E13000FFFFFFFFFFFFFFFFFFFFFFFFFFFFFFFFEF
:10E14000FFFFFFFFFFFFFFFFFFFFFFFFFFFFFFFFDF
:10E15000FFFFFFFFFFFFFFFFFFFFFFFFFFFFFFFFCF
:10E16000FFFFFFFFFFFFFFFFFFFFFFFFFFFFFFFFBF
:10E17000FFFFFFFFFFFFFFFFFFFFFFFFFFFFFFFFAF
:10E18000FFFFFFFFFFFFFFFFFFFFFFFFFFFFFFFF9F
:10E19000FFFFFFFFFFFFFFFFFFFFFFFFFFFFFFFF8F
:10E1A000FFFFFFFFFFFFFFFFFFFFFFFFFFFFFFFF7F
:10E1B000FFFFFFFFFFFFFFFFFFFFFFFFFFFFFFFF6F
:10E1C000FFFFFFFFFFFFFFFFFFFFFFFFFFFFFFFF5F
:10E1D000FFFFFFFFFFFFFFFFFFFFFFFFFFFFFFFF4F
:10E1E000FFFFFFFFFFFFFFFFFFFFFFFFFFFFFFFF3F
:10E1F000FFFFFFFFFFFFFFFFFFFFFFFFFFFFFFFF2F
:10E20000FFFFFFFFFFFFFFFFFFFFFFFFFFFFFFFF1E
:10E21000FFFFFFFFFFFFFFFFFFFFFFFFFFFFFFFF0E
:10E22000FFFFFFFFFFFFFFFFFFFFFFFFFFFFFFFFFE
:10E23000FFFFFFFFFFFFFFFFFFFFFFFFFFFFFFFFEE
:10E24000FFFFFFFFFFFFFFFFFFFFFFFFFFFFFFFFDE
:10E25000FFFFFFFFFFFFFFFFFFFFFFFFFFFFFFFFCE
:10E26000FFFFFFFFFFFFFFFFFFFFFFFFFFFFFFFFBE
:10E27000FFFFFFFFFFFFFFFFFFFFFFFFFFFFFFFFAE
:10E28000FFFFFFFFFFFFFFFFFFFFFFFFFFFFFFFF9E
:10E29000FFFFFFFFFFFFFFFFFFFFFFFFFFFFFFFF8E
:10E2A000FFFFFFFFFFFFFFFFFFFFFFFFFFFFFFFF7E
:10E2B000FFFFFFFFFFFFFFFFFFFFFFFFFFFFFFFF6E
:10E2C000FFFFFFFFFFFFFFFFFFFFFFFFFFFFFFFF5E
:10E2D000FFFFFFFFFFFFFFFFFFFFFFFFFFFFFFFF4E
:10E2E000FFFFFFFFFFFFFFFFFFFFFFFFFFFFFFFF3E
:10E2F000FFFFFFFFFFFFFFFFFFFFFFFFFFFFFFFF2E
:10E30000FFFFFFFFFFFFFFFFFFFFFFFFFFFFFFFF1D
:10E31000FFFFFFFFFFFFFFFFFFFFFFFFFFFFFFFF0D
:10E32000FFFFFFFFFFFFFFFFFFFFFFFFFFFFFFFFFD
:10E33000FFFFFFFFFFFFFFFFFFFFFFFFFFFFFFFFED
:10E34000FFFFFFFFFFFFFFFFFFFFFFFFFFFFFFFFDD
:10E35000FFFFFFFFFFFFFFFFFFFFFFFFFFFFFFFFCD
:10E36000FFFFFFFFFFFFFFFFFFFFFFFFFFFFFFFFBD
:10E37000FFFFFFFFFFFFFFFFFFFFFFFFFFFFFFFFAD
:10E38000FFFFFFFFFFFFFFFFFFFFFFFFFFFFFFFF9D
:10E39000FFFFFFFFFFFFFFFFFFFFFFFFFFFFFFFF8D
:10E3A000FFFFFFFFFFFFFFFFFFFFFFFFFFFFFFFF7D
:10E3B000FFFFFFFFFFFFFFFFFFFFFFFFFFFFFFFF6D
:10E3C000FFFFFFFFFFFFFFFFFFFFFFFFFFFFFFFF5D
:10E3D000FFFFFFFFFFFFFFFFFFFFFFFFFFFFFFFF4D
:10E3E000FFFFFFFFFFFFFFFFFFFFFFFFFFFFFFFF3D
:10E3F000FFFFFFFFFFFFFFFFFFFFFFFFFFFFFFFF2D
:10E40000FFFFFFFFFFFFFFFFFFFFFFFFFFFFFFFF1C
:10E41000FFFFFFFFFFFFFFFFFFFFFFFFFFFFFFFF0C
:10E42000FFFFFFFFFFFFFFFFFFFFFFFFFFFFFFFFFC
:10E43000FFFFFFFFFFFFFFFFFFFFFFFFFFFFFFFFEC
:10E44000FFFFFFFFFFFFFFFFFFFFFFFFFFFFFFFFDC
:10E45000FFFFFFFFFFFFFFFFFFFFFFFFFFFFFFFFCC
:10E46000FFFFFFFFFFFFFFFFFFFFFFFFFFFFFFFFBC
:10E47000FFFFFFFFFFFFFFFFFFFFFFFFFFFFFFFFAC
:10E48000FFFFFFFFFFFFFFFFFFFFFFFFFFFFFFFF9C
:10E49000FFFFFFFFFFFFFFFFFFFFFFFFFFFFFFFF8C
:10E4A000FFFFFFFFFFFFFFFFFFFFFFFFFFFFFFFF7C
:10E4B000FFFFFFFFFFFFFFFFFFFFFFFFFFFFFFFF6C
:10E4C000FFFFFFFFFFFFFFFFFFFFFFFFFFFFFFFF5C
:10E4D000FFFFFFFFFFFFFFFFFFFFFFFFFFFFFFFF4C
:10E4E000FFFFFFFFFFFFFFFFFFFFFFFFFFFFFFFF3C
:10E4F000FFFFFFFFFFFFFFFFFFFFFFFFFFFFFFFF2C
:10E50000FFFFFFFFFFFFFFFFFFFFFFFFFFFFFFFF1B
:10E51000FFFFFFFFFFFFFFFFFFFFFFFFFFFFFFFF0B
:10E52000FFFFFFFFFFFFFFFFFFFFFFFFFFFFFFFFFB
:10E53000FFFFFFFFFFFFFFFFFFFFFFFFFFFFFFFFEB
:10E54000FFFFFFFFFFFFFFFFFFFFFFFFFFFFFFFFDB
:10E55000FFFFFFFFFFFFFFFFFFFFFFFFFFFFFFFFCB
:10E56000FFFFFFFFFFFFFFFFFFFFFFFFFFFFFFFFBB
:10E57000FFFFFFFFFFFFFFFFFFFFFFFFFFFFFFFFAB
:10E58000FFFFFFFFFFFFFFFFFFFFFFFFFFFFFFFF9B
:10E59000FFFFFFFFFFFFFFFFFFFFFFFFFFFFFFFF8B
:10E5A000FFFFFFFFFFFFFFFFFFFFFFFFFFFFFFFF7B
:10E5B000FFFFFFFFFFFFFFFFFFFFFFFFFFFFFFFF6B
:10E5C000FFFFFFFFFFFFFFFFFFFFFFFFFFFFFFFF5B
:10E5D000FFFFFFFFFFFFFFFFFFFFFFFFFFFFFFFF4B
:10E5E000FFFFFFFFFFFFFFFFFFFFFFFFFFFFFFFF3B
:10E5F000FFFFFFFFFFFFFFFFFFFFFFFFFFFFFFFF2B
:10E60000FFFFFFFFFFFFFFFFFFFFFFFFFFFFFFFF1A
:10E61000FFFFFFFFFFFFFFFFFFFFFFFFFFFFFFFF0A
:10E62000FFFFFFFFFFFFFFFFFFFFFFFFFFFFFFFFFA
:10E63000FFFFFFFFFFFFFFFFFFFFFFFFFFFFFFFFEA
:10E64000FFFFFFFFFFFFFFFFFFFFFFFFFFFFFFFFDA
:10E65000FFFFFFFFFFFFFFFFFFFFFFFFFFFFFFFFCA
:10E66000FFFFFFFFFFFFFFFFFFFFFFFFFFFFFFFFBA
:10E67000FFFFFFFFFFFFFFFFFFFFFFFFFFFFFFFFAA
:10E68000FFFFFFFFFFFFFFFFFFFFFFFFFFFFFFFF9A
:10E69000FFFFFFFFFFFFFFFFFFFFFFFFFFFFFFFF8A
:10E6A000FFFFFFFFFFFFFFFFFFFFFFFFFFFFFFFF7A
:10E6B000FFFFFFFFFFFFFFFFFFFFFFFFFFFFFFFF6A
:10E6C000FFFFFFFFFFFFFFFFFFFFFFFFFFFFFFFF5A
:10E6D000FFFFFFFFFFFFFFFFFFFFFFFFFFFFFFFF4A
:10E6E000FFFFFFFFFFFFFFFFFFFFFFFFFFFFFFFF3A
:10E6F000FFFFFFFFFFFFFFFFFFFFFFFFFFFFFFFF2A
:10E70000FFFFFFFFFFFFFFFFFFFFFFFFFFFFFFFF19
:10E71000FFFFFFFFFFFFFFFFFFFFFFFFFFFFFFFF09
:10E72000FFFFFFFFFFFFFFFFFFFFFFFFFFFFFFFFF9
:10E73000FFFFFFFFFFFFFFFFFFFFFFFFFFFFFFFFE9
:10E74000FFFFFFFFFFFFFFFFFFFFFFFFFFFFFFFFD9
:10E75000FFFFFFFFFFFFFFFFFFFFFFFFFFFFFFFFC9
:10E76000FFFFFFFFFFFFFFFFFFFFFFFFFFFFFFFFB9
:10E77000FFFFFFFFFFFFFFFFFFFFFFFFFFFFFFFFA9
:10E78000FFFFFFFFFFFFFFFFFFFFFFFFFFFFFFFF99
:10E79000FFFFFFFFFFFFFFFFFFFFFFFFFFFFFFFF89
:10E7A000FFFFFFFFFFFFFFFFFFFFFFFFFFFFFFFF79
:10E7B000FFFFFFFFFFFFFFFFFFFFFFFFFFFFFFFF69
:10E7C000FFFFFFFFFFFFFFFFFFFFFFFFFFFFFFFF59
:10E7D000FFFFFFFFFFFFFFFFFFFFFFFFFFFFFFFF49
:10E7E000FFFFFFFFFFFFFFFFFFFFFFFFFFFFFFFF39
:10E7F000FFFFFFFFFFFFFFFFFFFFFFFFFFFFFFFF29
:10E80000FFFFFFFFFFFFFFFFFFFFFFFFFFFFFFFF18
:10E81000FFFFFFFFFFFFFFFFFFFFFFFFFFFFFFFF08
:10E82000FFFFFFFFFFFFFFFFFFFFFFFFFFFFFFFFF8
:10E83000FFFFFFFFFFFFFFFFFFFFFFFFFFFFFFFFE8
:10E84000FFFFFFFFFFFFFFFFFFFFFFFFFFFFFFFFD8
:10E85000FFFFFFFFFFFFFFFFFFFFFFFFFFFFFFFFC8
:10E86000FFFFFFFFFFFFFFFFFFFFFFFFFFFFFFFFB8
:10E87000FFFFFFFFFFFFFFFFFFFFFFFFFFFFFFFFA8
:10E88000FFFFFFFFFFFFFFFFFFFFFFFFFFFFFFFF98
:10E89000FFFFFFFFFFFFFFFFFFFFFFFFFFFFFFFF88
:10E8A000FFFFFFFFFFFFFFFFFFFFFFFFFFFFFFFF78
:10E8B000FFFFFFFFFFFFFFFFFFFFFFFFFFFFFFFF68
:10E8C000FFFFFFFFFFFFFFFFFFFFFFFFFFFFFFFF58
:10E8D000FFFFFFFFFFFFFFFFFFFFFFFFFFFFFFFF48
:10E8E000FFFFFFFFFFFFFFFFFFFFFFFFFFFFFFFF38
:10E8F000FFFFFFFFFFFFFFFFFFFFFFFFFFFFFFFF28
:10E90000FFFFFFFFFFFFFFFFFFFFFFFFFFFFFFFF17
:10E91000FFFFFFFFFFFFFFFFFFFFFFFFFFFFFFFF07
:10E92000FFFFFFFFFFFFFFFFFFFFFFFFFFFFFFFFF7
:10E93000FFFFFFFFFFFFFFFFFFFFFFFFFFFFFFFFE7
:10E94000FFFFFFFFFFFFFFFFFFFFFFFFFFFFFFFFD7
:10E95000FFFFFFFFFFFFFFFFFFFFFFFFFFFFFFFFC7
:10E96000FFFFFFFFFFFFFFFFFFFFFFFFFFFFFFFFB7
:10E97000FFFFFFFFFFFFFFFFFFFFFFFFFFFFFFFFA7
:10E98000FFFFFFFFFFFFFFFFFFFFFFFFFFFFFFFF97
:10E99000FFFFFFFFFFFFFFFFFFFFFFFFFFFFFFFF87
:10E9A000FFFFFFFFFFFFFFFFFFFFFFFFFFFFFFFF77
:10E9B000FFFFFFFFFFFFFFFFFFFFFFFFFFFFFFFF67
:10E9C000FFFFFFFFFFFFFFFFFFFFFFFFFFFFFFFF57
:10E9D000FFFFFFFFFFFFFFFFFFFFFFFFFFFFFFFF47
:10E9E000FFFFFFFFFFFFFFFFFFFFFFFFFFFFFFFF37
:10E9F000FFFFFFFFFFFFFFFFFFFFFFFFFFFFFFFF27
:10EA0000FFFFFFFFFFFFFFFFFFFFFFFFFFFFFFFF16
:10EA1000FFFFFFFFFFFFFFFFFFFFFFFFFFFFFFFF06
:10EA2000FFFFFFFFFFFFFFFFFFFFFFFFFFFFFFFFF6
:10EA3000FFFFFFFFFFFFFFFFFFFFFFFFFFFFFFFFE6
:10EA4000FFFFFFFFFFFFFFFFFFFFFFFFFFFFFFFFD6
:10EA5000FFFFFFFFFFFFFFFFFFFFFFFFFFFFFFFFC6
:10EA6000FFFFFFFFFFFFFFFFFFFFFFFFFFFFFFFFB6
:10EA7000FFFFFFFFFFFFFFFFFFFFFFFFFFFFFFFFA6
:10EA8000FFFFFFFFFFFFFFFFFFFFFFFFFFFFFFFF96
:10EA9000FFFFFFFFFFFFFFFFFFFFFFFFFFFFFFFF86
:10EAA000FFFFFFFFFFFFFFFFFFFFFFFFFFFFFFFF76
:10EAB000FFFFFFFFFFFFFFFFFFFFFFFFFFFFFFFF66
:10EAC000FFFFFFFFFFFFFFFFFFFFFFFFFFFFFFFF56
:10EAD000FFFFFFFFFFFFFFFFFFFFFFFFFFFFFFFF46
:10EAE000FFFFFFFFFFFFFFFFFFFFFFFFFFFFFFFF36
:10EAF000FFFFFFFFFFFFFFFFFFFFFFFFFFFFFFFF26
:10EB0000FFFFFFFFFFFFFFFFFFFFFFFFFFFFFFFF15
:10EB1000FFFFFFFFFFFFFFFFFFFFFFFFFFFFFFFF05
:10EB2000FFFFFFFFFFFFFFFFFFFFFFFFFFFFFFFFF5
:10EB3000FFFFFFFFFFFFFFFFFFFFFFFFFFFFFFFFE5
:10EB4000FFFFFFFFFFFFFFFFFFFFFFFFFFFFFFFFD5
:10EB5000FFFFFFFFFFFFFFFFFFFFFFFFFFFFFFFFC5
:10EB6000FFFFFFFFFFFFFFFFFFFFFFFFFFFFFFFFB5
:10EB7000FFFFFFFFFFFFFFFFFFFFFFFFFFFFFFFFA5
:10EB8000FFFFFFFFFFFFFFFFFFFFFFFFFFFFFFFF95
:10EB9000FFFFFFFFFFFFFFFFFFFFFFFFFFFFFFFF85
:10EBA000FFFFFFFFFFFFFFFFFFFFFFFFFFFFFFFF75
:10EBB000FFFFFFFFFFFFFFFFFFFFFFFFFFFFFFFF65
:10EBC000FFFFFFFFFFFFFFFFFFFFFFFFFFFFFFFF55
:10EBD000FFFFFFFFFFFFFFFFFFFFFFFFFFFFFFFF45
:10EBE000FFFFFFFFFFFFFFFFFFFFFFFFFFFFFFFF35
:10EBF000FFFFFFFFFFFFFFFFFFFFFFFFFFFFFFFF25
:10EC0000FFFFFFFFFFFFFFFFFFFFFFFFFFFFFFFF14
:10EC1000FFFFFFFFFFFFFFFFFFFFFFFFFFFFFFFF04
:10EC2000FFFFFFFFFFFFFFFFFFFFFFFFFFFFFFFFF4
:10EC3000FFFFFFFFFFFFFFFFFFFFFFFFFFFFFFFFE4
:10EC4000FFFFFFFFFFFFFFFFFFFFFFFFFFFFFFFFD4
:10EC5000FFFFFFFFFFFFFFFFFFFFFFFFFFFFFFFFC4
:10EC6000FFFFFFFFFFFFFFFFFFFFFFFFFFFFFFFFB4
:10EC7000FFFFFFFFFFFFFFFFFFFFFFFFFFFFFFFFA4
:10EC8000FFFFFFFFFFFFFFFFFFFFFFFFFFFFFFFF94
:10EC9000FFFFFFFFFFFFFFFFFFFFFFFFFFFFFFFF84
:10ECA000FFFFFFFFFFFFFFFFFFFFFFFFFFFFFFFF74
:10ECB000FFFFFFFFFFFFFFFFFFFFFFFFFFFFFFFF64
:10ECC000FFFFFFFFFFFFFFFFFFFFFFFFFFFFFFFF54
:10ECD000FFFFFFFFFFFFFFFFFFFFFFFFFFFFFFFF44
:10ECE000FFFFFFFFFFFFFFFFFFFFFFFFFFFFFFFF34
:10ECF000FFFFFFFFFFFFFFFFFFFFFFFFFFFFFFFF24
:10ED0000FFFFFFFFFFFFFFFFFFFFFFFFFFFFFFFF13
:10ED1000FFFFFFFFFFFFFFFFFFFFFFFFFFFFFFFF03
:10ED2000FFFFFFFFFFFFFFFFFFFFFFFFFFFFFFFFF3
:10ED3000FFFFFFFFFFFFFFFFFFFFFFFFFFFFFFFFE3
:10ED4000FFFFFFFFFFFFFFFFFFFFFFFFFFFFFFFFD3
:10ED5000FFFFFFFFFFFFFFFFFFFFFFFFFFFFFFFFC3
:10ED6000FFFFFFFFFFFFFFFFFFFFFFFFFFFFFFFFB3
:10ED7000FFFFFFFFFFFFFFFFFFFFFFFFFFFFFFFFA3
:10ED8000FFFFFFFFFFFFFFFFFFFFFFFFFFFFFFFF93
:10ED9000FFFFFFFFFFFFFFFFFFFFFFFFFFFFFFFF83
:10EDA000FFFFFFFFFFFFFFFFFFFFFFFFFFFFFFFF73
:10EDB000FFFFFFFFFFFFFFFFFFFFFFFFFFFFFFFF63
:10EDC000FFFFFFFFFFFFFFFFFFFFFFFFFFFFFFFF53
:10EDD000FFFFFFFFFFFFFFFFFFFFFFFFFFFFFFFF43
:10EDE000FFFFFFFFFFFFFFFFFFFFFFFFFFFFFFFF33
:10EDF000FFFFFFFFFFFFFFFFFFFFFFFFFFFFFFFF23
:10EE0000FFFFFFFFFFFFFFFFFFFFFFFFFFFFFFFF12
:10EE1000FFFFFFFFFFFFFFFFFFFFFFFFFFFFFFFF02
:10EE2000FFFFFFFFFFFFFFFFFFFFFFFFFFFFFFFFF2
:10EE3000FFFFFFFFFFFFFFFFFFFFFFFFFFFFFFFFE2
:10EE4000FFFFFFFFFFFFFFFFFFFFFFFFFFFFFFFFD2
:10EE5000FFFFFFFFFFFFFFFFFFFFFFFFFFFFFFFFC2
:10EE6000FFFFFFFFFFFFFFFFFFFFFFFFFFFFFFFFB2
:10EE7000FFFFFFFFFFFFFFFFFFFFFFFFFFFFFFFFA2
:10EE8000FFFFFFFFFFFFFFFFFFFFFFFFFFFFFFFF92
:10EE9000FFFFFFFFFFFFFFFFFFFFFFFFFFFFFFFF82
:10EEA000FFFFFFFFFFFFFFFFFFFFFFFFFFFFFFFF72
:10EEB000FFFFFFFFFFFFFFFFFFFFFFFFFFFFFFFF62
:10EEC000FFFFFFFFFFFFFFFFFFFFFFFFFFFFFFFF52
:10EED000FFFFFFFFFFFFFFFFFFFFFFFFFFFFFFFF42
:10EEE000FFFFFFFFFFFFFFFFFFFFFFFFFFFFFFFF32
:10EEF000FFFFFFFFFFFFFFFFFFFFFFFFFFFFFFFF22
:10EF0000FFFFFFFFFFFFFFFFFFFFFFFFFFFFFFFF11
:10EF1000FFFFFFFFFFFFFFFFFFFFFFFFFFFFFFFF01
:10EF2000FFFFFFFFFFFFFFFFFFFFFFFFFFFFFFFFF1
:10EF3000FFFFFFFFFFFFFFFFFFFFFFFFFFFFFFFFE1
:10EF4000FFFFFFFFFFFFFFFFFFFFFFFFFFFFFFFFD1
:10EF5000FFFFFFFFFFFFFFFFFFFFFFFFFFFFFFFFC1
:10EF6000FFFFFFFFFFFFFFFFFFFFFFFFFFFFFFFFB1
:10EF7000FFFFFFFFFFFFFFFFFFFFFFFFFFFFFFFFA1
:10EF8000FFFFFFFFFFFFFFFFFFFFFFFFFFFFFFFF91
:10EF9000FFFFFFFFFFFFFFFFFFFFFFFFFFFFFFFF81
:10EFA000FFFFFFFFFFFFFFFFFFFFFFFFFFFFFFFF71
:10EFB000FFFFFFFFFFFFFFFFFFFFFFFFFFFFFFFF61
:10EFC000FFFFFFFFFFFFFFFFFFFFFFFFFFFFFFFF51
:10EFD000FFFFFFFFFFFFFFFFFFFFFFFFFFFFFFFF41
:10EFE000FFFFFFFFFFFFFFFFFFFFFFFFFFFFFFFF31
:10EFF000FFFFFFFFFFFFFFFFFFFFFFFFFFFFFFFF21
:10F00000FFFFFFFFFFFFFFFFFFFFFFFFFFFFFFFF10
:10F01000FFFFFFFFFFFFFFFFFFFFFFFFFFFFFFFF00
:10F02000FFFFFFFFFFFFFFFFFFFFFFFFFFFFFFFFF0
:10F03000FFFFFFFFFFFFFFFFFFFFFFFFFFFFFFFFE0
:10F04000FFFFFFFFFFFFFFFFFFFFFFFFFFFFFFFFD0
:10F05000FFFFFFFFFFFFFFFFFFFFFFFFFFFFFFFFC0
:10F06000FFFFFFFFFFFFFFFFFFFFFFFFFFFFFFFFB0
:10F07000FFFFFFFFFFFFFFFFFFFFFFFFFFFFFFFFA0
:10F08000FFFFFFFFFFFFFFFFFFFFFFFFFFFFFFFF90
:10F09000FFFFFFFFFFFFFFFFFFFFFFFFFFFFFFFF80
:10F0A000FFFFFFFFFFFFFFFFFFFFFFFFFFFFFFFF70
:10F0B000FFFFFFFFFFFFFFFFFFFFFFFFFFFFFFFF60
:10F0C000FFFFFFFFFFFFFFFFFFFFFFFFFFFFFFFF50
:10F0D000FFFFFFFFFFFFFFFFFFFFFFFFFFFFFFFF40
:10F0E000FFFFFFFFFFFFFFFFFFFFFFFFFFFFFFFF30
:10F0F000FFFFFFFFFFFFFFFFFFFFFFFFFFFFFFFF20
:10F10000FFFFFFFFFFFFFFFFFFFFFFFFFFFFFFFF0F
:10F11000FFFFFFFFFFFFFFFFFFFFFFFFFFFFFFFFFF
:10F12000FFFFFFFFFFFFFFFFFFFFFFFFFFFFFFFFEF
:10F13000FFFFFFFFFFFFFFFFFFFFFFFFFFFFFFFFDF
:10F14000FFFFFFFFFFFFFFFFFFFFFFFFFFFFFFFFCF
:10F15000FFFFFFFFFFFFFFFFFFFFFFFFFFFFFFFFBF
:10F16000FFFFFFFFFFFFFFFFFFFFFFFFFFFFFFFFAF
:10F17000FFFFFFFFFFFFFFFFFFFFFFFFFFFFFFFF9F
:10F18000FFFFFFFFFFFFFFFFFFFFFFFFFFFFFFFF8F
:10F19000FFFFFFFFFFFFFFFFFFFFFFFFFFFFFFFF7F
:10F1A000FFFFFFFFFFFFFFFFFFFFFFFFFFFFFFFF6F
:10F1B000FFFFFFFFFFFFFFFFFFFFFFFFFFFFFFFF5F
:10F1C000FFFFFFFFFFFFFFFFFFFFFFFFFFFFFFFF4F
:10F1D000FFFFFFFFFFFFFFFFFFFFFFFFFFFFFFFF3F
:10F1E000FFFFFFFFFFFFFFFFFFFFFFFFFFFFFFFF2F
:10F1F000FFFFFFFFFFFFFFFFFFFFFFFFFFFFFFFF1F
:10F20000FFFFFFFFFFFFFFFFFFFFFFFFFFFFFFFF0E
:10F21000FFFFFFFFFFFFFFFFFFFFFFFFFFFFFFFFFE
:10F22000FFFFFFFFFFFFFFFFFFFFFFFFFFFFFFFFEE
:10F23000FFFFFFFFFFFFFFFFFFFFFFFFFFFFFFFFDE
:10F24000FFFFFFFFFFFFFFFFFFFFFFFFFFFFFFFFCE
:10F25000FFFFFFFFFFFFFFFFFFFFFFFFFFFFFFFFBE
:10F26000FFFFFFFFFFFFFFFFFFFFFFFFFFFFFFFFAE
:10F27000FFFFFFFFFFFFFFFFFFFFFFFFFFFFFFFF9E
:10F28000FFFFFFFFFFFFFFFFFFFFFFFFFFFFFFFF8E
:10F29000FFFFFFFFFFFFFFFFFFFFFFFFFFFFFFFF7E
:10F2A000FFFFFFFFFFFFFFFFFFFFFFFFFFFFFFFF6E
:10F2B000FFFFFFFFFFFFFFFFFFFFFFFFFFFFFFFF5E
:10F2C000FFFFFFFFFFFFFFFFFFFFFFFFFFFFFFFF4E
:10F2D000FFFFFFFFFFFFFFFFFFFFFFFFFFFFFFFF3E
:10F2E000FFFFFFFFFFFFFFFFFFFFFFFFFFFFFFFF2E
:10F2F000FFFFFFFFFFFFFFFFFFFFFFFFFFFFFFFF1E
:10F30000FFFFFFFFFFFFFFFFFFFFFFFFFFFFFFFF0D
:10F31000FFFFFFFFFFFFFFFFFFFFFFFFFFFFFFFFFD
:10F32000FFFFFFFFFFFFFFFFFFFFFFFFFFFFFFFFED
:10F33000FFFFFFFFFFFFFFFFFFFFFFFFFFFFFFFFDD
:10F34000FFFFFFFFFFFFFFFFFFFFFFFFFFFFFFFFCD
:10F35000FFFFFFFFFFFFFFFFFFFFFFFFFFFFFFFFBD
:10F36000FFFFFFFFFFFFFFFFFFFFFFFFFFFFFFFFAD
:10F37000FFFFFFFFFFFFFFFFFFFFFFFFFFFFFFFF9D
:10F38000FFFFFFFFFFFFFFFFFFFFFFFFFFFFFFFF8D
:10F39000FFFFFFFFFFFFFFFFFFFFFFFFFFFFFFFF7D
:10F3A000FFFFFFFFFFFFFFFFFFFFFFFFFFFFFFFF6D
:10F3B000FFFFFFFFFFFFFFFFFFFFFFFFFFFFFFFF5D
:10F3C000FFFFFFFFFFFFFFFFFFFFFFFFFFFFFFFF4D
:10F3D000FFFFFFFFFFFFFFFFFFFFFFFFFFFFFFFF3D
:10F3E000FFFFFFFFFFFFFFFFFFFFFFFFFFFFFFFF2D
:10F3F000FFFFFFFFFFFFFFFFFFFFFFFFFFFFFFFF1D
:10F40000FFFFFFFFFFFFFFFFFFFFFFFFFFFFFFFF0C
:10F41000FFFFFFFFFFFFFFFFFFFFFFFFFFFFFFFFFC
:10F42000FFFFFFFFFFFFFFFFFFFFFFFFFFFFFFFFEC
:10F43000FFFFFFFFFFFFFFFFFFFFFFFFFFFFFFFFDC
:10F44000FFFFFFFFFFFFFFFFFFFFFFFFFFFFFFFFCC
:10F45000FFFFFFFFFFFFFFFFFFFFFFFFFFFFFFFFBC
:10F46000FFFFFFFFFFFFFFFFFFFFFFFFFFFFFFFFAC
:10F47000FFFFFFFFFFFFFFFFFFFFFFFFFFFFFFFF9C
:10F48000FFFFFFFFFFFFFFFFFFFFFFFFFFFFFFFF8C
:10F49000FFFFFFFFFFFFFFFFFFFFFFFFFFFFFFFF7C
:10F4A000FFFFFFFFFFFFFFFFFFFFFFFFFFFFFFFF6C
:10F4B000FFFFFFFFFFFFFFFFFFFFFFFFFFFFFFFF5C
:10F4C000FFFFFFFFFFFFFFFFFFFFFFFFFFFFFFFF4C
:10F4D000FFFFFFFFFFFFFFFFFFFFFFFFFFFFFFFF3C
:10F4E000FFFFFFFFFFFFFFFFFFFFFFFFFFFFFFFF2C
:10F4F000FFFFFFFFFFFFFFFFFFFFFFFFFFFFFFFF1C
:10F50000FFFFFFFFFFFFFFFFFFFFFFFFFFFFFFFF0B
:10F51000FFFFFFFFFFFFFFFFFFFFFFFFFFFFFFFFFB
:10F52000FFFFFFFFFFFFFFFFFFFFFFFFFFFFFFFFEB
:10F53000FFFFFFFFFFFFFFFFFFFFFFFFFFFFFFFFDB
:10F54000FFFFFFFFFFFFFFFFFFFFFFFFFFFFFFFFCB
:10F55000FFFFFFFFFFFFFFFFFFFFFFFFFFFFFFFFBB
:10F56000FFFFFFFFFFFFFFFFFFFFFFFFFFFFFFFFAB
:10F57000FFFFFFFFFFFFFFFFFFFFFFFFFFFFFFFF9B
:10F58000FFFFFFFFFFFFFFFFFFFFFFFFFFFFFFFF8B
:10F59000FFFFFFFFFFFFFFFFFFFFFFFFFFFFFFFF7B
:10F5A000FFFFFFFFFFFFFFFFFFFFFFFFFFFFFFFF6B
:10F5B000FFFFFFFFFFFFFFFFFFFFFFFFFFFFFFFF5B
:10F5C000FFFFFFFFFFFFFFFFFFFFFFFFFFFFFFFF4B
:10F5D000FFFFFFFFFFFFFFFFFFFFFFFFFFFFFFFF3B
:10F5E000FFFFFFFFFFFFFFFFFFFFFFFFFFFFFFFF2B
:10F5F000FFFFFFFFFFFFFFFFFFFFFFFFFFFFFFFF1B
:10F60000FFFFFFFFFFFFFFFFFFFFFFFFFFFFFFFF0A
:10F61000FFFFFFFFFFFFFFFFFFFFFFFFFFFFFFFFFA
:10F62000FFFFFFFFFFFFFFFFFFFFFFFFFFFFFFFFEA
:10F63000FFFFFFFFFFFFFFFFFFFFFFFFFFFFFFFFDA
:10F64000FFFFFFFFFFFFFFFFFFFFFFFFFFFFFFFFCA
:10F65000FFFFFFFFFFFFFFFFFFFFFFFFFFFFFFFFBA
:10F66000FFFFFFFFFFFFFFFFFFFFFFFFFFFFFFFFAA
:10F67000FFFFFFFFFFFFFFFFFFFFFFFFFFFFFFFF9A
:10F68000FFFFFFFFFFFFFFFFFFFFFFFFFFFFFFFF8A
:10F69000FFFFFFFFFFFFFFFFFFFFFFFFFFFFFFFF7A
:10F6A000FFFFFFFFFFFFFFFFFFFFFFFFFFFFFFFF6A
:10F6B000FFFFFFFFFFFFFFFFFFFFFFFFFFFFFFFF5A
:10F6C000FFFFFFFFFFFFFFFFFFFFFFFFFFFFFFFF4A
:10F6D000FFFFFFFFFFFFFFFFFFFFFFFFFFFFFFFF3A
:10F6E000FFFFFFFFFFFFFFFFFFFFFFFFFFFFFFFF2A
:10F6F000FFFFFFFFFFFFFFFFFFFFFFFFFFFFFFFF1A
:10F70000FFFFFFFFFFFFFFFFFFFFFFFFFFFFFFFF09
:10F71000FFFFFFFFFFFFFFFFFFFFFFFFFFFFFFFFF9
:10F72000FFFFFFFFFFFFFFFFFFFFFFFFFFFFFFFFE9
:10F73000FFFFFFFFFFFFFFFFFFFFFFFFFFFFFFFFD9
:10F74000FFFFFFFFFFFFFFFFFFFFFFFFFFFFFFFFC9
:10F75000FFFFFFFFFFFFFFFFFFFFFFFFFFFFFFFFB9
:10F76000FFFFFFFFFFFFFFFFFFFFFFFFFFFFFFFFA9
:10F77000FFFFFFFFFFFFFFFFFFFFFFFFFFFFFFFF99
:10F78000FFFFFFFFFFFFFFFFFFFFFFFFFFFFFFFF89
:10F79000FFFFFFFFFFFFFFFFFFFFFFFFFFFFFFFF79
:10F7A000FFFFFFFFFFFFFFFFFFFFFFFFFFFFFFFF69
:10F7B000FFFFFFFFFFFFFFFFFFFFFFFFFFFFFFFF59
:10F7C000FFFFFFFFFFFFFFFFFFFFFFFFFFFFFFFF49
:10F7D000FFFFFFFFFFFFFFFFFFFFFFFFFFFFFFFF39
:10F7E000FFFFFFFFFFFFFFFFFFFFFFFFFFFFFFFF29
:10F7F000FFFFFFFFFFFFFFFFFFFFFFFFFFFFFFFF19
:10F80000FFFFFFFFFFFFFFFFFFFFFFFFFFFFFFFF08
:10F81000FFFFFFFFFFFFFFFFFFFFFFFFFFFFFFFFF8
:10F82000FFFFFFFFFFFFFFFFFFFFFFFFFFFFFFFFE8
:10F83000FFFFFFFFFFFFFFFFFFFFFFFFFFFFFFFFD8
:10F84000FFFFFFFFFFFFFFFFFFFFFFFFFFFFFFFFC8
:10F85000FFFFFFFFFFFFFFFFFFFFFFFFFFFFFFFFB8
:10F86000FFFFFFFFFFFFFFFFFFFFFFFFFFFFFFFFA8
:10F87000FFFFFFFFFFFFFFFFFFFFFFFFFFFFFFFF98
:10F88000FFFFFFFFFFFFFFFFFFFFFFFFFFFFFFFF88
:10F89000FFFFFFFFFFFFFFFFFFFFFFFFFFFFFFFF78
:10F8A000FFFFFFFFFFFFFFFFFFFFFFFFFFFFFFFF68
:10F8B000FFFFFFFFFFFFFFFFFFFFFFFFFFFFFFFF58
:10F8C000FFFFFFFFFFFFFFFFFFFFFFFFFFFFFFFF48
:10F8D000FFFFFFFFFFFFFFFFFFFFFFFFFFFFFFFF38
:10F8E000FFFFFFFFFFFFFFFFFFFFFFFFFFFFFFFF28
:10F8F000FFFFFFFFFFFFFFFFFFFFFFFFFFFFFFFF18
:10F90000FFFFFFFFFFFFFFFFFFFFFFFFFFFFFFFF07
:10F91000FFFFFFFFFFFFFFFFFFFFFFFFFFFFFFFFF7
:10F92000FFFFFFFFFFFFFFFFFFFFFFFFFFFFFFFFE7
:10F93000FFFFFFFFFFFFFFFFFFFFFFFFFFFFFFFFD7
:10F94000FFFFFFFFFFFFFFFFFFFFFFFFFFFFFFFFC7
:10F95000FFFFFFFFFFFFFFFFFFFFFFFFFFFFFFFFB7
:10F96000FFFFFFFFFFFFFFFFFFFFFFFFFFFFFFFFA7
:10F97000FFFFFFFFFFFFFFFFFFFFFFFFFFFFFFFF97
:10F98000FFFFFFFFFFFFFFFFFFFFFFFFFFFFFFFF87
:10F99000FFFFFFFFFFFFFFFFFFFFFFFFFFFFFFFF77
:10F9A000FFFFFFFFFFFFFFFFFFFFFFFFFFFFFFFF67
:10F9B000FFFFFFFFFFFFFFFFFFFFFFFFFFFFFFFF57
:10F9C000FFFFFFFFFFFFFFFFFFFFFFFFFFFFFFFF47
:10F9D000FFFFFFFFFFFFFFFFFFFFFFFFFFFFFFFF37
:10F9E000FFFFFFFFFFFFFFFFFFFFFFFFFFFFFFFF27
:10F9F000FFFFFFFFFFFFFFFFFFFFFFFFFFFFFFFF17
:10FA0000FFFFFFFFFFFFFFFFFFFFFFFFFFFFFFFF06
:10FA1000FFFFFFFFFFFFFFFFFFFFFFFFFFFFFFFFF6
:10FA2000FFFFFFFFFFFFFFFFFFFFFFFFFFFFFFFFE6
:10FA3000FFFFFFFFFFFFFFFFFFFFFFFFFFFFFFFFD6
:10FA4000FFFFFFFFFFFFFFFFFFFFFFFFFFFFFFFFC6
:10FA5000FFFFFFFFFFFFFFFFFFFFFFFFFFFFFFFFB6
:10FA6000FFFFFFFFFFFFFFFFFFFFFFFFFFFFFFFFA6
:10FA7000FFFFFFFFFFFFFFFFFFFFFFFFFFFFFFFF96
:10FA8000FFFFFFFFFFFFFFFFFFFFFFFFFFFFFFFF86
:10FA9000FFFFFFFFFFFFFFFFFFFFFFFFFFFFFFFF76
:10FAA000FFFFFFFFFFFFFFFFFFFFFFFFFFFFFFFF66
:10FAB000FFFFFFFFFFFFFFFFFFFFFFFFFFFFFFFF56
:10FAC000FFFFFFFFFFFFFFFFFFFFFFFFFFFFFFFF46
:10FAD000FFFFFFFFFFFFFFFFFFFFFFFFFFFFFFFF36
:10FAE000FFFFFFFFFFFFFFFFFFFFFFFFFFFFFFFF26
:10FAF000FFFFFFFFFFFFFFFFFFFFFFFFFFFFFFFF16
:10FB0000FFFFFFFFFFFFFFFFFFFFFFFFFFFFFFFF05
:10FB1000FFFFFFFFFFFFFFFFFFFFFFFFFFFFFFFFF5
:10FB2000FFFFFFFFFFFFFFFFFFFFFFFFFFFFFFFFE5
:10FB3000FFFFFFFFFFFFFFFFFFFFFFFFFFFFFFFFD5
:10FB4000FFFFFFFFFFFFFFFFFFFFFFFFFFFFFFFFC5
:10FB5000FFFFFFFFFFFFFFFFFFFFFFFFFFFFFFFFB5
:10FB6000FFFFFFFFFFFFFFFFFFFFFFFFFFFFFFFFA5
:10FB7000FFFFFFFFFFFFFFFFFFFFFFFFFFFFFFFF95
:10FB8000FFFFFFFFFFFFFFFFFFFFFFFFFFFFFFFF85
:10FB9000FFFFFFFFFFFFFFFFFFFFFFFFFFFFFFFF75
:10FBA000FFFFFFFFFFFFFFFFFFFFFFFFFFFFFFFF65
:10FBB000FFFFFFFFFFFFFFFFFFFFFFFFFFFFFFFF55
:10FBC000FFFFFFFFFFFFFFFFFFFFFFFFFFFFFFFF45
:10FBD000FFFFFFFFFFFFFFFFFFFFFFFFFFFFFFFF35
:10FBE000FFFFFFFFFFFFFFFFFFFFFFFFFFFFFFFF25
:10FBF000FFFFFFFFFFFFFFFFFFFFFFFFFFFFFFFF15
:10FC0000FFFFFFFFFFFFFFFFFFFFFFFFFFFFFFFF04
:10FC1000FFFFFFFFFFFFFFFFFFFFFFFFFFFFFFFFF4
:10FC2000FFFFFFFFFFFFFFFFFFFFFFFFFFFFFFFFE4
:10FC3000FFFFFFFFFFFFFFFFFFFFFFFFFFFFFFFFD4
:10FC4000FFFFFFFFFFFFFFFFFFFFFFFFFFFFFFFFC4
:10FC5000FFFFFFFFFFFFFFFFFFFFFFFFFFFFFFFFB4
:10FC6000FFFFFFFFFFFFFFFFFFFFFFFFFFFFFFFFA4
:10FC7000FFFFFFFFFFFFFFFFFFFFFFFFFFFFFFFF94
:10FC8000FFFFFFFFFFFFFFFFFFFFFFFFFFFFFFFF84
:10FC9000FFFFFFFFFFFFFFFFFFFFFFFFFFFFFFFF74
:10FCA000FFFFFFFFFFFFFFFFFFFFFFFFFFFFFFFF64
:10FCB000FFFFFFFFFFFFFFFFFFFFFFFFFFFFFFFF54
:10FCC000FFFFFFFFFFFFFFFFFFFFFFFFFFFFFFFF44
:10FCD000FFFFFFFFFFFFFFFFFFFFFFFFFFFFFFFF34
:10FCE000FFFFFFFFFFFFFFFFFFFFFFFFFFFFFFFF24
:10FCF000FFFFFFFFFFFFFFFFFFFFFFFFFFFFFFFF14
:10FD0000FFFFFFFFFFFFFFFFFFFFFFFFFFFFFFFF03
:10FD1000FFFFFFFFFFFFFFFFFFFFFFFFFFFFFFFFF3
:10FD2000FFFFFFFFFFFFFFFFFFFFFFFFFFFFFFFFE3
:10FD3000FFFFFFFFFFFFFFFFFFFFFFFFFFFFFFFFD3
:10FD4000FFFFFFFFFFFFFFFFFFFFFFFFFFFFFFFFC3
:10FD5000FFFFFFFFFFFFFFFFFFFFFFFFFFFFFFFFB3
:10FD6000FFFFFFFFFFFFFFFFFFFFFFFFFFFFFFFFA3
:10FD7000FFFFFFFFFFFFFFFFFFFFFFFFFFFFFFFF93
:10FD8000FFFFFFFFFFFFFFFFFFFFFFFFFFFFFFFF83
:10FD9000FFFFFFFFFFFFFFFFFFFFFFFFFFFFFFFF73
:10FDA000FFFFFFFFFFFFFFFFFFFFFFFFFFFFFFFF63
:10FDB000FFFFFFFFFFFFFFFFFFFFFFFFFFFFFFFF53
:10FDC000FFFFFFFFFFFFFFFFFFFFFFFFFFFFFFFF43
:10FDD000FFFFFFFFFFFFFFFFFFFFFFFFFFFFFFFF33
:10FDE000FFFFFFFFFFFFFFFFFFFFFFFFFFFFFFFF23
:10FDF000FFFFFFFFFFFFFFFFFFFFFFFFFFFFFFFF13
:10FE0000FFFFFFFFFFFFFFFFFFFFFFFFFFFFFFFF02
:10FE1000FFFFFFFFFFFFFFFFFFFFFFFFFFFFFFFFF2
:10FE2000FFFFFFFFFFFFFFFFFFFFFFFFFFFFFFFFE2
:10FE3000FFFFFFFFFFFFFFFFFFFFFFFFFFFFFFFFD2
:10FE4000FFFFFFFFFFFFFFFFFFFFFFFFFFFFFFFFC2
:10FE5000FFFFFFFFFFFFFFFFFFFFFFFFFFFFFFFFB2
:10FE6000FFFFFFFFFFFFFFFFFFFFFFFFFFFFFFFFA2
:10FE7000FFFFFFFFFFFFFFFFFFFFFFFFFFFFFFFF92
:10FE8000FFFFFFFFFFFFFFFFFFFFFFFFFFFFFFFF82
:10FE9000FFFFFFFFFFFFFFFFFFFFFFFFFFFFFFFF72
:10FEA000FFFFFFFFFFFFFFFFFFFFFFFFFFFFFFFF62
:10FEB000FFFFFFFFFFFFFFFFFFFFFFFFFFFFFFFF52
:10FEC000FFFFFFFFFFFFFFFFFFFFFFFFFFFFFFFF42
:10FED000FFFFFFFFFFFFFFFFFFFFFFFFFFFFFFFF32
:10FEE000FFFFFFFFFFFFFFFFFFFFFFFFFFFFFFFF22
:10FEF000FFFFFFFFFFFFFFFFFFFFFFFFFFFFFFFF12
:10FF0000FFFFFFFFFFFFFFFFFFFFFFFFFFFFFFFF01
:10FF1000FFFFFFFFFFFFFFFFFFFFFFFFFFFFFFFFF1
:10FF2000FFFFFFFFFFFFFFFFFFFFFFFFFFFFFFFFE1
:10FF3000FFFFFFFFFFFFFFFFFFFFFFFFFFFFFFFFD1
:10FF4000FFFFFFFFFFFFFFFFFFFFFFFFFFFFFFFFC1
:10FF5000FFFFFFFFFFFFFFFFFFFFFFFFFFFFFFFFB1
:10FF6000FFFFFFFFFFFFFFFFFFFFFFFFFFFFFFFFA1
:10FF7000FFFFFFFFFFFFFFFFFFFFFFFFFFFFFFFF91
:10FF8000FFFFFFFFFFFFFFFFFFFFFFFFFFFFFFFF81
:10FF9000FFFFFFFFFFFFFFFFFFFFFFFFFFFFFFFF71
:10FFA000FFFFFFFFFFFFFFFFFFFFFFFFFFFFFFFF61
:10FFB000FFFFFFFFFFFFFFFFFFFFFFFFFFFFFFFF51
:10FFC000FFFFFFFFFFFFFFFFFFFFFFFFFFFFFFFF41
:10FFD000FFFFFFFFFFFFFFFFFFFFFFFFFFFFFFFF31
:10FFE000FFFFFFFFFFFFFFFFFFFFFFFFFFFFFFFF21
:10FFF000FFFFFFFFFFFFFFFFFFFFFFFFFFFFFFFF11
:020000040203F5
:10000000FFFFFFFFFFFFFFFFFFFFFFFFFFFFFFFF00
:10001000FFFFFFFFFFFFFFFFFFFFFFFFFFFFFFFFF0
:10002000FFFFFFFFFFFFFFFFFFFFFFFFFFFFFFFFE0
:10003000FFFFFFFFFFFFFFFFFFFFFFFFFFFFFFFFD0
:10004000FFFFFFFFFFFFFFFFFFFFFFFFFFFFFFFFC0
:10005000FFFFFFFFFFFFFFFFFFFFFFFFFFFFFFFFB0
:10006000FFFFFFFFFFFFFFFFFFFFFFFFFFFFFFFFA0
:10007000FFFFFFFFFFFFFFFFFFFFFFFFFFFFFFFF90
:10008000FFFFFFFFFFFFFFFFFFFFFFFFFFFFFFFF80
:10009000FFFFFFFFFFFFFFFFFFFFFFFFFFFFFFFF70
:1000A000FFFFFFFFFFFFFFFFFFFFFFFFFFFFFFFF60
:1000B000FFFFFFFFFFFFFFFFFFFFFFFFFFFFFFFF50
:1000C000FFFFFFFFFFFFFFFFFFFFFFFFFFFFFFFF40
:1000D000FFFFFFFFFFFFFFFFFFFFFFFFFFFFFFFF30
:1000E000FFFFFFFFFFFFFFFFFFFFFFFFFFFFFFFF20
:1000F000FFFFFFFFFFFFFFFFFFFFFFFFFFFFFFFF10
:10010000FFFFFFFFFFFFFFFFFFFFFFFFFFFFFFFFFF
:10011000FFFFFFFFFFFFFFFFFFFFFFFFFFFFFFFFEF
:10012000FFFFFFFFFFFFFFFFFFFFFFFFFFFFFFFFDF
:10013000FFFFFFFFFFFFFFFFFFFFFFFFFFFFFFFFCF
:10014000FFFFFFFFFFFFFFFFFFFFFFFFFFFFFFFFBF
:10015000FFFFFFFFFFFFFFFFFFFFFFFFFFFFFFFFAF
:10016000FFFFFFFFFFFFFFFFFFFFFFFFFFFFFFFF9F
:10017000FFFFFFFFFFFFFFFFFFFFFFFFFFFFFFFF8F
:10018000FFFFFFFFFFFFFFFFFFFFFFFFFFFFFFFF7F
:10019000FFFFFFFFFFFFFFFFFFFFFFFFFFFFFFFF6F
:1001A000FFFFFFFFFFFFFFFFFFFFFFFFFFFFFFFF5F
:1001B000FFFFFFFFFFFFFFFFFFFFFFFFFFFFFFFF4F
:1001C000FFFFFFFFFFFFFFFFFFFFFFFFFFFFFFFF3F
:1001D000FFFFFFFFFFFFFFFFFFFFFFFFFFFFFFFF2F
:1001E000FFFFFFFFFFFFFFFFFFFFFFFFFFFFFFFF1F
:1001F000FFFFFFFFFFFFFFFFFFFFFFFFFFFFFFFF0F
:10020000FFFFFFFFFFFFFFFFFFFFFFFFFFFFFFFFFE
:10021000FFFFFFFFFFFFFFFFFFFFFFFFFFFFFFFFEE
:10022000FFFFFFFFFFFFFFFFFFFFFFFFFFFFFFFFDE
:10023000FFFFFFFFFFFFFFFFFFFFFFFFFFFFFFFFCE
:10024000FFFFFFFFFFFFFFFFFFFFFFFFFFFFFFFFBE
:10025000FFFFFFFFFFFFFFFFFFFFFFFFFFFFFFFFAE
:10026000FFFFFFFFFFFFFFFFFFFFFFFFFFFFFFFF9E
:10027000FFFFFFFFFFFFFFFFFFFFFFFFFFFFFFFF8E
:10028000FFFFFFFFFFFFFFFFFFFFFFFFFFFFFFFF7E
:10029000FFFFFFFFFFFFFFFFFFFFFFFFFFFFFFFF6E
:1002A000FFFFFFFFFFFFFFFFFFFFFFFFFFFFFFFF5E
:1002B000FFFFFFFFFFFFFFFFFFFFFFFFFFFFFFFF4E
:1002C000FFFFFFFFFFFFFFFFFFFFFFFFFFFFFFFF3E
:1002D000FFFFFFFFFFFFFFFFFFFFFFFFFFFFFFFF2E
:1002E000FFFFFFFFFFFFFFFFFFFFFFFFFFFFFFFF1E
:1002F000FFFFFFFFFFFFFFFFFFFFFFFFFFFFFFFF0E
:10030000FFFFFFFFFFFFFFFFFFFFFFFFFFFFFFFFFD
:10031000FFFFFFFFFFFFFFFFFFFFFFFFFFFFFFFFED
:10032000FFFFFFFFFFFFFFFFFFFFFFFFFFFFFFFFDD
:10033000FFFFFFFFFFFFFFFFFFFFFFFFFFFFFFFFCD
:10034000FFFFFFFFFFFFFFFFFFFFFFFFFFFFFFFFBD
:10035000FFFFFFFFFFFFFFFFFFFFFFFFFFFFFFFFAD
:10036000FFFFFFFFFFFFFFFFFFFFFFFFFFFFFFFF9D
:10037000FFFFFFFFFFFFFFFFFFFFFFFFFFFFFFFF8D
:10038000FFFFFFFFFFFFFFFFFFFFFFFFFFFFFFFF7D
:10039000FFFFFFFFFFFFFFFFFFFFFFFFFFFFFFFF6D
:1003A000FFFFFFFFFFFFFFFFFFFFFFFFFFFFFFFF5D
:1003B000FFFFFFFFFFFFFFFFFFFFFFFFFFFFFFFF4D
:1003C000FFFFFFFFFFFFFFFFFFFFFFFFFFFFFFFF3D
:1003D000FFFFFFFFFFFFFFFFFFFFFFFFFFFFFFFF2D
:1003E000FFFFFFFFFFFFFFFFFFFFFFFFFFFFFFFF1D
:1003F000FFFFFFFFFFFFFFFFFFFFFFFFFFFFFFFF0D
:10040000FFFFFFFFFFFFFFFFFFFFFFFFFFFFFFFFFC
:10041000FFFFFFFFFFFFFFFFFFFFFFFFFFFFFFFFEC
:10042000FFFFFFFFFFFFFFFFFFFFFFFFFFFFFFFFDC
:10043000FFFFFFFFFFFFFFFFFFFFFFFFFFFFFFFFCC
:10044000FFFFFFFFFFFFFFFFFFFFFFFFFFFFFFFFBC
:10045000FFFFFFFFFFFFFFFFFFFFFFFFFFFFFFFFAC
:10046000FFFFFFFFFFFFFFFFFFFFFFFFFFFFFFFF9C
:10047000FFFFFFFFFFFFFFFFFFFFFFFFFFFFFFFF8C
:10048000FFFFFFFFFFFFFFFFFFFFFFFFFFFFFFFF7C
:10049000FFFFFFFFFFFFFFFFFFFFFFFFFFFFFFFF6C
:1004A000FFFFFFFFFFFFFFFFFFFFFFFFFFFFFFFF5C
:1004B000FFFFFFFFFFFFFFFFFFFFFFFFFFFFFFFF4C
:1004C000FFFFFFFFFFFFFFFFFFFFFFFFFFFFFFFF3C
:1004D000FFFFFFFFFFFFFFFFFFFFFFFFFFFFFFFF2C
:1004E000FFFFFFFFFFFFFFFFFFFFFFFFFFFFFFFF1C
:1004F000FFFFFFFFFFFFFFFFFFFFFFFFFFFFFFFF0C
:10050000FFFFFFFFFFFFFFFFFFFFFFFFFFFFFFFFFB
:10051000FFFFFFFFFFFFFFFFFFFFFFFFFFFFFFFFEB
:10052000FFFFFFFFFFFFFFFFFFFFFFFFFFFFFFFFDB
:10053000FFFFFFFFFFFFFFFFFFFFFFFFFFFFFFFFCB
:10054000FFFFFFFFFFFFFFFFFFFFFFFFFFFFFFFFBB
:10055000FFFFFFFFFFFFFFFFFFFFFFFFFFFFFFFFAB
:10056000FFFFFFFFFFFFFFFFFFFFFFFFFFFFFFFF9B
:10057000FFFFFFFFFFFFFFFFFFFFFFFFFFFFFFFF8B
:10058000FFFFFFFFFFFFFFFFFFFFFFFFFFFFFFFF7B
:10059000FFFFFFFFFFFFFFFFFFFFFFFFFFFFFFFF6B
:1005A000FFFFFFFFFFFFFFFFFFFFFFFFFFFFFFFF5B
:1005B000FFFFFFFFFFFFFFFFFFFFFFFFFFFFFFFF4B
:1005C000FFFFFFFFFFFFFFFFFFFFFFFFFFFFFFFF3B
:1005D000FFFFFFFFFFFFFFFFFFFFFFFFFFFFFFFF2B
:1005E000FFFFFFFFFFFFFFFFFFFFFFFFFFFFFFFF1B
:1005F000FFFFFFFFFFFFFFFFFFFFFFFFFFFFFFFF0B
:10060000FFFFFFFFFFFFFFFFFFFFFFFFFFFFFFFFFA
:10061000FFFFFFFFFFFFFFFFFFFFFFFFFFFFFFFFEA
:10062000FFFFFFFFFFFFFFFFFFFFFFFFFFFFFFFFDA
:10063000FFFFFFFFFFFFFFFFFFFFFFFFFFFFFFFFCA
:10064000FFFFFFFFFFFFFFFFFFFFFFFFFFFFFFFFBA
:10065000FFFFFFFFFFFFFFFFFFFFFFFFFFFFFFFFAA
:10066000FFFFFFFFFFFFFFFFFFFFFFFFFFFFFFFF9A
:10067000FFFFFFFFFFFFFFFFFFFFFFFFFFFFFFFF8A
:10068000FFFFFFFFFFFFFFFFFFFFFFFFFFFFFFFF7A
:10069000FFFFFFFFFFFFFFFFFFFFFFFFFFFFFFFF6A
:1006A000FFFFFFFFFFFFFFFFFFFFFFFFFFFFFFFF5A
:1006B000FFFFFFFFFFFFFFFFFFFFFFFFFFFFFFFF4A
:1006C000FFFFFFFFFFFFFFFFFFFFFFFFFFFFFFFF3A
:1006D000FFFFFFFFFFFFFFFFFFFFFFFFFFFFFFFF2A
:1006E000FFFFFFFFFFFFFFFFFFFFFFFFFFFFFFFF1A
:1006F000FFFFFFFFFFFFFFFFFFFFFFFFFFFFFFFF0A
:10070000FFFFFFFFFFFFFFFFFFFFFFFFFFFFFFFFF9
:10071000FFFFFFFFFFFFFFFFFFFFFFFFFFFFFFFFE9
:10072000FFFFFFFFFFFFFFFFFFFFFFFFFFFFFFFFD9
:10073000FFFFFFFFFFFFFFFFFFFFFFFFFFFFFFFFC9
:10074000FFFFFFFFFFFFFFFFFFFFFFFFFFFFFFFFB9
:10075000FFFFFFFFFFFFFFFFFFFFFFFFFFFFFFFFA9
:10076000FFFFFFFFFFFFFFFFFFFFFFFFFFFFFFFF99
:10077000FFFFFFFFFFFFFFFFFFFFFFFFFFFFFFFF89
:10078000FFFFFFFFFFFFFFFFFFFFFFFFFFFFFFFF79
:10079000FFFFFFFFFFFFFFFFFFFFFFFFFFFFFFFF69
:1007A000FFFFFFFFFFFFFFFFFFFFFFFFFFFFFFFF59
:1007B000FFFFFFFFFFFFFFFFFFFFFFFFFFFFFFFF49
:1007C000FFFFFFFFFFFFFFFFFFFFFFFFFFFFFFFF39
:1007D000FFFFFFFFFFFFFFFFFFFFFFFFFFFFFFFF29
:1007E000FFFFFFFFFFFFFFFFFFFFFFFFFFFFFFFF19
:1007F000FFFFFFFFFFFFFFFFFFFFFFFFFFFFFFFF09
:10080000FFFFFFFFFFFFFFFFFFFFFFFFFFFFFFFFF8
:10081000FFFFFFFFFFFFFFFFFFFFFFFFFFFFFFFFE8
:10082000FFFFFFFFFFFFFFFFFFFFFFFFFFFFFFFFD8
:10083000FFFFFFFFFFFFFFFFFFFFFFFFFFFFFFFFC8
:10084000FFFFFFFFFFFFFFFFFFFFFFFFFFFFFFFFB8
:10085000FFFFFFFFFFFFFFFFFFFFFFFFFFFFFFFFA8
:10086000FFFFFFFFFFFFFFFFFFFFFFFFFFFFFFFF98
:10087000FFFFFFFFFFFFFFFFFFFFFFFFFFFFFFFF88
:10088000FFFFFFFFFFFFFFFFFFFFFFFFFFFFFFFF78
:10089000FFFFFFFFFFFFFFFFFFFFFFFFFFFFFFFF68
:1008A000FFFFFFFFFFFFFFFFFFFFFFFFFFFFFFFF58
:1008B000FFFFFFFFFFFFFFFFFFFFFFFFFFFFFFFF48
:1008C000FFFFFFFFFFFFFFFFFFFFFFFFFFFFFFFF38
:1008D000FFFFFFFFFFFFFFFFFFFFFFFFFFFFFFFF28
:1008E000FFFFFFFFFFFFFFFFFFFFFFFFFFFFFFFF18
:1008F000FFFFFFFFFFFFFFFFFFFFFFFFFFFFFFFF08
:10090000FFFFFFFFFFFFFFFFFFFFFFFFFFFFFFFFF7
:10091000FFFFFFFFFFFFFFFFFFFFFFFFFFFFFFFFE7
:10092000FFFFFFFFFFFFFFFFFFFFFFFFFFFFFFFFD7
:10093000FFFFFFFFFFFFFFFFFFFFFFFFFFFFFFFFC7
:10094000FFFFFFFFFFFFFFFFFFFFFFFFFFFFFFFFB7
:10095000FFFFFFFFFFFFFFFFFFFFFFFFFFFFFFFFA7
:10096000FFFFFFFFFFFFFFFFFFFFFFFFFFFFFFFF97
:10097000FFFFFFFFFFFFFFFFFFFFFFFFFFFFFFFF87
:10098000FFFFFFFFFFFFFFFFFFFFFFFFFFFFFFFF77
:10099000FFFFFFFFFFFFFFFFFFFFFFFFFFFFFFFF67
:1009A000FFFFFFFFFFFFFFFFFFFFFFFFFFFFFFFF57
:1009B000FFFFFFFFFFFFFFFFFFFFFFFFFFFFFFFF47
:1009C000FFFFFFFFFFFFFFFFFFFFFFFFFFFFFFFF37
:1009D000FFFFFFFFFFFFFFFFFFFFFFFFFFFFFFFF27
:1009E000FFFFFFFFFFFFFFFFFFFFFFFFFFFFFFFF17
:1009F000FFFFFFFFFFFFFFFFFFFFFFFFFFFFFFFF07
:100A0000FFFFFFFFFFFFFFFFFFFFFFFFFFFFFFFFF6
:100A1000FFFFFFFFFFFFFFFFFFFFFFFFFFFFFFFFE6
:100A2000FFFFFFFFFFFFFFFFFFFFFFFFFFFFFFFFD6
:100A3000FFFFFFFFFFFFFFFFFFFFFFFFFFFFFFFFC6
:100A4000FFFFFFFFFFFFFFFFFFFFFFFFFFFFFFFFB6
:100A5000FFFFFFFFFFFFFFFFFFFFFFFFFFFFFFFFA6
:100A6000FFFFFFFFFFFFFFFFFFFFFFFFFFFFFFFF96
:100A7000FFFFFFFFFFFFFFFFFFFFFFFFFFFFFFFF86
:100A8000FFFFFFFFFFFFFFFFFFFFFFFFFFFFFFFF76
:100A9000FFFFFFFFFFFFFFFFFFFFFFFFFFFFFFFF66
:100AA000FFFFFFFFFFFFFFFFFFFFFFFFFFFFFFFF56
:100AB000FFFFFFFFFFFFFFFFFFFFFFFFFFFFFFFF46
:100AC000FFFFFFFFFFFFFFFFFFFFFFFFFFFFFFFF36
:100AD000FFFFFFFFFFFFFFFFFFFFFFFFFFFFFFFF26
:100AE000FFFFFFFFFFFFFFFFFFFFFFFFFFFFFFFF16
:100AF000FFFFFFFFFFFFFFFFFFFFFFFFFFFFFFFF06
:100B0000FFFFFFFFFFFFFFFFFFFFFFFFFFFFFFFFF5
:100B1000FFFFFFFFFFFFFFFFFFFFFFFFFFFFFFFFE5
:100B2000FFFFFFFFFFFFFFFFFFFFFFFFFFFFFFFFD5
:100B3000FFFFFFFFFFFFFFFFFFFFFFFFFFFFFFFFC5
:100B4000FFFFFFFFFFFFFFFFFFFFFFFFFFFFFFFFB5
:100B5000FFFFFFFFFFFFFFFFFFFFFFFFFFFFFFFFA5
:100B6000FFFFFFFFFFFFFFFFFFFFFFFFFFFFFFFF95
:100B7000FFFFFFFFFFFFFFFFFFFFFFFFFFFFFFFF85
:100B8000FFFFFFFFFFFFFFFFFFFFFFFFFFFFFFFF75
:100B9000FFFFFFFFFFFFFFFFFFFFFFFFFFFFFFFF65
:100BA000FFFFFFFFFFFFFFFFFFFFFFFFFFFFFFFF55
:100BB000FFFFFFFFFFFFFFFFFFFFFFFFFFFFFFFF45
:100BC000FFFFFFFFFFFFFFFFFFFFFFFFFFFFFFFF35
:100BD000FFFFFFFFFFFFFFFFFFFFFFFFFFFFFFFF25
:100BE000FFFFFFFFFFFFFFFFFFFFFFFFFFFFFFFF15
:100BF000FFFFFFFFFFFFFFFFFFFFFFFFFFFFFFFF05
:100C0000FFFFFFFFFFFFFFFFFFFFFFFFFFFFFFFFF4
:100C1000FFFFFFFFFFFFFFFFFFFFFFFFFFFFFFFFE4
:100C2000FFFFFFFFFFFFFFFFFFFFFFFFFFFFFFFFD4
:100C3000FFFFFFFFFFFFFFFFFFFFFFFFFFFFFFFFC4
:100C4000FFFFFFFFFFFFFFFFFFFFFFFFFFFFFFFFB4
:100C5000FFFFFFFFFFFFFFFFFFFFFFFFFFFFFFFFA4
:100C6000FFFFFFFFFFFFFFFFFFFFFFFFFFFFFFFF94
:100C7000FFFFFFFFFFFFFFFFFFFFFFFFFFFFFFFF84
:100C8000FFFFFFFFFFFFFFFFFFFFFFFFFFFFFFFF74
:100C9000FFFFFFFFFFFFFFFFFFFFFFFFFFFFFFFF64
:100CA000FFFFFFFFFFFFFFFFFFFFFFFFFFFFFFFF54
:100CB000FFFFFFFFFFFFFFFFFFFFFFFFFFFFFFFF44
:100CC000FFFFFFFFFFFFFFFFFFFFFFFFFFFFFFFF34
:100CD000FFFFFFFFFFFFFFFFFFFFFFFFFFFFFFFF24
:100CE000FFFFFFFFFFFFFFFFFFFFFFFFFFFFFFFF14
:100CF000FFFFFFFFFFFFFFFFFFFFFFFFFFFFFFFF04
:100D0000FFFFFFFFFFFFFFFFFFFFFFFFFFFFFFFFF3
:100D1000FFFFFFFFFFFFFFFFFFFFFFFFFFFFFFFFE3
:100D2000FFFFFFFFFFFFFFFFFFFFFFFFFFFFFFFFD3
:100D3000FFFFFFFFFFFFFFFFFFFFFFFFFFFFFFFFC3
:100D4000FFFFFFFFFFFFFFFFFFFFFFFFFFFFFFFFB3
:100D5000FFFFFFFFFFFFFFFFFFFFFFFFFFFFFFFFA3
:100D6000FFFFFFFFFFFFFFFFFFFFFFFFFFFFFFFF93
:100D7000FFFFFFFFFFFFFFFFFFFFFFFFFFFFFFFF83
:100D8000FFFFFFFFFFFFFFFFFFFFFFFFFFFFFFFF73
:100D9000FFFFFFFFFFFFFFFFFFFFFFFFFFFFFFFF63
:100DA000FFFFFFFFFFFFFFFFFFFFFFFFFFFFFFFF53
:100DB000FFFFFFFFFFFFFFFFFFFFFFFFFFFFFFFF43
:100DC000FFFFFFFFFFFFFFFFFFFFFFFFFFFFFFFF33
:100DD000FFFFFFFFFFFFFFFFFFFFFFFFFFFFFFFF23
:100DE000FFFFFFFFFFFFFFFFFFFFFFFFFFFFFFFF13
:100DF000FFFFFFFFFFFFFFFFFFFFFFFFFFFFFFFF03
:100E0000FFFFFFFFFFFFFFFFFFFFFFFFFFFFFFFFF2
:100E1000FFFFFFFFFFFFFFFFFFFFFFFFFFFFFFFFE2
:100E2000FFFFFFFFFFFFFFFFFFFFFFFFFFFFFFFFD2
:100E3000FFFFFFFFFFFFFFFFFFFFFFFFFFFFFFFFC2
:100E4000FFFFFFFFFFFFFFFFFFFFFFFFFFFFFFFFB2
:100E5000FFFFFFFFFFFFFFFFFFFFFFFFFFFFFFFFA2
:100E6000FFFFFFFFFFFFFFFFFFFFFFFFFFFFFFFF92
:100E7000FFFFFFFFFFFFFFFFFFFFFFFFFFFFFFFF82
:100E8000FFFFFFFFFFFFFFFFFFFFFFFFFFFFFFFF72
:100E9000FFFFFFFFFFFFFFFFFFFFFFFFFFFFFFFF62
:100EA000FFFFFFFFFFFFFFFFFFFFFFFFFFFFFFFF52
:100EB000FFFFFFFFFFFFFFFFFFFFFFFFFFFFFFFF42
:100EC000FFFFFFFFFFFFFFFFFFFFFFFFFFFFFFFF32
:100ED000FFFFFFFFFFFFFFFFFFFFFFFFFFFFFFFF22
:100EE000FFFFFFFFFFFFFFFFFFFFFFFFFFFFFFFF12
:100EF000FFFFFFFFFFFFFFFFFFFFFFFFFFFFFFFF02
:100F0000FFFFFFFFFFFFFFFFFFFFFFFFFFFFFFFFF1
:100F1000FFFFFFFFFFFFFFFFFFFFFFFFFFFFFFFFE1
:100F2000FFFFFFFFFFFFFFFFFFFFFFFFFFFFFFFFD1
:100F3000FFFFFFFFFFFFFFFFFFFFFFFFFFFFFFFFC1
:100F4000FFFFFFFFFFFFFFFFFFFFFFFFFFFFFFFFB1
:100F5000FFFFFFFFFFFFFFFFFFFFFFFFFFFFFFFFA1
:100F6000FFFFFFFFFFFFFFFFFFFFFFFFFFFFFFFF91
:100F7000FFFFFFFFFFFFFFFFFFFFFFFFFFFFFFFF81
:100F8000FFFFFFFFFFFFFFFFFFFFFFFFFFFFFFFF71
:100F9000FFFFFFFFFFFFFFFFFFFFFFFFFFFFFFFF61
:100FA000FFFFFFFFFFFFFFFFFFFFFFFFFFFFFFFF51
:100FB000FFFFFFFFFFFFFFFFFFFFFFFFFFFFFFFF41
:100FC000FFFFFFFFFFFFFFFFFFFFFFFFFFFFFFFF31
:100FD000FFFFFFFFFFFFFFFFFFFFFFFFFFFFFFFF21
:100FE000FFFFFFFFFFFFFFFFFFFFFFFFFFFFFFFF11
:100FF000FFFFFFFFFFFFFFFFFFFFFFFFFFFFFFFF01
:10100000FFFFFFFFFFFFFFFFFFFFFFFFFFFFFFFFF0
:10101000FFFFFFFFFFFFFFFFFFFFFFFFFFFFFFFFE0
:10102000FFFFFFFFFFFFFFFFFFFFFFFFFFFFFFFFD0
:10103000FFFFFFFFFFFFFFFFFFFFFFFFFFFFFFFFC0
:10104000FFFFFFFFFFFFFFFFFFFFFFFFFFFFFFFFB0
:10105000FFFFFFFFFFFFFFFFFFFFFFFFFFFFFFFFA0
:10106000FFFFFFFFFFFFFFFFFFFFFFFFFFFFFFFF90
:10107000FFFFFFFFFFFFFFFFFFFFFFFFFFFFFFFF80
:10108000FFFFFFFFFFFFFFFFFFFFFFFFFFFFFFFF70
:10109000FFFFFFFFFFFFFFFFFFFFFFFFFFFFFFFF60
:1010A000FFFFFFFFFFFFFFFFFFFFFFFFFFFFFFFF50
:1010B000FFFFFFFFFFFFFFFFFFFFFFFFFFFFFFFF40
:1010C000FFFFFFFFFFFFFFFFFFFFFFFFFFFFFFFF30
:1010D000FFFFFFFFFFFFFFFFFFFFFFFFFFFFFFFF20
:1010E000FFFFFFFFFFFFFFFFFFFFFFFFFFFFFFFF10
:1010F000FFFFFFFFFFFFFFFFFFFFFFFFFFFFFFFF00
:10110000FFFFFFFFFFFFFFFFFFFFFFFFFFFFFFFFEF
:10111000FFFFFFFFFFFFFFFFFFFFFFFFFFFFFFFFDF
:10112000FFFFFFFFFFFFFFFFFFFFFFFFFFFFFFFFCF
:10113000FFFFFFFFFFFFFFFFFFFFFFFFFFFFFFFFBF
:10114000FFFFFFFFFFFFFFFFFFFFFFFFFFFFFFFFAF
:10115000FFFFFFFFFFFFFFFFFFFFFFFFFFFFFFFF9F
:10116000FFFFFFFFFFFFFFFFFFFFFFFFFFFFFFFF8F
:10117000FFFFFFFFFFFFFFFFFFFFFFFFFFFFFFFF7F
:10118000FFFFFFFFFFFFFFFFFFFFFFFFFFFFFFFF6F
:10119000FFFFFFFFFFFFFFFFFFFFFFFFFFFFFFFF5F
:1011A000FFFFFFFFFFFFFFFFFFFFFFFFFFFFFFFF4F
:1011B000FFFFFFFFFFFFFFFFFFFFFFFFFFFFFFFF3F
:1011C000FFFFFFFFFFFFFFFFFFFFFFFFFFFFFFFF2F
:1011D000FFFFFFFFFFFFFFFFFFFFFFFFFFFFFFFF1F
:1011E000FFFFFFFFFFFFFFFFFFFFFFFFFFFFFFFF0F
:1011F000FFFFFFFFFFFFFFFFFFFFFFFFFFFFFFFFFF
:10120000FFFFFFFFFFFFFFFFFFFFFFFFFFFFFFFFEE
:10121000FFFFFFFFFFFFFFFFFFFFFFFFFFFFFFFFDE
:10122000FFFFFFFFFFFFFFFFFFFFFFFFFFFFFFFFCE
:10123000FFFFFFFFFFFFFFFFFFFFFFFFFFFFFFFFBE
:10124000FFFFFFFFFFFFFFFFFFFFFFFFFFFFFFFFAE
:10125000FFFFFFFFFFFFFFFFFFFFFFFFFFFFFFFF9E
:10126000FFFFFFFFFFFFFFFFFFFFFFFFFFFFFFFF8E
:10127000FFFFFFFFFFFFFFFFFFFFFFFFFFFFFFFF7E
:10128000FFFFFFFFFFFFFFFFFFFFFFFFFFFFFFFF6E
:10129000FFFFFFFFFFFFFFFFFFFFFFFFFFFFFFFF5E
:1012A000FFFFFFFFFFFFFFFFFFFFFFFFFFFFFFFF4E
:1012B000FFFFFFFFFFFFFFFFFFFFFFFFFFFFFFFF3E
:1012C000FFFFFFFFFFFFFFFFFFFFFFFFFFFFFFFF2E
:1012D000FFFFFFFFFFFFFFFFFFFFFFFFFFFFFFFF1E
:1012E000FFFFFFFFFFFFFFFFFFFFFFFFFFFFFFFF0E
:1012F000FFFFFFFFFFFFFFFFFFFFFFFFFFFFFFFFFE
:10130000FFFFFFFFFFFFFFFFFFFFFFFFFFFFFFFFED
:10131000FFFFFFFFFFFFFFFFFFFFFFFFFFFFFFFFDD
:10132000FFFFFFFFFFFFFFFFFFFFFFFFFFFFFFFFCD
:10133000FFFFFFFFFFFFFFFFFFFFFFFFFFFFFFFFBD
:10134000FFFFFFFFFFFFFFFFFFFFFFFFFFFFFFFFAD
:10135000FFFFFFFFFFFFFFFFFFFFFFFFFFFFFFFF9D
:10136000FFFFFFFFFFFFFFFFFFFFFFFFFFFFFFFF8D
:10137000FFFFFFFFFFFFFFFFFFFFFFFFFFFFFFFF7D
:10138000FFFFFFFFFFFFFFFFFFFFFFFFFFFFFFFF6D
:10139000FFFFFFFFFFFFFFFFFFFFFFFFFFFFFFFF5D
:1013A000FFFFFFFFFFFFFFFFFFFFFFFFFFFFFFFF4D
:1013B000FFFFFFFFFFFFFFFFFFFFFFFFFFFFFFFF3D
:1013C000FFFFFFFFFFFFFFFFFFFFFFFFFFFFFFFF2D
:1013D000FFFFFFFFFFFFFFFFFFFFFFFFFFFFFFFF1D
:1013E000FFFFFFFFFFFFFFFFFFFFFFFFFFFFFFFF0D
:1013F000FFFFFFFFFFFFFFFFFFFFFFFFFFFFFFFFFD
:10140000FFFFFFFFFFFFFFFFFFFFFFFFFFFFFFFFEC
:10141000FFFFFFFFFFFFFFFFFFFFFFFFFFFFFFFFDC
:10142000FFFFFFFFFFFFFFFFFFFFFFFFFFFFFFFFCC
:10143000FFFFFFFFFFFFFFFFFFFFFFFFFFFFFFFFBC
:10144000FFFFFFFFFFFFFFFFFFFFFFFFFFFFFFFFAC
:10145000FFFFFFFFFFFFFFFFFFFFFFFFFFFFFFFF9C
:10146000FFFFFFFFFFFFFFFFFFFFFFFFFFFFFFFF8C
:10147000FFFFFFFFFFFFFFFFFFFFFFFFFFFFFFFF7C
:10148000FFFFFFFFFFFFFFFFFFFFFFFFFFFFFFFF6C
:10149000FFFFFFFFFFFFFFFFFFFFFFFFFFFFFFFF5C
:1014A000FFFFFFFFFFFFFFFFFFFFFFFFFFFFFFFF4C
:1014B000FFFFFFFFFFFFFFFFFFFFFFFFFFFFFFFF3C
:1014C000FFFFFFFFFFFFFFFFFFFFFFFFFFFFFFFF2C
:1014D000FFFFFFFFFFFFFFFFFFFFFFFFFFFFFFFF1C
:1014E000FFFFFFFFFFFFFFFFFFFFFFFFFFFFFFFF0C
:1014F000FFFFFFFFFFFFFFFFFFFFFFFFFFFFFFFFFC
:10150000FFFFFFFFFFFFFFFFFFFFFFFFFFFFFFFFEB
:10151000FFFFFFFFFFFFFFFFFFFFFFFFFFFFFFFFDB
:10152000FFFFFFFFFFFFFFFFFFFFFFFFFFFFFFFFCB
:10153000FFFFFFFFFFFFFFFFFFFFFFFFFFFFFFFFBB
:10154000FFFFFFFFFFFFFFFFFFFFFFFFFFFFFFFFAB
:10155000FFFFFFFFFFFFFFFFFFFFFFFFFFFFFFFF9B
:10156000FFFFFFFFFFFFFFFFFFFFFFFFFFFFFFFF8B
:10157000FFFFFFFFFFFFFFFFFFFFFFFFFFFFFFFF7B
:10158000FFFFFFFFFFFFFFFFFFFFFFFFFFFFFFFF6B
:10159000FFFFFFFFFFFFFFFFFFFFFFFFFFFFFFFF5B
:1015A000FFFFFFFFFFFFFFFFFFFFFFFFFFFFFFFF4B
:1015B000FFFFFFFFFFFFFFFFFFFFFFFFFFFFFFFF3B
:1015C000FFFFFFFFFFFFFFFFFFFFFFFFFFFFFFFF2B
:1015D000FFFFFFFFFFFFFFFFFFFFFFFFFFFFFFFF1B
:1015E000FFFFFFFFFFFFFFFFFFFFFFFFFFFFFFFF0B
:1015F000FFFFFFFFFFFFFFFFFFFFFFFFFFFFFFFFFB
:10160000FFFFFFFFFFFFFFFFFFFFFFFFFFFFFFFFEA
:10161000FFFFFFFFFFFFFFFFFFFFFFFFFFFFFFFFDA
:10162000FFFFFFFFFFFFFFFFFFFFFFFFFFFFFFFFCA
:10163000FFFFFFFFFFFFFFFFFFFFFFFFFFFFFFFFBA
:10164000FFFFFFFFFFFFFFFFFFFFFFFFFFFFFFFFAA
:10165000FFFFFFFFFFFFFFFFFFFFFFFFFFFFFFFF9A
:10166000FFFFFFFFFFFFFFFFFFFFFFFFFFFFFFFF8A
:10167000FFFFFFFFFFFFFFFFFFFFFFFFFFFFFFFF7A
:10168000FFFFFFFFFFFFFFFFFFFFFFFFFFFFFFFF6A
:10169000FFFFFFFFFFFFFFFFFFFFFFFFFFFFFFFF5A
:1016A000FFFFFFFFFFFFFFFFFFFFFFFFFFFFFFFF4A
:1016B000FFFFFFFFFFFFFFFFFFFFFFFFFFFFFFFF3A
:1016C000FFFFFFFFFFFFFFFFFFFFFFFFFFFFFFFF2A
:1016D000FFFFFFFFFFFFFFFFFFFFFFFFFFFFFFFF1A
:1016E000FFFFFFFFFFFFFFFFFFFFFFFFFFFFFFFF0A
:1016F000FFFFFFFFFFFFFFFFFFFFFFFFFFFFFFFFFA
:10170000FFFFFFFFFFFFFFFFFFFFFFFFFFFFFFFFE9
:10171000FFFFFFFFFFFFFFFFFFFFFFFFFFFFFFFFD9
:10172000FFFFFFFFFFFFFFFFFFFFFFFFFFFFFFFFC9
:10173000FFFFFFFFFFFFFFFFFFFFFFFFFFFFFFFFB9
:10174000FFFFFFFFFFFFFFFFFFFFFFFFFFFFFFFFA9
:10175000FFFFFFFFFFFFFFFFFFFFFFFFFFFFFFFF99
:10176000FFFFFFFFFFFFFFFFFFFFFFFFFFFFFFFF89
:10177000FFFFFFFFFFFFFFFFFFFFFFFFFFFFFFFF79
:10178000FFFFFFFFFFFFFFFFFFFFFFFFFFFFFFFF69
:10179000FFFFFFFFFFFFFFFFFFFFFFFFFFFFFFFF59
:1017A000FFFFFFFFFFFFFFFFFFFFFFFFFFFFFFFF49
:1017B000FFFFFFFFFFFFFFFFFFFFFFFFFFFFFFFF39
:1017C000FFFFFFFFFFFFFFFFFFFFFFFFFFFFFFFF29
:1017D000FFFFFFFFFFFFFFFFFFFFFFFFFFFFFFFF19
:1017E000FFFFFFFFFFFFFFFFFFFFFFFFFFFFFFFF09
:1017F000FFFFFFFFFFFFFFFFFFFFFFFFFFFFFFFFF9
:10180000FFFFFFFFFFFFFFFFFFFFFFFFFFFFFFFFE8
:10181000FFFFFFFFFFFFFFFFFFFFFFFFFFFFFFFFD8
:10182000FFFFFFFFFFFFFFFFFFFFFFFFFFFFFFFFC8
:10183000FFFFFFFFFFFFFFFFFFFFFFFFFFFFFFFFB8
:10184000FFFFFFFFFFFFFFFFFFFFFFFFFFFFFFFFA8
:10185000FFFFFFFFFFFFFFFFFFFFFFFFFFFFFFFF98
:10186000FFFFFFFFFFFFFFFFFFFFFFFFFFFFFFFF88
:10187000FFFFFFFFFFFFFFFFFFFFFFFFFFFFFFFF78
:10188000FFFFFFFFFFFFFFFFFFFFFFFFFFFFFFFF68
:10189000FFFFFFFFFFFFFFFFFFFFFFFFFFFFFFFF58
:1018A000FFFFFFFFFFFFFFFFFFFFFFFFFFFFFFFF48
:1018B000FFFFFFFFFFFFFFFFFFFFFFFFFFFFFFFF38
:1018C000FFFFFFFFFFFFFFFFFFFFFFFFFFFFFFFF28
:1018D000FFFFFFFFFFFFFFFFFFFFFFFFFFFFFFFF18
:1018E000FFFFFFFFFFFFFFFFFFFFFFFFFFFFFFFF08
:1018F000FFFFFFFFFFFFFFFFFFFFFFFFFFFFFFFFF8
:10190000FFFFFFFFFFFFFFFFFFFFFFFFFFFFFFFFE7
:10191000FFFFFFFFFFFFFFFFFFFFFFFFFFFFFFFFD7
:10192000FFFFFFFFFFFFFFFFFFFFFFFFFFFFFFFFC7
:10193000FFFFFFFFFFFFFFFFFFFFFFFFFFFFFFFFB7
:10194000FFFFFFFFFFFFFFFFFFFFFFFFFFFFFFFFA7
:10195000FFFFFFFFFFFFFFFFFFFFFFFFFFFFFFFF97
:10196000FFFFFFFFFFFFFFFFFFFFFFFFFFFFFFFF87
:10197000FFFFFFFFFFFFFFFFFFFFFFFFFFFFFFFF77
:10198000FFFFFFFFFFFFFFFFFFFFFFFFFFFFFFFF67
:10199000FFFFFFFFFFFFFFFFFFFFFFFFFFFFFFFF57
:1019A000FFFFFFFFFFFFFFFFFFFFFFFFFFFFFFFF47
:1019B000FFFFFFFFFFFFFFFFFFFFFFFFFFFFFFFF37
:1019C000FFFFFFFFFFFFFFFFFFFFFFFFFFFFFFFF27
:1019D000FFFFFFFFFFFFFFFFFFFFFFFFFFFFFFFF17
:1019E000FFFFFFFFFFFFFFFFFFFFFFFFFFFFFFFF07
:1019F000FFFFFFFFFFFFFFFFFFFFFFFFFFFFFFFFF7
:101A0000FFFFFFFFFFFFFFFFFFFFFFFFFFFFFFFFE6
:101A1000FFFFFFFFFFFFFFFFFFFFFFFFFFFFFFFFD6
:101A2000FFFFFFFFFFFFFFFFFFFFFFFFFFFFFFFFC6
:101A3000FFFFFFFFFFFFFFFFFFFFFFFFFFFFFFFFB6
:101A4000FFFFFFFFFFFFFFFFFFFFFFFFFFFFFFFFA6
:101A5000FFFFFFFFFFFFFFFFFFFFFFFFFFFFFFFF96
:101A6000FFFFFFFFFFFFFFFFFFFFFFFFFFFFFFFF86
:101A7000FFFFFFFFFFFFFFFFFFFFFFFFFFFFFFFF76
:101A8000FFFFFFFFFFFFFFFFFFFFFFFFFFFFFFFF66
:101A9000FFFFFFFFFFFFFFFFFFFFFFFFFFFFFFFF56
:101AA000FFFFFFFFFFFFFFFFFFFFFFFFFFFFFFFF46
:101AB000FFFFFFFFFFFFFFFFFFFFFFFFFFFFFFFF36
:101AC000FFFFFFFFFFFFFFFFFFFFFFFFFFFFFFFF26
:101AD000FFFFFFFFFFFFFFFFFFFFFFFFFFFFFFFF16
:101AE000FFFFFFFFFFFFFFFFFFFFFFFFFFFFFFFF06
:101AF000FFFFFFFFFFFFFFFFFFFFFFFFFFFFFFFFF6
:101B0000FFFFFFFFFFFFFFFFFFFFFFFFFFFFFFFFE5
:101B1000FFFFFFFFFFFFFFFFFFFFFFFFFFFFFFFFD5
:101B2000FFFFFFFFFFFFFFFFFFFFFFFFFFFFFFFFC5
:101B3000FFFFFFFFFFFFFFFFFFFFFFFFFFFFFFFFB5
:101B4000FFFFFFFFFFFFFFFFFFFFFFFFFFFFFFFFA5
:101B5000FFFFFFFFFFFFFFFFFFFFFFFFFFFFFFFF95
:101B6000FFFFFFFFFFFFFFFFFFFFFFFFFFFFFFFF85
:101B7000FFFFFFFFFFFFFFFFFFFFFFFFFFFFFFFF75
:101B8000FFFFFFFFFFFFFFFFFFFFFFFFFFFFFFFF65
:101B9000FFFFFFFFFFFFFFFFFFFFFFFFFFFFFFFF55
:101BA000FFFFFFFFFFFFFFFFFFFFFFFFFFFFFFFF45
:101BB000FFFFFFFFFFFFFFFFFFFFFFFFFFFFFFFF35
:101BC000FFFFFFFFFFFFFFFFFFFFFFFFFFFFFFFF25
:101BD000FFFFFFFFFFFFFFFFFFFFFFFFFFFFFFFF15
:101BE000FFFFFFFFFFFFFFFFFFFFFFFFFFFFFFFF05
:101BF000FFFFFFFFFFFFFFFFFFFFFFFFFFFFFFFFF5
:101C0000FFFFFFFFFFFFFFFFFFFFFFFFFFFFFFFFE4
:101C1000FFFFFFFFFFFFFFFFFFFFFFFFFFFFFFFFD4
:101C2000FFFFFFFFFFFFFFFFFFFFFFFFFFFFFFFFC4
:101C3000FFFFFFFFFFFFFFFFFFFFFFFFFFFFFFFFB4
:101C4000FFFFFFFFFFFFFFFFFFFFFFFFFFFFFFFFA4
:101C5000FFFFFFFFFFFFFFFFFFFFFFFFFFFFFFFF94
:101C6000FFFFFFFFFFFFFFFFFFFFFFFFFFFFFFFF84
:101C7000FFFFFFFFFFFFFFFFFFFFFFFFFFFFFFFF74
:101C8000FFFFFFFFFFFFFFFFFFFFFFFFFFFFFFFF64
:101C9000FFFFFFFFFFFFFFFFFFFFFFFFFFFFFFFF54
:101CA000FFFFFFFFFFFFFFFFFFFFFFFFFFFFFFFF44
:101CB000FFFFFFFFFFFFFFFFFFFFFFFFFFFFFFFF34
:101CC000FFFFFFFFFFFFFFFFFFFFFFFFFFFFFFFF24
:101CD000FFFFFFFFFFFFFFFFFFFFFFFFFFFFFFFF14
:101CE000FFFFFFFFFFFFFFFFFFFFFFFFFFFFFFFF04
:101CF000FFFFFFFFFFFFFFFFFFFFFFFFFFFFFFFFF4
:101D0000FFFFFFFFFFFFFFFFFFFFFFFFFFFFFFFFE3
:101D1000FFFFFFFFFFFFFFFFFFFFFFFFFFFFFFFFD3
:101D2000FFFFFFFFFFFFFFFFFFFFFFFFFFFFFFFFC3
:101D3000FFFFFFFFFFFFFFFFFFFFFFFFFFFFFFFFB3
:101D4000FFFFFFFFFFFFFFFFFFFFFFFFFFFFFFFFA3
:101D5000FFFFFFFFFFFFFFFFFFFFFFFFFFFFFFFF93
:101D6000FFFFFFFFFFFFFFFFFFFFFFFFFFFFFFFF83
:101D7000FFFFFFFFFFFFFFFFFFFFFFFFFFFFFFFF73
:101D8000FFFFFFFFFFFFFFFFFFFFFFFFFFFFFFFF63
:101D9000FFFFFFFFFFFFFFFFFFFFFFFFFFFFFFFF53
:101DA000FFFFFFFFFFFFFFFFFFFFFFFFFFFFFFFF43
:101DB000FFFFFFFFFFFFFFFFFFFFFFFFFFFFFFFF33
:101DC000FFFFFFFFFFFFFFFFFFFFFFFFFFFFFFFF23
:101DD000FFFFFFFFFFFFFFFFFFFFFFFFFFFFFFFF13
:101DE000FFFFFFFFFFFFFFFFFFFFFFFFFFFFFFFF03
:101DF000FFFFFFFFFFFFFFFFFFFFFFFFFFFFFFFFF3
:101E0000FFFFFFFFFFFFFFFFFFFFFFFFFFFFFFFFE2
:101E1000FFFFFFFFFFFFFFFFFFFFFFFFFFFFFFFFD2
:101E2000FFFFFFFFFFFFFFFFFFFFFFFFFFFFFFFFC2
:101E3000FFFFFFFFFFFFFFFFFFFFFFFFFFFFFFFFB2
:101E4000FFFFFFFFFFFFFFFFFFFFFFFFFFFFFFFFA2
:101E5000FFFFFFFFFFFFFFFFFFFFFFFFFFFFFFFF92
:101E6000FFFFFFFFFFFFFFFFFFFFFFFFFFFFFFFF82
:101E7000FFFFFFFFFFFFFFFFFFFFFFFFFFFFFFFF72
:101E8000FFFFFFFFFFFFFFFFFFFFFFFFFFFFFFFF62
:101E9000FFFFFFFFFFFFFFFFFFFFFFFFFFFFFFFF52
:101EA000FFFFFFFFFFFFFFFFFFFFFFFFFFFFFFFF42
:101EB000FFFFFFFFFFFFFFFFFFFFFFFFFFFFFFFF32
:101EC000FFFFFFFFFFFFFFFFFFFFFFFFFFFFFFFF22
:101ED000FFFFFFFFFFFFFFFFFFFFFFFFFFFFFFFF12
:101EE000FFFFFFFFFFFFFFFFFFFFFFFFFFFFFFFF02
:101EF000FFFFFFFFFFFFFFFFFFFFFFFFFFFFFFFFF2
:101F0000FFFFFFFFFFFFFFFFFFFFFFFFFFFFFFFFE1
:101F1000FFFFFFFFFFFFFFFFFFFFFFFFFFFFFFFFD1
:101F2000FFFFFFFFFFFFFFFFFFFFFFFFFFFFFFFFC1
:101F3000FFFFFFFFFFFFFFFFFFFFFFFFFFFFFFFFB1
:101F4000FFFFFFFFFFFFFFFFFFFFFFFFFFFFFFFFA1
:101F5000FFFFFFFFFFFFFFFFFFFFFFFFFFFFFFFF91
:101F6000FFFFFFFFFFFFFFFFFFFFFFFFFFFFFFFF81
:101F7000FFFFFFFFFFFFFFFFFFFFFFFFFFFFFFFF71
:101F8000FFFFFFFFFFFFFFFFFFFFFFFFFFFFFFFF61
:101F9000FFFFFFFFFFFFFFFFFFFFFFFFFFFFFFFF51
:101FA000FFFFFFFFFFFFFFFFFFFFFFFFFFFFFFFF41
:101FB000FFFFFFFFFFFFFFFFFFFFFFFFFFFFFFFF31
:101FC000FFFFFFFFFFFFFFFFFFFFFFFFFFFFFFFF21
:101FD000FFFFFFFFFFFFFFFFFFFFFFFFFFFFFFFF11
:101FE000FFFFFFFFFFFFFFFFFFFFFFFFFFFFFFFF01
:101FF000FFFFFFFFFFFFFFFFFFFFFFFFFFFFFFFFF1
:10200000FFFFFFFFFFFFFFFFFFFFFFFFFFFFFFFFE0
:10201000FFFFFFFFFFFFFFFFFFFFFFFFFFFFFFFFD0
:10202000FFFFFFFFFFFFFFFFFFFFFFFFFFFFFFFFC0
:10203000FFFFFFFFFFFFFFFFFFFFFFFFFFFFFFFFB0
:10204000FFFFFFFFFFFFFFFFFFFFFFFFFFFFFFFFA0
:10205000FFFFFFFFFFFFFFFFFFFFFFFFFFFFFFFF90
:10206000FFFFFFFFFFFFFFFFFFFFFFFFFFFFFFFF80
:10207000FFFFFFFFFFFFFFFFFFFFFFFFFFFFFFFF70
:10208000FFFFFFFFFFFFFFFFFFFFFFFFFFFFFFFF60
:10209000FFFFFFFFFFFFFFFFFFFFFFFFFFFFFFFF50
:1020A000FFFFFFFFFFFFFFFFFFFFFFFFFFFFFFFF40
:1020B000FFFFFFFFFFFFFFFFFFFFFFFFFFFFFFFF30
:1020C000FFFFFFFFFFFFFFFFFFFFFFFFFFFFFFFF20
:1020D000FFFFFFFFFFFFFFFFFFFFFFFFFFFFFFFF10
:1020E000FFFFFFFFFFFFFFFFFFFFFFFFFFFFFFFF00
:1020F000FFFFFFFFFFFFFFFFFFFFFFFFFFFFFFFFF0
:10210000FFFFFFFFFFFFFFFFFFFFFFFFFFFFFFFFDF
:10211000FFFFFFFFFFFFFFFFFFFFFFFFFFFFFFFFCF
:10212000FFFFFFFFFFFFFFFFFFFFFFFFFFFFFFFFBF
:10213000FFFFFFFFFFFFFFFFFFFFFFFFFFFFFFFFAF
:10214000FFFFFFFFFFFFFFFFFFFFFFFFFFFFFFFF9F
:10215000FFFFFFFFFFFFFFFFFFFFFFFFFFFFFFFF8F
:10216000FFFFFFFFFFFFFFFFFFFFFFFFFFFFFFFF7F
:10217000FFFFFFFFFFFFFFFFFFFFFFFFFFFFFFFF6F
:10218000FFFFFFFFFFFFFFFFFFFFFFFFFFFFFFFF5F
:10219000FFFFFFFFFFFFFFFFFFFFFFFFFFFFFFFF4F
:1021A000FFFFFFFFFFFFFFFFFFFFFFFFFFFFFFFF3F
:1021B000FFFFFFFFFFFFFFFFFFFFFFFFFFFFFFFF2F
:1021C000FFFFFFFFFFFFFFFFFFFFFFFFFFFFFFFF1F
:1021D000FFFFFFFFFFFFFFFFFFFFFFFFFFFFFFFF0F
:1021E000FFFFFFFFFFFFFFFFFFFFFFFFFFFFFFFFFF
:1021F000FFFFFFFFFFFFFFFFFFFFFFFFFFFFFFFFEF
:10220000FFFFFFFFFFFFFFFFFFFFFFFFFFFFFFFFDE
:10221000FFFFFFFFFFFFFFFFFFFFFFFFFFFFFFFFCE
:10222000FFFFFFFFFFFFFFFFFFFFFFFFFFFFFFFFBE
:10223000FFFFFFFFFFFFFFFFFFFFFFFFFFFFFFFFAE
:10224000FFFFFFFFFFFFFFFFFFFFFFFFFFFFFFFF9E
:10225000FFFFFFFFFFFFFFFFFFFFFFFFFFFFFFFF8E
:10226000FFFFFFFFFFFFFFFFFFFFFFFFFFFFFFFF7E
:10227000FFFFFFFFFFFFFFFFFFFFFFFFFFFFFFFF6E
:10228000FFFFFFFFFFFFFFFFFFFFFFFFFFFFFFFF5E
:10229000FFFFFFFFFFFFFFFFFFFFFFFFFFFFFFFF4E
:1022A000FFFFFFFFFFFFFFFFFFFFFFFFFFFFFFFF3E
:1022B000FFFFFFFFFFFFFFFFFFFFFFFFFFFFFFFF2E
:1022C000FFFFFFFFFFFFFFFFFFFFFFFFFFFFFFFF1E
:1022D000FFFFFFFFFFFFFFFFFFFFFFFFFFFFFFFF0E
:1022E000FFFFFFFFFFFFFFFFFFFFFFFFFFFFFFFFFE
:1022F000FFFFFFFFFFFFFFFFFFFFFFFFFFFFFFFFEE
:10230000FFFFFFFFFFFFFFFFFFFFFFFFFFFFFFFFDD
:10231000FFFFFFFFFFFFFFFFFFFFFFFFFFFFFFFFCD
:10232000FFFFFFFFFFFFFFFFFFFFFFFFFFFFFFFFBD
:10233000FFFFFFFFFFFFFFFFFFFFFFFFFFFFFFFFAD
:10234000FFFFFFFFFFFFFFFFFFFFFFFFFFFFFFFF9D
:10235000FFFFFFFFFFFFFFFFFFFFFFFFFFFFFFFF8D
:10236000FFFFFFFFFFFFFFFFFFFFFFFFFFFFFFFF7D
:10237000FFFFFFFFFFFFFFFFFFFFFFFFFFFFFFFF6D
:10238000FFFFFFFFFFFFFFFFFFFFFFFFFFFFFFFF5D
:10239000FFFFFFFFFFFFFFFFFFFFFFFFFFFFFFFF4D
:1023A000FFFFFFFFFFFFFFFFFFFFFFFFFFFFFFFF3D
:1023B000FFFFFFFFFFFFFFFFFFFFFFFFFFFFFFFF2D
:1023C000FFFFFFFFFFFFFFFFFFFFFFFFFFFFFFFF1D
:1023D000FFFFFFFFFFFFFFFFFFFFFFFFFFFFFFFF0D
:1023E000FFFFFFFFFFFFFFFFFFFFFFFFFFFFFFFFFD
:1023F000FFFFFFFFFFFFFFFFFFFFFFFFFFFFFFFFED
:10240000FFFFFFFFFFFFFFFFFFFFFFFFFFFFFFFFDC
:10241000FFFFFFFFFFFFFFFFFFFFFFFFFFFFFFFFCC
:10242000FFFFFFFFFFFFFFFFFFFFFFFFFFFFFFFFBC
:10243000FFFFFFFFFFFFFFFFFFFFFFFFFFFFFFFFAC
:10244000FFFFFFFFFFFFFFFFFFFFFFFFFFFFFFFF9C
:10245000FFFFFFFFFFFFFFFFFFFFFFFFFFFFFFFF8C
:10246000FFFFFFFFFFFFFFFFFFFFFFFFFFFFFFFF7C
:10247000FFFFFFFFFFFFFFFFFFFFFFFFFFFFFFFF6C
:10248000FFFFFFFFFFFFFFFFFFFFFFFFFFFFFFFF5C
:10249000FFFFFFFFFFFFFFFFFFFFFFFFFFFFFFFF4C
:1024A000FFFFFFFFFFFFFFFFFFFFFFFFFFFFFFFF3C
:1024B000FFFFFFFFFFFFFFFFFFFFFFFFFFFFFFFF2C
:1024C000FFFFFFFFFFFFFFFFFFFFFFFFFFFFFFFF1C
:1024D000FFFFFFFFFFFFFFFFFFFFFFFFFFFFFFFF0C
:1024E000FFFFFFFFFFFFFFFFFFFFFFFFFFFFFFFFFC
:1024F000FFFFFFFFFFFFFFFFFFFFFFFFFFFFFFFFEC
:10250000FFFFFFFFFFFFFFFFFFFFFFFFFFFFFFFFDB
:10251000FFFFFFFFFFFFFFFFFFFFFFFFFFFFFFFFCB
:10252000FFFFFFFFFFFFFFFFFFFFFFFFFFFFFFFFBB
:10253000FFFFFFFFFFFFFFFFFFFFFFFFFFFFFFFFAB
:10254000FFFFFFFFFFFFFFFFFFFFFFFFFFFFFFFF9B
:10255000FFFFFFFFFFFFFFFFFFFFFFFFFFFFFFFF8B
:10256000FFFFFFFFFFFFFFFFFFFFFFFFFFFFFFFF7B
:10257000FFFFFFFFFFFFFFFFFFFFFFFFFFFFFFFF6B
:10258000FFFFFFFFFFFFFFFFFFFFFFFFFFFFFFFF5B
:10259000FFFFFFFFFFFFFFFFFFFFFFFFFFFFFFFF4B
:1025A000FFFFFFFFFFFFFFFFFFFFFFFFFFFFFFFF3B
:1025B000FFFFFFFFFFFFFFFFFFFFFFFFFFFFFFFF2B
:1025C000FFFFFFFFFFFFFFFFFFFFFFFFFFFFFFFF1B
:1025D000FFFFFFFFFFFFFFFFFFFFFFFFFFFFFFFF0B
:1025E000FFFFFFFFFFFFFFFFFFFFFFFFFFFFFFFFFB
:1025F000FFFFFFFFFFFFFFFFFFFFFFFFFFFFFFFFEB
:10260000FFFFFFFFFFFFFFFFFFFFFFFFFFFFFFFFDA
:10261000FFFFFFFFFFFFFFFFFFFFFFFFFFFFFFFFCA
:10262000FFFFFFFFFFFFFFFFFFFFFFFFFFFFFFFFBA
:10263000FFFFFFFFFFFFFFFFFFFFFFFFFFFFFFFFAA
:10264000FFFFFFFFFFFFFFFFFFFFFFFFFFFFFFFF9A
:10265000FFFFFFFFFFFFFFFFFFFFFFFFFFFFFFFF8A
:10266000FFFFFFFFFFFFFFFFFFFFFFFFFFFFFFFF7A
:10267000FFFFFFFFFFFFFFFFFFFFFFFFFFFFFFFF6A
:10268000FFFFFFFFFFFFFFFFFFFFFFFFFFFFFFFF5A
:10269000FFFFFFFFFFFFFFFFFFFFFFFFFFFFFFFF4A
:1026A000FFFFFFFFFFFFFFFFFFFFFFFFFFFFFFFF3A
:1026B000FFFFFFFFFFFFFFFFFFFFFFFFFFFFFFFF2A
:1026C000FFFFFFFFFFFFFFFFFFFFFFFFFFFFFFFF1A
:1026D000FFFFFFFFFFFFFFFFFFFFFFFFFFFFFFFF0A
:1026E000FFFFFFFFFFFFFFFFFFFFFFFFFFFFFFFFFA
:1026F000FFFFFFFFFFFFFFFFFFFFFFFFFFFFFFFFEA
:10270000FFFFFFFFFFFFFFFFFFFFFFFFFFFFFFFFD9
:10271000FFFFFFFFFFFFFFFFFFFFFFFFFFFFFFFFC9
:10272000FFFFFFFFFFFFFFFFFFFFFFFFFFFFFFFFB9
:10273000FFFFFFFFFFFFFFFFFFFFFFFFFFFFFFFFA9
:10274000FFFFFFFFFFFFFFFFFFFFFFFFFFFFFFFF99
:10275000FFFFFFFFFFFFFFFFFFFFFFFFFFFFFFFF89
:10276000FFFFFFFFFFFFFFFFFFFFFFFFFFFFFFFF79
:10277000FFFFFFFFFFFFFFFFFFFFFFFFFFFFFFFF69
:10278000FFFFFFFFFFFFFFFFFFFFFFFFFFFFFFFF59
:10279000FFFFFFFFFFFFFFFFFFFFFFFFFFFFFFFF49
:1027A000FFFFFFFFFFFFFFFFFFFFFFFFFFFFFFFF39
:1027B000FFFFFFFFFFFFFFFFFFFFFFFFFFFFFFFF29
:1027C000FFFFFFFFFFFFFFFFFFFFFFFFFFFFFFFF19
:1027D000FFFFFFFFFFFFFFFFFFFFFFFFFFFFFFFF09
:1027E000FFFFFFFFFFFFFFFFFFFFFFFFFFFFFFFFF9
:1027F000FFFFFFFFFFFFFFFFFFFFFFFFFFFFFFFFE9
:10280000FFFFFFFFFFFFFFFFFFFFFFFFFFFFFFFFD8
:10281000FFFFFFFFFFFFFFFFFFFFFFFFFFFFFFFFC8
:10282000FFFFFFFFFFFFFFFFFFFFFFFFFFFFFFFFB8
:10283000FFFFFFFFFFFFFFFFFFFFFFFFFFFFFFFFA8
:10284000FFFFFFFFFFFFFFFFFFFFFFFFFFFFFFFF98
:10285000FFFFFFFFFFFFFFFFFFFFFFFFFFFFFFFF88
:10286000FFFFFFFFFFFFFFFFFFFFFFFFFFFFFFFF78
:10287000FFFFFFFFFFFFFFFFFFFFFFFFFFFFFFFF68
:10288000FFFFFFFFFFFFFFFFFFFFFFFFFFFFFFFF58
:10289000FFFFFFFFFFFFFFFFFFFFFFFFFFFFFFFF48
:1028A000FFFFFFFFFFFFFFFFFFFFFFFFFFFFFFFF38
:1028B000FFFFFFFFFFFFFFFFFFFFFFFFFFFFFFFF28
:1028C000FFFFFFFFFFFFFFFFFFFFFFFFFFFFFFFF18
:1028D000FFFFFFFFFFFFFFFFFFFFFFFFFFFFFFFF08
:1028E000FFFFFFFFFFFFFFFFFFFFFFFFFFFFFFFFF8
:1028F000FFFFFFFFFFFFFFFFFFFFFFFFFFFFFFFFE8
:10290000FFFFFFFFFFFFFFFFFFFFFFFFFFFFFFFFD7
:10291000FFFFFFFFFFFFFFFFFFFFFFFFFFFFFFFFC7
:10292000FFFFFFFFFFFFFFFFFFFFFFFFFFFFFFFFB7
:10293000FFFFFFFFFFFFFFFFFFFFFFFFFFFFFFFFA7
:10294000FFFFFFFFFFFFFFFFFFFFFFFFFFFFFFFF97
:10295000FFFFFFFFFFFFFFFFFFFFFFFFFFFFFFFF87
:10296000FFFFFFFFFFFFFFFFFFFFFFFFFFFFFFFF77
:10297000FFFFFFFFFFFFFFFFFFFFFFFFFFFFFFFF67
:10298000FFFFFFFFFFFFFFFFFFFFFFFFFFFFFFFF57
:10299000FFFFFFFFFFFFFFFFFFFFFFFFFFFFFFFF47
:1029A000FFFFFFFFFFFFFFFFFFFFFFFFFFFFFFFF37
:1029B000FFFFFFFFFFFFFFFFFFFFFFFFFFFFFFFF27
:1029C000FFFFFFFFFFFFFFFFFFFFFFFFFFFFFFFF17
:1029D000FFFFFFFFFFFFFFFFFFFFFFFFFFFFFFFF07
:1029E000FFFFFFFFFFFFFFFFFFFFFFFFFFFFFFFFF7
:1029F000FFFFFFFFFFFFFFFFFFFFFFFFFFFFFFFFE7
:102A0000FFFFFFFFFFFFFFFFFFFFFFFFFFFFFFFFD6
:102A1000FFFFFFFFFFFFFFFFFFFFFFFFFFFFFFFFC6
:102A2000FFFFFFFFFFFFFFFFFFFFFFFFFFFFFFFFB6
:102A3000FFFFFFFFFFFFFFFFFFFFFFFFFFFFFFFFA6
:102A4000FFFFFFFFFFFFFFFFFFFFFFFFFFFFFFFF96
:102A5000FFFFFFFFFFFFFFFFFFFFFFFFFFFFFFFF86
:102A6000FFFFFFFFFFFFFFFFFFFFFFFFFFFFFFFF76
:102A7000FFFFFFFFFFFFFFFFFFFFFFFFFFFFFFFF66
:102A8000FFFFFFFFFFFFFFFFFFFFFFFFFFFFFFFF56
:102A9000FFFFFFFFFFFFFFFFFFFFFFFFFFFFFFFF46
:102AA000FFFFFFFFFFFFFFFFFFFFFFFFFFFFFFFF36
:102AB000FFFFFFFFFFFFFFFFFFFFFFFFFFFFFFFF26
:102AC000FFFFFFFFFFFFFFFFFFFFFFFFFFFFFFFF16
:102AD000FFFFFFFFFFFFFFFFFFFFFFFFFFFFFFFF06
:102AE000FFFFFFFFFFFFFFFFFFFFFFFFFFFFFFFFF6
:102AF000FFFFFFFFFFFFFFFFFFFFFFFFFFFFFFFFE6
:102B0000FFFFFFFFFFFFFFFFFFFFFFFFFFFFFFFFD5
:102B1000FFFFFFFFFFFFFFFFFFFFFFFFFFFFFFFFC5
:102B2000FFFFFFFFFFFFFFFFFFFFFFFFFFFFFFFFB5
:102B3000FFFFFFFFFFFFFFFFFFFFFFFFFFFFFFFFA5
:102B4000FFFFFFFFFFFFFFFFFFFFFFFFFFFFFFFF95
:102B5000FFFFFFFFFFFFFFFFFFFFFFFFFFFFFFFF85
:102B6000FFFFFFFFFFFFFFFFFFFFFFFFFFFFFFFF75
:102B7000FFFFFFFFFFFFFFFFFFFFFFFFFFFFFFFF65
:102B8000FFFFFFFFFFFFFFFFFFFFFFFFFFFFFFFF55
:102B9000FFFFFFFFFFFFFFFFFFFFFFFFFFFFFFFF45
:102BA000FFFFFFFFFFFFFFFFFFFFFFFFFFFFFFFF35
:102BB000FFFFFFFFFFFFFFFFFFFFFFFFFFFFFFFF25
:102BC000FFFFFFFFFFFFFFFFFFFFFFFFFFFFFFFF15
:102BD000FFFFFFFFFFFFFFFFFFFFFFFFFFFFFFFF05
:102BE000FFFFFFFFFFFFFFFFFFFFFFFFFFFFFFFFF5
:102BF000FFFFFFFFFFFFFFFFFFFFFFFFFFFFFFFFE5
:102C0000FFFFFFFFFFFFFFFFFFFFFFFFFFFFFFFFD4
:102C1000FFFFFFFFFFFFFFFFFFFFFFFFFFFFFFFFC4
:102C2000FFFFFFFFFFFFFFFFFFFFFFFFFFFFFFFFB4
:102C3000FFFFFFFFFFFFFFFFFFFFFFFFFFFFFFFFA4
:102C4000FFFFFFFFFFFFFFFFFFFFFFFFFFFFFFFF94
:102C5000FFFFFFFFFFFFFFFFFFFFFFFFFFFFFFFF84
:102C6000FFFFFFFFFFFFFFFFFFFFFFFFFFFFFFFF74
:102C7000FFFFFFFFFFFFFFFFFFFFFFFFFFFFFFFF64
:102C8000FFFFFFFFFFFFFFFFFFFFFFFFFFFFFFFF54
:102C9000FFFFFFFFFFFFFFFFFFFFFFFFFFFFFFFF44
:102CA000FFFFFFFFFFFFFFFFFFFFFFFFFFFFFFFF34
:102CB000FFFFFFFFFFFFFFFFFFFFFFFFFFFFFFFF24
:102CC000FFFFFFFFFFFFFFFFFFFFFFFFFFFFFFFF14
:102CD000FFFFFFFFFFFFFFFFFFFFFFFFFFFFFFFF04
:102CE000FFFFFFFFFFFFFFFFFFFFFFFFFFFFFFFFF4
:102CF000FFFFFFFFFFFFFFFFFFFFFFFFFFFFFFFFE4
:102D0000FFFFFFFFFFFFFFFFFFFFFFFFFFFFFFFFD3
:102D1000FFFFFFFFFFFFFFFFFFFFFFFFFFFFFFFFC3
:102D2000FFFFFFFFFFFFFFFFFFFFFFFFFFFFFFFFB3
:102D3000FFFFFFFFFFFFFFFFFFFFFFFFFFFFFFFFA3
:102D4000FFFFFFFFFFFFFFFFFFFFFFFFFFFFFFFF93
:102D5000FFFFFFFFFFFFFFFFFFFFFFFFFFFFFFFF83
:102D6000FFFFFFFFFFFFFFFFFFFFFFFFFFFFFFFF73
:102D7000FFFFFFFFFFFFFFFFFFFFFFFFFFFFFFFF63
:102D8000FFFFFFFFFFFFFFFFFFFFFFFFFFFFFFFF53
:102D9000FFFFFFFFFFFFFFFFFFFFFFFFFFFFFFFF43
:102DA000FFFFFFFFFFFFFFFFFFFFFFFFFFFFFFFF33
:102DB000FFFFFFFFFFFFFFFFFFFFFFFFFFFFFFFF23
:102DC000FFFFFFFFFFFFFFFFFFFFFFFFFFFFFFFF13
:102DD000FFFFFFFFFFFFFFFFFFFFFFFFFFFFFFFF03
:102DE000FFFFFFFFFFFFFFFFFFFFFFFFFFFFFFFFF3
:102DF000FFFFFFFFFFFFFFFFFFFFFFFFFFFFFFFFE3
:102E0000FFFFFFFFFFFFFFFFFFFFFFFFFFFFFFFFD2
:102E1000FFFFFFFFFFFFFFFFFFFFFFFFFFFFFFFFC2
:102E2000FFFFFFFFFFFFFFFFFFFFFFFFFFFFFFFFB2
:102E3000FFFFFFFFFFFFFFFFFFFFFFFFFFFFFFFFA2
:102E4000FFFFFFFFFFFFFFFFFFFFFFFFFFFFFFFF92
:102E5000FFFFFFFFFFFFFFFFFFFFFFFFFFFFFFFF82
:102E6000FFFFFFFFFFFFFFFFFFFFFFFFFFFFFFFF72
:102E7000FFFFFFFFFFFFFFFFFFFFFFFFFFFFFFFF62
:102E8000FFFFFFFFFFFFFFFFFFFFFFFFFFFFFFFF52
:102E9000FFFFFFFFFFFFFFFFFFFFFFFFFFFFFFFF42
:102EA000FFFFFFFFFFFFFFFFFFFFFFFFFFFFFFFF32
:102EB000FFFFFFFFFFFFFFFFFFFFFFFFFFFFFFFF22
:102EC000FFFFFFFFFFFFFFFFFFFFFFFFFFFFFFFF12
:102ED000FFFFFFFFFFFFFFFFFFFFFFFFFFFFFFFF02
:102EE000FFFFFFFFFFFFFFFFFFFFFFFFFFFFFFFFF2
:102EF000FFFFFFFFFFFFFFFFFFFFFFFFFFFFFFFFE2
:102F0000FFFFFFFFFFFFFFFFFFFFFFFFFFFFFFFFD1
:102F1000FFFFFFFFFFFFFFFFFFFFFFFFFFFFFFFFC1
:102F2000FFFFFFFFFFFFFFFFFFFFFFFFFFFFFFFFB1
:102F3000FFFFFFFFFFFFFFFFFFFFFFFFFFFFFFFFA1
:102F4000FFFFFFFFFFFFFFFFFFFFFFFFFFFFFFFF91
:102F5000FFFFFFFFFFFFFFFFFFFFFFFFFFFFFFFF81
:102F6000FFFFFFFFFFFFFFFFFFFFFFFFFFFFFFFF71
:102F7000FFFFFFFFFFFFFFFFFFFFFFFFFFFFFFFF61
:102F8000FFFFFFFFFFFFFFFFFFFFFFFFFFFFFFFF51
:102F9000FFFFFFFFFFFFFFFFFFFFFFFFFFFFFFFF41
:102FA000FFFFFFFFFFFFFFFFFFFFFFFFFFFFFFFF31
:102FB000FFFFFFFFFFFFFFFFFFFFFFFFFFFFFFFF21
:102FC000FFFFFFFFFFFFFFFFFFFFFFFFFFFFFFFF11
:102FD000FFFFFFFFFFFFFFFFFFFFFFFFFFFFFFFF01
:102FE000FFFFFFFFFFFFFFFFFFFFFFFFFFFFFFFFF1
:102FF000FFFFFFFFFFFFFFFFFFFFFFFFFFFFFFFFE1
:10300000FFFFFFFFFFFFFFFFFFFFFFFFFFFFFFFFD0
:10301000FFFFFFFFFFFFFFFFFFFFFFFFFFFFFFFFC0
:10302000FFFFFFFFFFFFFFFFFFFFFFFFFFFFFFFFB0
:10303000FFFFFFFFFFFFFFFFFFFFFFFFFFFFFFFFA0
:10304000FFFFFFFFFFFFFFFFFFFFFFFFFFFFFFFF90
:10305000FFFFFFFFFFFFFFFFFFFFFFFFFFFFFFFF80
:10306000FFFFFFFFFFFFFFFFFFFFFFFFFFFFFFFF70
:10307000FFFFFFFFFFFFFFFFFFFFFFFFFFFFFFFF60
:10308000FFFFFFFFFFFFFFFFFFFFFFFFFFFFFFFF50
:10309000FFFFFFFFFFFFFFFFFFFFFFFFFFFFFFFF40
:1030A000FFFFFFFFFFFFFFFFFFFFFFFFFFFFFFFF30
:1030B000FFFFFFFFFFFFFFFFFFFFFFFFFFFFFFFF20
:1030C000FFFFFFFFFFFFFFFFFFFFFFFFFFFFFFFF10
:1030D000FFFFFFFFFFFFFFFFFFFFFFFFFFFFFFFF00
:1030E000FFFFFFFFFFFFFFFFFFFFFFFFFFFFFFFFF0
:1030F000FFFFFFFFFFFFFFFFFFFFFFFFFFFFFFFFE0
:10310000FFFFFFFFFFFFFFFFFFFFFFFFFFFFFFFFCF
:10311000FFFFFFFFFFFFFFFFFFFFFFFFFFFFFFFFBF
:10312000FFFFFFFFFFFFFFFFFFFFFFFFFFFFFFFFAF
:10313000FFFFFFFFFFFFFFFFFFFFFFFFFFFFFFFF9F
:10314000FFFFFFFFFFFFFFFFFFFFFFFFFFFFFFFF8F
:10315000FFFFFFFFFFFFFFFFFFFFFFFFFFFFFFFF7F
:10316000FFFFFFFFFFFFFFFFFFFFFFFFFFFFFFFF6F
:10317000FFFFFFFFFFFFFFFFFFFFFFFFFFFFFFFF5F
:10318000FFFFFFFFFFFFFFFFFFFFFFFFFFFFFFFF4F
:10319000FFFFFFFFFFFFFFFFFFFFFFFFFFFFFFFF3F
:1031A000FFFFFFFFFFFFFFFFFFFFFFFFFFFFFFFF2F
:1031B000FFFFFFFFFFFFFFFFFFFFFFFFFFFFFFFF1F
:1031C000FFFFFFFFFFFFFFFFFFFFFFFFFFFFFFFF0F
:1031D000FFFFFFFFFFFFFFFFFFFFFFFFFFFFFFFFFF
:1031E000FFFFFFFFFFFFFFFFFFFFFFFFFFFFFFFFEF
:1031F000FFFFFFFFFFFFFFFFFFFFFFFFFFFFFFFFDF
:10320000FFFFFFFFFFFFFFFFFFFFFFFFFFFFFFFFCE
:10321000FFFFFFFFFFFFFFFFFFFFFFFFFFFFFFFFBE
:10322000FFFFFFFFFFFFFFFFFFFFFFFFFFFFFFFFAE
:10323000FFFFFFFFFFFFFFFFFFFFFFFFFFFFFFFF9E
:10324000FFFFFFFFFFFFFFFFFFFFFFFFFFFFFFFF8E
:10325000FFFFFFFFFFFFFFFFFFFFFFFFFFFFFFFF7E
:10326000FFFFFFFFFFFFFFFFFFFFFFFFFFFFFFFF6E
:10327000FFFFFFFFFFFFFFFFFFFFFFFFFFFFFFFF5E
:10328000FFFFFFFFFFFFFFFFFFFFFFFFFFFFFFFF4E
:10329000FFFFFFFFFFFFFFFFFFFFFFFFFFFFFFFF3E
:1032A000FFFFFFFFFFFFFFFFFFFFFFFFFFFFFFFF2E
:1032B000FFFFFFFFFFFFFFFFFFFFFFFFFFFFFFFF1E
:1032C000FFFFFFFFFFFFFFFFFFFFFFFFFFFFFFFF0E
:1032D000FFFFFFFFFFFFFFFFFFFFFFFFFFFFFFFFFE
:1032E000FFFFFFFFFFFFFFFFFFFFFFFFFFFFFFFFEE
:1032F000FFFFFFFFFFFFFFFFFFFFFFFFFFFFFFFFDE
:10330000FFFFFFFFFFFFFFFFFFFFFFFFFFFFFFFFCD
:10331000FFFFFFFFFFFFFFFFFFFFFFFFFFFFFFFFBD
:10332000FFFFFFFFFFFFFFFFFFFFFFFFFFFFFFFFAD
:10333000FFFFFFFFFFFFFFFFFFFFFFFFFFFFFFFF9D
:10334000FFFFFFFFFFFFFFFFFFFFFFFFFFFFFFFF8D
:10335000FFFFFFFFFFFFFFFFFFFFFFFFFFFFFFFF7D
:10336000FFFFFFFFFFFFFFFFFFFFFFFFFFFFFFFF6D
:10337000FFFFFFFFFFFFFFFFFFFFFFFFFFFFFFFF5D
:10338000FFFFFFFFFFFFFFFFFFFFFFFFFFFFFFFF4D
:10339000FFFFFFFFFFFFFFFFFFFFFFFFFFFFFFFF3D
:1033A000FFFFFFFFFFFFFFFFFFFFFFFFFFFFFFFF2D
:1033B000FFFFFFFFFFFFFFFFFFFFFFFFFFFFFFFF1D
:1033C000FFFFFFFFFFFFFFFFFFFFFFFFFFFFFFFF0D
:1033D000FFFFFFFFFFFFFFFFFFFFFFFFFFFFFFFFFD
:1033E000FFFFFFFFFFFFFFFFFFFFFFFFFFFFFFFFED
:1033F000FFFFFFFFFFFFFFFFFFFFFFFFFFFFFFFFDD
:10340000FFFFFFFFFFFFFFFFFFFFFFFFFFFFFFFFCC
:10341000FFFFFFFFFFFFFFFFFFFFFFFFFFFFFFFFBC
:10342000FFFFFFFFFFFFFFFFFFFFFFFFFFFFFFFFAC
:10343000FFFFFFFFFFFFFFFFFFFFFFFFFFFFFFFF9C
:10344000FFFFFFFFFFFFFFFFFFFFFFFFFFFFFFFF8C
:10345000FFFFFFFFFFFFFFFFFFFFFFFFFFFFFFFF7C
:10346000FFFFFFFFFFFFFFFFFFFFFFFFFFFFFFFF6C
:10347000FFFFFFFFFFFFFFFFFFFFFFFFFFFFFFFF5C
:10348000FFFFFFFFFFFFFFFFFFFFFFFFFFFFFFFF4C
:10349000FFFFFFFFFFFFFFFFFFFFFFFFFFFFFFFF3C
:1034A000FFFFFFFFFFFFFFFFFFFFFFFFFFFFFFFF2C
:1034B000FFFFFFFFFFFFFFFFFFFFFFFFFFFFFFFF1C
:1034C000FFFFFFFFFFFFFFFFFFFFFFFFFFFFFFFF0C
:1034D000FFFFFFFFFFFFFFFFFFFFFFFFFFFFFFFFFC
:1034E000FFFFFFFFFFFFFFFFFFFFFFFFFFFFFFFFEC
:1034F000FFFFFFFFFFFFFFFFFFFFFFFFFFFFFFFFDC
:10350000FFFFFFFFFFFFFFFFFFFFFFFFFFFFFFFFCB
:10351000FFFFFFFFFFFFFFFFFFFFFFFFFFFFFFFFBB
:10352000FFFFFFFFFFFFFFFFFFFFFFFFFFFFFFFFAB
:10353000FFFFFFFFFFFFFFFFFFFFFFFFFFFFFFFF9B
:10354000FFFFFFFFFFFFFFFFFFFFFFFFFFFFFFFF8B
:10355000FFFFFFFFFFFFFFFFFFFFFFFFFFFFFFFF7B
:10356000FFFFFFFFFFFFFFFFFFFFFFFFFFFFFFFF6B
:10357000FFFFFFFFFFFFFFFFFFFFFFFFFFFFFFFF5B
:10358000FFFFFFFFFFFFFFFFFFFFFFFFFFFFFFFF4B
:10359000FFFFFFFFFFFFFFFFFFFFFFFFFFFFFFFF3B
:1035A000FFFFFFFFFFFFFFFFFFFFFFFFFFFFFFFF2B
:1035B000FFFFFFFFFFFFFFFFFFFFFFFFFFFFFFFF1B
:1035C000FFFFFFFFFFFFFFFFFFFFFFFFFFFFFFFF0B
:1035D000FFFFFFFFFFFFFFFFFFFFFFFFFFFFFFFFFB
:1035E000FFFFFFFFFFFFFFFFFFFFFFFFFFFFFFFFEB
:1035F000FFFFFFFFFFFFFFFFFFFFFFFFFFFFFFFFDB
:10360000FFFFFFFFFFFFFFFFFFFFFFFFFFFFFFFFCA
:10361000FFFFFFFFFFFFFFFFFFFFFFFFFFFFFFFFBA
:10362000FFFFFFFFFFFFFFFFFFFFFFFFFFFFFFFFAA
:10363000FFFFFFFFFFFFFFFFFFFFFFFFFFFFFFFF9A
:10364000FFFFFFFFFFFFFFFFFFFFFFFFFFFFFFFF8A
:10365000FFFFFFFFFFFFFFFFFFFFFFFFFFFFFFFF7A
:10366000FFFFFFFFFFFFFFFFFFFFFFFFFFFFFFFF6A
:10367000FFFFFFFFFFFFFFFFFFFFFFFFFFFFFFFF5A
:10368000FFFFFFFFFFFFFFFFFFFFFFFFFFFFFFFF4A
:10369000FFFFFFFFFFFFFFFFFFFFFFFFFFFFFFFF3A
:1036A000FFFFFFFFFFFFFFFFFFFFFFFFFFFFFFFF2A
:1036B000FFFFFFFFFFFFFFFFFFFFFFFFFFFFFFFF1A
:1036C000FFFFFFFFFFFFFFFFFFFFFFFFFFFFFFFF0A
:1036D000FFFFFFFFFFFFFFFFFFFFFFFFFFFFFFFFFA
:1036E000FFFFFFFFFFFFFFFFFFFFFFFFFFFFFFFFEA
:1036F000FFFFFFFFFFFFFFFFFFFFFFFFFFFFFFFFDA
:10370000FFFFFFFFFFFFFFFFFFFFFFFFFFFFFFFFC9
:10371000FFFFFFFFFFFFFFFFFFFFFFFFFFFFFFFFB9
:10372000FFFFFFFFFFFFFFFFFFFFFFFFFFFFFFFFA9
:10373000FFFFFFFFFFFFFFFFFFFFFFFFFFFFFFFF99
:10374000FFFFFFFFFFFFFFFFFFFFFFFFFFFFFFFF89
:10375000FFFFFFFFFFFFFFFFFFFFFFFFFFFFFFFF79
:10376000FFFFFFFFFFFFFFFFFFFFFFFFFFFFFFFF69
:10377000FFFFFFFFFFFFFFFFFFFFFFFFFFFFFFFF59
:10378000FFFFFFFFFFFFFFFFFFFFFFFFFFFFFFFF49
:10379000FFFFFFFFFFFFFFFFFFFFFFFFFFFFFFFF39
:1037A000FFFFFFFFFFFFFFFFFFFFFFFFFFFFFFFF29
:1037B000FFFFFFFFFFFFFFFFFFFFFFFFFFFFFFFF19
:1037C000FFFFFFFFFFFFFFFFFFFFFFFFFFFFFFFF09
:1037D000FFFFFFFFFFFFFFFFFFFFFFFFFFFFFFFFF9
:1037E000FFFFFFFFFFFFFFFFFFFFFFFFFFFFFFFFE9
:1037F000FFFFFFFFFFFFFFFFFFFFFFFFFFFFFFFFD9
:10380000FFFFFFFFFFFFFFFFFFFFFFFFFFFFFFFFC8
:10381000FFFFFFFFFFFFFFFFFFFFFFFFFFFFFFFFB8
:10382000FFFFFFFFFFFFFFFFFFFFFFFFFFFFFFFFA8
:10383000FFFFFFFFFFFFFFFFFFFFFFFFFFFFFFFF98
:10384000FFFFFFFFFFFFFFFFFFFFFFFFFFFFFFFF88
:10385000FFFFFFFFFFFFFFFFFFFFFFFFFFFFFFFF78
:10386000FFFFFFFFFFFFFFFFFFFFFFFFFFFFFFFF68
:10387000FFFFFFFFFFFFFFFFFFFFFFFFFFFFFFFF58
:10388000FFFFFFFFFFFFFFFFFFFFFFFFFFFFFFFF48
:10389000FFFFFFFFFFFFFFFFFFFFFFFFFFFFFFFF38
:1038A000FFFFFFFFFFFFFFFFFFFFFFFFFFFFFFFF28
:1038B000FFFFFFFFFFFFFFFFFFFFFFFFFFFFFFFF18
:1038C000FFFFFFFFFFFFFFFFFFFFFFFFFFFFFFFF08
:1038D000FFFFFFFFFFFFFFFFFFFFFFFFFFFFFFFFF8
:1038E000FFFFFFFFFFFFFFFFFFFFFFFFFFFFFFFFE8
:1038F000FFFFFFFFFFFFFFFFFFFFFFFFFFFFFFFFD8
:10390000FFFFFFFFFFFFFFFFFFFFFFFFFFFFFFFFC7
:10391000FFFFFFFFFFFFFFFFFFFFFFFFFFFFFFFFB7
:10392000FFFFFFFFFFFFFFFFFFFFFFFFFFFFFFFFA7
:10393000FFFFFFFFFFFFFFFFFFFFFFFFFFFFFFFF97
:10394000FFFFFFFFFFFFFFFFFFFFFFFFFFFFFFFF87
:10395000FFFFFFFFFFFFFFFFFFFFFFFFFFFFFFFF77
:10396000FFFFFFFFFFFFFFFFFFFFFFFFFFFFFFFF67
:10397000FFFFFFFFFFFFFFFFFFFFFFFFFFFFFFFF57
:10398000FFFFFFFFFFFFFFFFFFFFFFFFFFFFFFFF47
:10399000FFFFFFFFFFFFFFFFFFFFFFFFFFFFFFFF37
:1039A000FFFFFFFFFFFFFFFFFFFFFFFFFFFFFFFF27
:1039B000FFFFFFFFFFFFFFFFFFFFFFFFFFFFFFFF17
:1039C000FFFFFFFFFFFFFFFFFFFFFFFFFFFFFFFF07
:1039D000FFFFFFFFFFFFFFFFFFFFFFFFFFFFFFFFF7
:1039E000FFFFFFFFFFFFFFFFFFFFFFFFFFFFFFFFE7
:1039F000FFFFFFFFFFFFFFFFFFFFFFFFFFFFFFFFD7
:103A0000FFFFFFFFFFFFFFFFFFFFFFFFFFFFFFFFC6
:103A1000FFFFFFFFFFFFFFFFFFFFFFFFFFFFFFFFB6
:103A2000FFFFFFFFFFFFFFFFFFFFFFFFFFFFFFFFA6
:103A3000FFFFFFFFFFFFFFFFFFFFFFFFFFFFFFFF96
:103A4000FFFFFFFFFFFFFFFFFFFFFFFFFFFFFFFF86
:103A5000FFFFFFFFFFFFFFFFFFFFFFFFFFFFFFFF76
:103A6000FFFFFFFFFFFFFFFFFFFFFFFFFFFFFFFF66
:103A7000FFFFFFFFFFFFFFFFFFFFFFFFFFFFFFFF56
:103A8000FFFFFFFFFFFFFFFFFFFFFFFFFFFFFFFF46
:103A9000FFFFFFFFFFFFFFFFFFFFFFFFFFFFFFFF36
:103AA000FFFFFFFFFFFFFFFFFFFFFFFFFFFFFFFF26
:103AB000FFFFFFFFFFFFFFFFFFFFFFFFFFFFFFFF16
:103AC000FFFFFFFFFFFFFFFFFFFFFFFFFFFFFFFF06
:103AD000FFFFFFFFFFFFFFFFFFFFFFFFFFFFFFFFF6
:103AE000FFFFFFFFFFFFFFFFFFFFFFFFFFFFFFFFE6
:103AF000FFFFFFFFFFFFFFFFFFFFFFFFFFFFFFFFD6
:103B0000FFFFFFFFFFFFFFFFFFFFFFFFFFFFFFFFC5
:103B1000FFFFFFFFFFFFFFFFFFFFFFFFFFFFFFFFB5
:103B2000FFFFFFFFFFFFFFFFFFFFFFFFFFFFFFFFA5
:103B3000FFFFFFFFFFFFFFFFFFFFFFFFFFFFFFFF95
:103B4000FFFFFFFFFFFFFFFFFFFFFFFFFFFFFFFF85
:103B5000FFFFFFFFFFFFFFFFFFFFFFFFFFFFFFFF75
:103B6000FFFFFFFFFFFFFFFFFFFFFFFFFFFFFFFF65
:103B7000FFFFFFFFFFFFFFFFFFFFFFFFFFFFFFFF55
:103B8000FFFFFFFFFFFFFFFFFFFFFFFFFFFFFFFF45
:103B9000FFFFFFFFFFFFFFFFFFFFFFFFFFFFFFFF35
:103BA000FFFFFFFFFFFFFFFFFFFFFFFFFFFFFFFF25
:103BB000FFFFFFFFFFFFFFFFFFFFFFFFFFFFFFFF15
:103BC000FFFFFFFFFFFFFFFFFFFFFFFFFFFFFFFF05
:103BD000FFFFFFFFFFFFFFFFFFFFFFFFFFFFFFFFF5
:103BE000FFFFFFFFFFFFFFFFFFFFFFFFFFFFFFFFE5
:103BF000FFFFFFFFFFFFFFFFFFFFFFFFFFFFFFFFD5
:103C0000FFFFFFFFFFFFFFFFFFFFFFFFFFFFFFFFC4
:103C1000FFFFFFFFFFFFFFFFFFFFFFFFFFFFFFFFB4
:103C2000FFFFFFFFFFFFFFFFFFFFFFFFFFFFFFFFA4
:103C3000FFFFFFFFFFFFFFFFFFFFFFFFFFFFFFFF94
:103C4000FFFFFFFFFFFFFFFFFFFFFFFFFFFFFFFF84
:103C5000FFFFFFFFFFFFFFFFFFFFFFFFFFFFFFFF74
:103C6000FFFFFFFFFFFFFFFFFFFFFFFFFFFFFFFF64
:103C7000FFFFFFFFFFFFFFFFFFFFFFFFFFFFFFFF54
:103C8000FFFFFFFFFFFFFFFFFFFFFFFFFFFFFFFF44
:103C9000FFFFFFFFFFFFFFFFFFFFFFFFFFFFFFFF34
:103CA000FFFFFFFFFFFFFFFFFFFFFFFFFFFFFFFF24
:103CB000FFFFFFFFFFFFFFFFFFFFFFFFFFFFFFFF14
:103CC000FFFFFFFFFFFFFFFFFFFFFFFFFFFFFFFF04
:103CD000FFFFFFFFFFFFFFFFFFFFFFFFFFFFFFFFF4
:103CE000FFFFFFFFFFFFFFFFFFFFFFFFFFFFFFFFE4
:103CF000FFFFFFFFFFFFFFFFFFFFFFFFFFFFFFFFD4
:103D0000FFFFFFFFFFFFFFFFFFFFFFFFFFFFFFFFC3
:103D1000FFFFFFFFFFFFFFFFFFFFFFFFFFFFFFFFB3
:103D2000FFFFFFFFFFFFFFFFFFFFFFFFFFFFFFFFA3
:103D3000FFFFFFFFFFFFFFFFFFFFFFFFFFFFFFFF93
:103D4000FFFFFFFFFFFFFFFFFFFFFFFFFFFFFFFF83
:103D5000FFFFFFFFFFFFFFFFFFFFFFFFFFFFFFFF73
:103D6000FFFFFFFFFFFFFFFFFFFFFFFFFFFFFFFF63
:103D7000FFFFFFFFFFFFFFFFFFFFFFFFFFFFFFFF53
:103D8000FFFFFFFFFFFFFFFFFFFFFFFFFFFFFFFF43
:103D9000FFFFFFFFFFFFFFFFFFFFFFFFFFFFFFFF33
:103DA000FFFFFFFFFFFFFFFFFFFFFFFFFFFFFFFF23
:103DB000FFFFFFFFFFFFFFFFFFFFFFFFFFFFFFFF13
:103DC000FFFFFFFFFFFFFFFFFFFFFFFFFFFFFFFF03
:103DD000FFFFFFFFFFFFFFFFFFFFFFFFFFFFFFFFF3
:103DE000FFFFFFFFFFFFFFFFFFFFFFFFFFFFFFFFE3
:103DF000FFFFFFFFFFFFFFFFFFFFFFFFFFFFFFFFD3
:103E0000FFFFFFFFFFFFFFFFFFFFFFFFFFFFFFFFC2
:103E1000FFFFFFFFFFFFFFFFFFFFFFFFFFFFFFFFB2
:103E2000FFFFFFFFFFFFFFFFFFFFFFFFFFFFFFFFA2
:103E3000FFFFFFFFFFFFFFFFFFFFFFFFFFFFFFFF92
:103E4000FFFFFFFFFFFFFFFFFFFFFFFFFFFFFFFF82
:103E5000FFFFFFFFFFFFFFFFFFFFFFFFFFFFFFFF72
:103E6000FFFFFFFFFFFFFFFFFFFFFFFFFFFFFFFF62
:103E7000FFFFFFFFFFFFFFFFFFFFFFFFFFFFFFFF52
:103E8000FFFFFFFFFFFFFFFFFFFFFFFFFFFFFFFF42
:103E9000FFFFFFFFFFFFFFFFFFFFFFFFFFFFFFFF32
:103EA000FFFFFFFFFFFFFFFFFFFFFFFFFFFFFFFF22
:103EB000FFFFFFFFFFFFFFFFFFFFFFFFFFFFFFFF12
:103EC000FFFFFFFFFFFFFFFFFFFFFFFFFFFFFFFF02
:103ED000FFFFFFFFFFFFFFFFFFFFFFFFFFFFFFFFF2
:103EE000FFFFFFFFFFFFFFFFFFFFFFFFFFFFFFFFE2
:103EF000FFFFFFFFFFFFFFFFFFFFFFFFFFFFFFFFD2
:103F0000FFFFFFFFFFFFFFFFFFFFFFFFFFFFFFFFC1
:103F1000FFFFFFFFFFFFFFFFFFFFFFFFFFFFFFFFB1
:103F2000FFFFFFFFFFFFFFFFFFFFFFFFFFFFFFFFA1
:103F3000FFFFFFFFFFFFFFFFFFFFFFFFFFFFFFFF91
:103F4000FFFFFFFFFFFFFFFFFFFFFFFFFFFFFFFF81
:103F5000FFFFFFFFFFFFFFFFFFFFFFFFFFFFFFFF71
:103F6000FFFFFFFFFFFFFFFFFFFFFFFFFFFFFFFF61
:103F7000FFFFFFFFFFFFFFFFFFFFFFFFFFFFFFFF51
:103F8000FFFFFFFFFFFFFFFFFFFFFFFFFFFFFFFF41
:103F9000FFFFFFFFFFFFFFFFFFFFFFFFFFFFFFFF31
:103FA000FFFFFFFFFFFFFFFFFFFFFFFFFFFFFFFF21
:103FB000FFFFFFFFFFFFFFFFFFFFFFFFFFFFFFFF11
:103FC000FFFFFFFFFFFFFFFFFFFFFFFFFFFFFFFF01
:103FD000FFFFFFFFFFFFFFFFFFFFFFFFFFFFFFFFF1
:103FE000FFFFFFFFFFFFFFFFFFFFFFFFFFFFFFFFE1
:103FF000FFFFFFFFFFFFFFFFFFFFFFFFFFFFFFFFD1
:10400000FFFFFFFFFFFFFFFFFFFFFFFFFFFFFFFFC0
:10401000FFFFFFFFFFFFFFFFFFFFFFFFFFFFFFFFB0
:10402000FFFFFFFFFFFFFFFFFFFFFFFFFFFFFFFFA0
:10403000FFFFFFFFFFFFFFFFFFFFFFFFFFFFFFFF90
:10404000FFFFFFFFFFFFFFFFFFFFFFFFFFFFFFFF80
:10405000FFFFFFFFFFFFFFFFFFFFFFFFFFFFFFFF70
:10406000FFFFFFFFFFFFFFFFFFFFFFFFFFFFFFFF60
:10407000FFFFFFFFFFFFFFFFFFFFFFFFFFFFFFFF50
:10408000FFFFFFFFFFFFFFFFFFFFFFFFFFFFFFFF40
:10409000FFFFFFFFFFFFFFFFFFFFFFFFFFFFFFFF30
:1040A000FFFFFFFFFFFFFFFFFFFFFFFFFFFFFFFF20
:1040B000FFFFFFFFFFFFFFFFFFFFFFFFFFFFFFFF10
:1040C000FFFFFFFFFFFFFFFFFFFFFFFFFFFFFFFF00
:1040D000FFFFFFFFFFFFFFFFFFFFFFFFFFFFFFFFF0
:1040E000FFFFFFFFFFFFFFFFFFFFFFFFFFFFFFFFE0
:1040F000FFFFFFFFFFFFFFFFFFFFFFFFFFFFFFFFD0
:10410000FFFFFFFFFFFFFFFFFFFFFFFFFFFFFFFFBF
:10411000FFFFFFFFFFFFFFFFFFFFFFFFFFFFFFFFAF
:10412000FFFFFFFFFFFFFFFFFFFFFFFFFFFFFFFF9F
:10413000FFFFFFFFFFFFFFFFFFFFFFFFFFFFFFFF8F
:10414000FFFFFFFFFFFFFFFFFFFFFFFFFFFFFFFF7F
:10415000FFFFFFFFFFFFFFFFFFFFFFFFFFFFFFFF6F
:10416000FFFFFFFFFFFFFFFFFFFFFFFFFFFFFFFF5F
:10417000FFFFFFFFFFFFFFFFFFFFFFFFFFFFFFFF4F
:10418000FFFFFFFFFFFFFFFFFFFFFFFFFFFFFFFF3F
:10419000FFFFFFFFFFFFFFFFFFFFFFFFFFFFFFFF2F
:1041A000FFFFFFFFFFFFFFFFFFFFFFFFFFFFFFFF1F
:1041B000FFFFFFFFFFFFFFFFFFFFFFFFFFFFFFFF0F
:1041C000FFFFFFFFFFFFFFFFFFFFFFFFFFFFFFFFFF
:1041D000FFFFFFFFFFFFFFFFFFFFFFFFFFFFFFFFEF
:1041E000FFFFFFFFFFFFFFFFFFFFFFFFFFFFFFFFDF
:1041F000FFFFFFFFFFFFFFFFFFFFFFFFFFFFFFFFCF
:10420000FFFFFFFFFFFFFFFFFFFFFFFFFFFFFFFFBE
:10421000FFFFFFFFFFFFFFFFFFFFFFFFFFFFFFFFAE
:10422000FFFFFFFFFFFFFFFFFFFFFFFFFFFFFFFF9E
:10423000FFFFFFFFFFFFFFFFFFFFFFFFFFFFFFFF8E
:10424000FFFFFFFFFFFFFFFFFFFFFFFFFFFFFFFF7E
:10425000FFFFFFFFFFFFFFFFFFFFFFFFFFFFFFFF6E
:10426000FFFFFFFFFFFFFFFFFFFFFFFFFFFFFFFF5E
:10427000FFFFFFFFFFFFFFFFFFFFFFFFFFFFFFFF4E
:10428000FFFFFFFFFFFFFFFFFFFFFFFFFFFFFFFF3E
:10429000FFFFFFFFFFFFFFFFFFFFFFFFFFFFFFFF2E
:1042A000FFFFFFFFFFFFFFFFFFFFFFFFFFFFFFFF1E
:1042B000FFFFFFFFFFFFFFFFFFFFFFFFFFFFFFFF0E
:1042C000FFFFFFFFFFFFFFFFFFFFFFFFFFFFFFFFFE
:1042D000FFFFFFFFFFFFFFFFFFFFFFFFFFFFFFFFEE
:1042E000FFFFFFFFFFFFFFFFFFFFFFFFFFFFFFFFDE
:1042F000FFFFFFFFFFFFFFFFFFFFFFFFFFFFFFFFCE
:10430000FFFFFFFFFFFFFFFFFFFFFFFFFFFFFFFFBD
:10431000FFFFFFFFFFFFFFFFFFFFFFFFFFFFFFFFAD
:10432000FFFFFFFFFFFFFFFFFFFFFFFFFFFFFFFF9D
:10433000FFFFFFFFFFFFFFFFFFFFFFFFFFFFFFFF8D
:10434000FFFFFFFFFFFFFFFFFFFFFFFFFFFFFFFF7D
:10435000FFFFFFFFFFFFFFFFFFFFFFFFFFFFFFFF6D
:10436000FFFFFFFFFFFFFFFFFFFFFFFFFFFFFFFF5D
:10437000FFFFFFFFFFFFFFFFFFFFFFFFFFFFFFFF4D
:10438000FFFFFFFFFFFFFFFFFFFFFFFFFFFFFFFF3D
:10439000FFFFFFFFFFFFFFFFFFFFFFFFFFFFFFFF2D
:1043A000FFFFFFFFFFFFFFFFFFFFFFFFFFFFFFFF1D
:1043B000FFFFFFFFFFFFFFFFFFFFFFFFFFFFFFFF0D
:1043C000FFFFFFFFFFFFFFFFFFFFFFFFFFFFFFFFFD
:1043D000FFFFFFFFFFFFFFFFFFFFFFFFFFFFFFFFED
:1043E000FFFFFFFFFFFFFFFFFFFFFFFFFFFFFFFFDD
:1043F000FFFFFFFFFFFFFFFFFFFFFFFFFFFFFFFFCD
:10440000FFFFFFFFFFFFFFFFFFFFFFFFFFFFFFFFBC
:10441000FFFFFFFFFFFFFFFFFFFFFFFFFFFFFFFFAC
:10442000FFFFFFFFFFFFFFFFFFFFFFFFFFFFFFFF9C
:10443000FFFFFFFFFFFFFFFFFFFFFFFFFFFFFFFF8C
:10444000FFFFFFFFFFFFFFFFFFFFFFFFFFFFFFFF7C
:10445000FFFFFFFFFFFFFFFFFFFFFFFFFFFFFFFF6C
:10446000FFFFFFFFFFFFFFFFFFFFFFFFFFFFFFFF5C
:10447000FFFFFFFFFFFFFFFFFFFFFFFFFFFFFFFF4C
:10448000FFFFFFFFFFFFFFFFFFFFFFFFFFFFFFFF3C
:10449000FFFFFFFFFFFFFFFFFFFFFFFFFFFFFFFF2C
:1044A000FFFFFFFFFFFFFFFFFFFFFFFFFFFFFFFF1C
:1044B000FFFFFFFFFFFFFFFFFFFFFFFFFFFFFFFF0C
:1044C000FFFFFFFFFFFFFFFFFFFFFFFFFFFFFFFFFC
:1044D000FFFFFFFFFFFFFFFFFFFFFFFFFFFFFFFFEC
:1044E000FFFFFFFFFFFFFFFFFFFFFFFFFFFFFFFFDC
:1044F000FFFFFFFFFFFFFFFFFFFFFFFFFFFFFFFFCC
:10450000FFFFFFFFFFFFFFFFFFFFFFFFFFFFFFFFBB
:10451000FFFFFFFFFFFFFFFFFFFFFFFFFFFFFFFFAB
:10452000FFFFFFFFFFFFFFFFFFFFFFFFFFFFFFFF9B
:10453000FFFFFFFFFFFFFFFFFFFFFFFFFFFFFFFF8B
:10454000FFFFFFFFFFFFFFFFFFFFFFFFFFFFFFFF7B
:10455000FFFFFFFFFFFFFFFFFFFFFFFFFFFFFFFF6B
:10456000FFFFFFFFFFFFFFFFFFFFFFFFFFFFFFFF5B
:10457000FFFFFFFFFFFFFFFFFFFFFFFFFFFFFFFF4B
:10458000FFFFFFFFFFFFFFFFFFFFFFFFFFFFFFFF3B
:10459000FFFFFFFFFFFFFFFFFFFFFFFFFFFFFFFF2B
:1045A000FFFFFFFFFFFFFFFFFFFFFFFFFFFFFFFF1B
:1045B000FFFFFFFFFFFFFFFFFFFFFFFFFFFFFFFF0B
:1045C000FFFFFFFFFFFFFFFFFFFFFFFFFFFFFFFFFB
:1045D000FFFFFFFFFFFFFFFFFFFFFFFFFFFFFFFFEB
:1045E000FFFFFFFFFFFFFFFFFFFFFFFFFFFFFFFFDB
:1045F000FFFFFFFFFFFFFFFFFFFFFFFFFFFFFFFFCB
:10460000FFFFFFFFFFFFFFFFFFFFFFFFFFFFFFFFBA
:10461000FFFFFFFFFFFFFFFFFFFFFFFFFFFFFFFFAA
:10462000FFFFFFFFFFFFFFFFFFFFFFFFFFFFFFFF9A
:10463000FFFFFFFFFFFFFFFFFFFFFFFFFFFFFFFF8A
:10464000FFFFFFFFFFFFFFFFFFFFFFFFFFFFFFFF7A
:10465000FFFFFFFFFFFFFFFFFFFFFFFFFFFFFFFF6A
:10466000FFFFFFFFFFFFFFFFFFFFFFFFFFFFFFFF5A
:10467000FFFFFFFFFFFFFFFFFFFFFFFFFFFFFFFF4A
:10468000FFFFFFFFFFFFFFFFFFFFFFFFFFFFFFFF3A
:10469000FFFFFFFFFFFFFFFFFFFFFFFFFFFFFFFF2A
:1046A000FFFFFFFFFFFFFFFFFFFFFFFFFFFFFFFF1A
:1046B000FFFFFFFFFFFFFFFFFFFFFFFFFFFFFFFF0A
:1046C000FFFFFFFFFFFFFFFFFFFFFFFFFFFFFFFFFA
:1046D000FFFFFFFFFFFFFFFFFFFFFFFFFFFFFFFFEA
:1046E000FFFFFFFFFFFFFFFFFFFFFFFFFFFFFFFFDA
:1046F000FFFFFFFFFFFFFFFFFFFFFFFFFFFFFFFFCA
:10470000FFFFFFFFFFFFFFFFFFFFFFFFFFFFFFFFB9
:10471000FFFFFFFFFFFFFFFFFFFFFFFFFFFFFFFFA9
:10472000FFFFFFFFFFFFFFFFFFFFFFFFFFFFFFFF99
:10473000FFFFFFFFFFFFFFFFFFFFFFFFFFFFFFFF89
:10474000FFFFFFFFFFFFFFFFFFFFFFFFFFFFFFFF79
:10475000FFFFFFFFFFFFFFFFFFFFFFFFFFFFFFFF69
:10476000FFFFFFFFFFFFFFFFFFFFFFFFFFFFFFFF59
:10477000FFFFFFFFFFFFFFFFFFFFFFFFFFFFFFFF49
:10478000FFFFFFFFFFFFFFFFFFFFFFFFFFFFFFFF39
:10479000FFFFFFFFFFFFFFFFFFFFFFFFFFFFFFFF29
:1047A000FFFFFFFFFFFFFFFFFFFFFFFFFFFFFFFF19
:1047B000FFFFFFFFFFFFFFFFFFFFFFFFFFFFFFFF09
:1047C000FFFFFFFFFFFFFFFFFFFFFFFFFFFFFFFFF9
:1047D000FFFFFFFFFFFFFFFFFFFFFFFFFFFFFFFFE9
:1047E000FFFFFFFFFFFFFFFFFFFFFFFFFFFFFFFFD9
:1047F000FFFFFFFFFFFFFFFFFFFFFFFFFFFFFFFFC9
:10480000FFFFFFFFFFFFFFFFFFFFFFFFFFFFFFFFB8
:10481000FFFFFFFFFFFFFFFFFFFFFFFFFFFFFFFFA8
:10482000FFFFFFFFFFFFFFFFFFFFFFFFFFFFFFFF98
:10483000FFFFFFFFFFFFFFFFFFFFFFFFFFFFFFFF88
:10484000FFFFFFFFFFFFFFFFFFFFFFFFFFFFFFFF78
:10485000FFFFFFFFFFFFFFFFFFFFFFFFFFFFFFFF68
:10486000FFFFFFFFFFFFFFFFFFFFFFFFFFFFFFFF58
:10487000FFFFFFFFFFFFFFFFFFFFFFFFFFFFFFFF48
:10488000FFFFFFFFFFFFFFFFFFFFFFFFFFFFFFFF38
:10489000FFFFFFFFFFFFFFFFFFFFFFFFFFFFFFFF28
:1048A000FFFFFFFFFFFFFFFFFFFFFFFFFFFFFFFF18
:1048B000FFFFFFFFFFFFFFFFFFFFFFFFFFFFFFFF08
:1048C000FFFFFFFFFFFFFFFFFFFFFFFFFFFFFFFFF8
:1048D000FFFFFFFFFFFFFFFFFFFFFFFFFFFFFFFFE8
:1048E000FFFFFFFFFFFFFFFFFFFFFFFFFFFFFFFFD8
:1048F000FFFFFFFFFFFFFFFFFFFFFFFFFFFFFFFFC8
:10490000FFFFFFFFFFFFFFFFFFFFFFFFFFFFFFFFB7
:10491000FFFFFFFFFFFFFFFFFFFFFFFFFFFFFFFFA7
:10492000FFFFFFFFFFFFFFFFFFFFFFFFFFFFFFFF97
:10493000FFFFFFFFFFFFFFFFFFFFFFFFFFFFFFFF87
:10494000FFFFFFFFFFFFFFFFFFFFFFFFFFFFFFFF77
:10495000FFFFFFFFFFFFFFFFFFFFFFFFFFFFFFFF67
:10496000FFFFFFFFFFFFFFFFFFFFFFFFFFFFFFFF57
:10497000FFFFFFFFFFFFFFFFFFFFFFFFFFFFFFFF47
:10498000FFFFFFFFFFFFFFFFFFFFFFFFFFFFFFFF37
:10499000FFFFFFFFFFFFFFFFFFFFFFFFFFFFFFFF27
:1049A000FFFFFFFFFFFFFFFFFFFFFFFFFFFFFFFF17
:1049B000FFFFFFFFFFFFFFFFFFFFFFFFFFFFFFFF07
:1049C000FFFFFFFFFFFFFFFFFFFFFFFFFFFFFFFFF7
:1049D000FFFFFFFFFFFFFFFFFFFFFFFFFFFFFFFFE7
:1049E000FFFFFFFFFFFFFFFFFFFFFFFFFFFFFFFFD7
:1049F000FFFFFFFFFFFFFFFFFFFFFFFFFFFFFFFFC7
:104A0000FFFFFFFFFFFFFFFFFFFFFFFFFFFFFFFFB6
:104A1000FFFFFFFFFFFFFFFFFFFFFFFFFFFFFFFFA6
:104A2000FFFFFFFFFFFFFFFFFFFFFFFFFFFFFFFF96
:104A3000FFFFFFFFFFFFFFFFFFFFFFFFFFFFFFFF86
:104A4000FFFFFFFFFFFFFFFFFFFFFFFFFFFFFFFF76
:104A5000FFFFFFFFFFFFFFFFFFFFFFFFFFFFFFFF66
:104A6000FFFFFFFFFFFFFFFFFFFFFFFFFFFFFFFF56
:104A7000FFFFFFFFFFFFFFFFFFFFFFFFFFFFFFFF46
:104A8000FFFFFFFFFFFFFFFFFFFFFFFFFFFFFFFF36
:104A9000FFFFFFFFFFFFFFFFFFFFFFFFFFFFFFFF26
:104AA000FFFFFFFFFFFFFFFFFFFFFFFFFFFFFFFF16
:104AB000FFFFFFFFFFFFFFFFFFFFFFFFFFFFFFFF06
:104AC000FFFFFFFFFFFFFFFFFFFFFFFFFFFFFFFFF6
:104AD000FFFFFFFFFFFFFFFFFFFFFFFFFFFFFFFFE6
:104AE000FFFFFFFFFFFFFFFFFFFFFFFFFFFFFFFFD6
:104AF000FFFFFFFFFFFFFFFFFFFFFFFFFFFFFFFFC6
:104B0000FFFFFFFFFFFFFFFFFFFFFFFFFFFFFFFFB5
:104B1000FFFFFFFFFFFFFFFFFFFFFFFFFFFFFFFFA5
:104B2000FFFFFFFFFFFFFFFFFFFFFFFFFFFFFFFF95
:104B3000FFFFFFFFFFFFFFFFFFFFFFFFFFFFFFFF85
:104B4000FFFFFFFFFFFFFFFFFFFFFFFFFFFFFFFF75
:104B5000FFFFFFFFFFFFFFFFFFFFFFFFFFFFFFFF65
:104B6000FFFFFFFFFFFFFFFFFFFFFFFFFFFFFFFF55
:104B7000FFFFFFFFFFFFFFFFFFFFFFFFFFFFFFFF45
:104B8000FFFFFFFFFFFFFFFFFFFFFFFFFFFFFFFF35
:104B9000FFFFFFFFFFFFFFFFFFFFFFFFFFFFFFFF25
:104BA000FFFFFFFFFFFFFFFFFFFFFFFFFFFFFFFF15
:104BB000FFFFFFFFFFFFFFFFFFFFFFFFFFFFFFFF05
:104BC000FFFFFFFFFFFFFFFFFFFFFFFFFFFFFFFFF5
:104BD000FFFFFFFFFFFFFFFFFFFFFFFFFFFFFFFFE5
:104BE000FFFFFFFFFFFFFFFFFFFFFFFFFFFFFFFFD5
:104BF000FFFFFFFFFFFFFFFFFFFFFFFFFFFFFFFFC5
:104C0000FFFFFFFFFFFFFFFFFFFFFFFFFFFFFFFFB4
:104C1000FFFFFFFFFFFFFFFFFFFFFFFFFFFFFFFFA4
:104C2000FFFFFFFFFFFFFFFFFFFFFFFFFFFFFFFF94
:104C3000FFFFFFFFFFFFFFFFFFFFFFFFFFFFFFFF84
:104C4000FFFFFFFFFFFFFFFFFFFFFFFFFFFFFFFF74
:104C5000FFFFFFFFFFFFFFFFFFFFFFFFFFFFFFFF64
:104C6000FFFFFFFFFFFFFFFFFFFFFFFFFFFFFFFF54
:104C7000FFFFFFFFFFFFFFFFFFFFFFFFFFFFFFFF44
:104C8000FFFFFFFFFFFFFFFFFFFFFFFFFFFFFFFF34
:104C9000FFFFFFFFFFFFFFFFFFFFFFFFFFFFFFFF24
:104CA000FFFFFFFFFFFFFFFFFFFFFFFFFFFFFFFF14
:104CB000FFFFFFFFFFFFFFFFFFFFFFFFFFFFFFFF04
:104CC000FFFFFFFFFFFFFFFFFFFFFFFFFFFFFFFFF4
:104CD000FFFFFFFFFFFFFFFFFFFFFFFFFFFFFFFFE4
:104CE000FFFFFFFFFFFFFFFFFFFFFFFFFFFFFFFFD4
:104CF000FFFFFFFFFFFFFFFFFFFFFFFFFFFFFFFFC4
:104D0000FFFFFFFFFFFFFFFFFFFFFFFFFFFFFFFFB3
:104D1000FFFFFFFFFFFFFFFFFFFFFFFFFFFFFFFFA3
:104D2000FFFFFFFFFFFFFFFFFFFFFFFFFFFFFFFF93
:104D3000FFFFFFFFFFFFFFFFFFFFFFFFFFFFFFFF83
:104D4000FFFFFFFFFFFFFFFFFFFFFFFFFFFFFFFF73
:104D5000FFFFFFFFFFFFFFFFFFFFFFFFFFFFFFFF63
:104D6000FFFFFFFFFFFFFFFFFFFFFFFFFFFFFFFF53
:104D7000FFFFFFFFFFFFFFFFFFFFFFFFFFFFFFFF43
:104D8000FFFFFFFFFFFFFFFFFFFFFFFFFFFFFFFF33
:104D9000FFFFFFFFFFFFFFFFFFFFFFFFFFFFFFFF23
:104DA000FFFFFFFFFFFFFFFFFFFFFFFFFFFFFFFF13
:104DB000FFFFFFFFFFFFFFFFFFFFFFFFFFFFFFFF03
:104DC000FFFFFFFFFFFFFFFFFFFFFFFFFFFFFFFFF3
:104DD000FFFFFFFFFFFFFFFFFFFFFFFFFFFFFFFFE3
:104DE000FFFFFFFFFFFFFFFFFFFFFFFFFFFFFFFFD3
:104DF000FFFFFFFFFFFFFFFFFFFFFFFFFFFFFFFFC3
:104E0000FFFFFFFFFFFFFFFFFFFFFFFFFFFFFFFFB2
:104E1000FFFFFFFFFFFFFFFFFFFFFFFFFFFFFFFFA2
:104E2000FFFFFFFFFFFFFFFFFFFFFFFFFFFFFFFF92
:104E3000FFFFFFFFFFFFFFFFFFFFFFFFFFFFFFFF82
:104E4000FFFFFFFFFFFFFFFFFFFFFFFFFFFFFFFF72
:104E5000FFFFFFFFFFFFFFFFFFFFFFFFFFFFFFFF62
:104E6000FFFFFFFFFFFFFFFFFFFFFFFFFFFFFFFF52
:104E7000FFFFFFFFFFFFFFFFFFFFFFFFFFFFFFFF42
:104E8000FFFFFFFFFFFFFFFFFFFFFFFFFFFFFFFF32
:104E9000FFFFFFFFFFFFFFFFFFFFFFFFFFFFFFFF22
:104EA000FFFFFFFFFFFFFFFFFFFFFFFFFFFFFFFF12
:104EB000FFFFFFFFFFFFFFFFFFFFFFFFFFFFFFFF02
:104EC000FFFFFFFFFFFFFFFFFFFFFFFFFFFFFFFFF2
:104ED000FFFFFFFFFFFFFFFFFFFFFFFFFFFFFFFFE2
:104EE000FFFFFFFFFFFFFFFFFFFFFFFFFFFFFFFFD2
:104EF000FFFFFFFFFFFFFFFFFFFFFFFFFFFFFFFFC2
:104F0000FFFFFFFFFFFFFFFFFFFFFFFFFFFFFFFFB1
:104F1000FFFFFFFFFFFFFFFFFFFFFFFFFFFFFFFFA1
:104F2000FFFFFFFFFFFFFFFFFFFFFFFFFFFFFFFF91
:104F3000FFFFFFFFFFFFFFFFFFFFFFFFFFFFFFFF81
:104F4000FFFFFFFFFFFFFFFFFFFFFFFFFFFFFFFF71
:104F5000FFFFFFFFFFFFFFFFFFFFFFFFFFFFFFFF61
:104F6000FFFFFFFFFFFFFFFFFFFFFFFFFFFFFFFF51
:104F7000FFFFFFFFFFFFFFFFFFFFFFFFFFFFFFFF41
:104F8000FFFFFFFFFFFFFFFFFFFFFFFFFFFFFFFF31
:104F9000FFFFFFFFFFFFFFFFFFFFFFFFFFFFFFFF21
:104FA000FFFFFFFFFFFFFFFFFFFFFFFFFFFFFFFF11
:104FB000FFFFFFFFFFFFFFFFFFFFFFFFFFFFFFFF01
:104FC000FFFFFFFFFFFFFFFFFFFFFFFFFFFFFFFFF1
:104FD000FFFFFFFFFFFFFFFFFFFFFFFFFFFFFFFFE1
:104FE000FFFFFFFFFFFFFFFFFFFFFFFFFFFFFFFFD1
:104FF000FFFFFFFFFFFFFFFFFFFFFFFFFFFFFFFFC1
:10500000FFFFFFFFFFFFFFFFFFFFFFFFFFFFFFFFB0
:10501000FFFFFFFFFFFFFFFFFFFFFFFFFFFFFFFFA0
:10502000FFFFFFFFFFFFFFFFFFFFFFFFFFFFFFFF90
:10503000FFFFFFFFFFFFFFFFFFFFFFFFFFFFFFFF80
:10504000FFFFFFFFFFFFFFFFFFFFFFFFFFFFFFFF70
:10505000FFFFFFFFFFFFFFFFFFFFFFFFFFFFFFFF60
:10506000FFFFFFFFFFFFFFFFFFFFFFFFFFFFFFFF50
:10507000FFFFFFFFFFFFFFFFFFFFFFFFFFFFFFFF40
:10508000FFFFFFFFFFFFFFFFFFFFFFFFFFFFFFFF30
:10509000FFFFFFFFFFFFFFFFFFFFFFFFFFFFFFFF20
:1050A000FFFFFFFFFFFFFFFFFFFFFFFFFFFFFFFF10
:1050B000FFFFFFFFFFFFFFFFFFFFFFFFFFFFFFFF00
:1050C000FFFFFFFFFFFFFFFFFFFFFFFFFFFFFFFFF0
:1050D000FFFFFFFFFFFFFFFFFFFFFFFFFFFFFFFFE0
:1050E000FFFFFFFFFFFFFFFFFFFFFFFFFFFFFFFFD0
:1050F000FFFFFFFFFFFFFFFFFFFFFFFFFFFFFFFFC0
:10510000FFFFFFFFFFFFFFFFFFFFFFFFFFFFFFFFAF
:10511000FFFFFFFFFFFFFFFFFFFFFFFFFFFFFFFF9F
:10512000FFFFFFFFFFFFFFFFFFFFFFFFFFFFFFFF8F
:10513000FFFFFFFFFFFFFFFFFFFFFFFFFFFFFFFF7F
:10514000FFFFFFFFFFFFFFFFFFFFFFFFFFFFFFFF6F
:10515000FFFFFFFFFFFFFFFFFFFFFFFFFFFFFFFF5F
:10516000FFFFFFFFFFFFFFFFFFFFFFFFFFFFFFFF4F
:10517000FFFFFFFFFFFFFFFFFFFFFFFFFFFFFFFF3F
:10518000FFFFFFFFFFFFFFFFFFFFFFFFFFFFFFFF2F
:10519000FFFFFFFFFFFFFFFFFFFFFFFFFFFFFFFF1F
:1051A000FFFFFFFFFFFFFFFFFFFFFFFFFFFFFFFF0F
:1051B000FFFFFFFFFFFFFFFFFFFFFFFFFFFFFFFFFF
:1051C000FFFFFFFFFFFFFFFFFFFFFFFFFFFFFFFFEF
:1051D000FFFFFFFFFFFFFFFFFFFFFFFFFFFFFFFFDF
:1051E000FFFFFFFFFFFFFFFFFFFFFFFFFFFFFFFFCF
:1051F000FFFFFFFFFFFFFFFFFFFFFFFFFFFFFFFFBF
:10520000FFFFFFFFFFFFFFFFFFFFFFFFFFFFFFFFAE
:10521000FFFFFFFFFFFFFFFFFFFFFFFFFFFFFFFF9E
:10522000FFFFFFFFFFFFFFFFFFFFFFFFFFFFFFFF8E
:10523000FFFFFFFFFFFFFFFFFFFFFFFFFFFFFFFF7E
:10524000FFFFFFFFFFFFFFFFFFFFFFFFFFFFFFFF6E
:10525000FFFFFFFFFFFFFFFFFFFFFFFFFFFFFFFF5E
:10526000FFFFFFFFFFFFFFFFFFFFFFFFFFFFFFFF4E
:10527000FFFFFFFFFFFFFFFFFFFFFFFFFFFFFFFF3E
:10528000FFFFFFFFFFFFFFFFFFFFFFFFFFFFFFFF2E
:10529000FFFFFFFFFFFFFFFFFFFFFFFFFFFFFFFF1E
:1052A000FFFFFFFFFFFFFFFFFFFFFFFFFFFFFFFF0E
:1052B000FFFFFFFFFFFFFFFFFFFFFFFFFFFFFFFFFE
:1052C000FFFFFFFFFFFFFFFFFFFFFFFFFFFFFFFFEE
:1052D000FFFFFFFFFFFFFFFFFFFFFFFFFFFFFFFFDE
:1052E000FFFFFFFFFFFFFFFFFFFFFFFFFFFFFFFFCE
:1052F000FFFFFFFFFFFFFFFFFFFFFFFFFFFFFFFFBE
:10530000FFFFFFFFFFFFFFFFFFFFFFFFFFFFFFFFAD
:10531000FFFFFFFFFFFFFFFFFFFFFFFFFFFFFFFF9D
:10532000FFFFFFFFFFFFFFFFFFFFFFFFFFFFFFFF8D
:10533000FFFFFFFFFFFFFFFFFFFFFFFFFFFFFFFF7D
:10534000FFFFFFFFFFFFFFFFFFFFFFFFFFFFFFFF6D
:10535000FFFFFFFFFFFFFFFFFFFFFFFFFFFFFFFF5D
:10536000FFFFFFFFFFFFFFFFFFFFFFFFFFFFFFFF4D
:10537000FFFFFFFFFFFFFFFFFFFFFFFFFFFFFFFF3D
:10538000FFFFFFFFFFFFFFFFFFFFFFFFFFFFFFFF2D
:10539000FFFFFFFFFFFFFFFFFFFFFFFFFFFFFFFF1D
:1053A000FFFFFFFFFFFFFFFFFFFFFFFFFFFFFFFF0D
:1053B000FFFFFFFFFFFFFFFFFFFFFFFFFFFFFFFFFD
:1053C000FFFFFFFFFFFFFFFFFFFFFFFFFFFFFFFFED
:1053D000FFFFFFFFFFFFFFFFFFFFFFFFFFFFFFFFDD
:1053E000FFFFFFFFFFFFFFFFFFFFFFFFFFFFFFFFCD
:1053F000FFFFFFFFFFFFFFFFFFFFFFFFFFFFFFFFBD
:10540000FFFFFFFFFFFFFFFFFFFFFFFFFFFFFFFFAC
:10541000FFFFFFFFFFFFFFFFFFFFFFFFFFFFFFFF9C
:10542000FFFFFFFFFFFFFFFFFFFFFFFFFFFFFFFF8C
:10543000FFFFFFFFFFFFFFFFFFFFFFFFFFFFFFFF7C
:10544000FFFFFFFFFFFFFFFFFFFFFFFFFFFFFFFF6C
:10545000FFFFFFFFFFFFFFFFFFFFFFFFFFFFFFFF5C
:10546000FFFFFFFFFFFFFFFFFFFFFFFFFFFFFFFF4C
:10547000FFFFFFFFFFFFFFFFFFFFFFFFFFFFFFFF3C
:10548000FFFFFFFFFFFFFFFFFFFFFFFFFFFFFFFF2C
:10549000FFFFFFFFFFFFFFFFFFFFFFFFFFFFFFFF1C
:1054A000FFFFFFFFFFFFFFFFFFFFFFFFFFFFFFFF0C
:1054B000FFFFFFFFFFFFFFFFFFFFFFFFFFFFFFFFFC
:1054C000FFFFFFFFFFFFFFFFFFFFFFFFFFFFFFFFEC
:1054D000FFFFFFFFFFFFFFFFFFFFFFFFFFFFFFFFDC
:1054E000FFFFFFFFFFFFFFFFFFFFFFFFFFFFFFFFCC
:1054F000FFFFFFFFFFFFFFFFFFFFFFFFFFFFFFFFBC
:10550000FFFFFFFFFFFFFFFFFFFFFFFFFFFFFFFFAB
:10551000FFFFFFFFFFFFFFFFFFFFFFFFFFFFFFFF9B
:10552000FFFFFFFFFFFFFFFFFFFFFFFFFFFFFFFF8B
:10553000FFFFFFFFFFFFFFFFFFFFFFFFFFFFFFFF7B
:10554000FFFFFFFFFFFFFFFFFFFFFFFFFFFFFFFF6B
:10555000FFFFFFFFFFFFFFFFFFFFFFFFFFFFFFFF5B
:10556000FFFFFFFFFFFFFFFFFFFFFFFFFFFFFFFF4B
:10557000FFFFFFFFFFFFFFFFFFFFFFFFFFFFFFFF3B
:10558000FFFFFFFFFFFFFFFFFFFFFFFFFFFFFFFF2B
:10559000FFFFFFFFFFFFFFFFFFFFFFFFFFFFFFFF1B
:1055A000FFFFFFFFFFFFFFFFFFFFFFFFFFFFFFFF0B
:1055B000FFFFFFFFFFFFFFFFFFFFFFFFFFFFFFFFFB
:1055C000FFFFFFFFFFFFFFFFFFFFFFFFFFFFFFFFEB
:1055D000FFFFFFFFFFFFFFFFFFFFFFFFFFFFFFFFDB
:1055E000FFFFFFFFFFFFFFFFFFFFFFFFFFFFFFFFCB
:1055F000FFFFFFFFFFFFFFFFFFFFFFFFFFFFFFFFBB
:10560000FFFFFFFFFFFFFFFFFFFFFFFFFFFFFFFFAA
:10561000FFFFFFFFFFFFFFFFFFFFFFFFFFFFFFFF9A
:10562000FFFFFFFFFFFFFFFFFFFFFFFFFFFFFFFF8A
:10563000FFFFFFFFFFFFFFFFFFFFFFFFFFFFFFFF7A
:10564000FFFFFFFFFFFFFFFFFFFFFFFFFFFFFFFF6A
:10565000FFFFFFFFFFFFFFFFFFFFFFFFFFFFFFFF5A
:10566000FFFFFFFFFFFFFFFFFFFFFFFFFFFFFFFF4A
:10567000FFFFFFFFFFFFFFFFFFFFFFFFFFFFFFFF3A
:10568000FFFFFFFFFFFFFFFFFFFFFFFFFFFFFFFF2A
:10569000FFFFFFFFFFFFFFFFFFFFFFFFFFFFFFFF1A
:1056A000FFFFFFFFFFFFFFFFFFFFFFFFFFFFFFFF0A
:1056B000FFFFFFFFFFFFFFFFFFFFFFFFFFFFFFFFFA
:1056C000FFFFFFFFFFFFFFFFFFFFFFFFFFFFFFFFEA
:1056D000FFFFFFFFFFFFFFFFFFFFFFFFFFFFFFFFDA
:1056E000FFFFFFFFFFFFFFFFFFFFFFFFFFFFFFFFCA
:1056F000FFFFFFFFFFFFFFFFFFFFFFFFFFFFFFFFBA
:10570000FFFFFFFFFFFFFFFFFFFFFFFFFFFFFFFFA9
:10571000FFFFFFFFFFFFFFFFFFFFFFFFFFFFFFFF99
:10572000FFFFFFFFFFFFFFFFFFFFFFFFFFFFFFFF89
:10573000FFFFFFFFFFFFFFFFFFFFFFFFFFFFFFFF79
:10574000FFFFFFFFFFFFFFFFFFFFFFFFFFFFFFFF69
:10575000FFFFFFFFFFFFFFFFFFFFFFFFFFFFFFFF59
:10576000FFFFFFFFFFFFFFFFFFFFFFFFFFFFFFFF49
:10577000FFFFFFFFFFFFFFFFFFFFFFFFFFFFFFFF39
:10578000FFFFFFFFFFFFFFFFFFFFFFFFFFFFFFFF29
:10579000FFFFFFFFFFFFFFFFFFFFFFFFFFFFFFFF19
:1057A000FFFFFFFFFFFFFFFFFFFFFFFFFFFFFFFF09
:1057B000FFFFFFFFFFFFFFFFFFFFFFFFFFFFFFFFF9
:1057C000FFFFFFFFFFFFFFFFFFFFFFFFFFFFFFFFE9
:1057D000FFFFFFFFFFFFFFFFFFFFFFFFFFFFFFFFD9
:1057E000FFFFFFFFFFFFFFFFFFFFFFFFFFFFFFFFC9
:1057F000FFFFFFFFFFFFFFFFFFFFFFFFFFFFFFFFB9
:10580000FFFFFFFFFFFFFFFFFFFFFFFFFFFFFFFFA8
:10581000FFFFFFFFFFFFFFFFFFFFFFFFFFFFFFFF98
:10582000FFFFFFFFFFFFFFFFFFFFFFFFFFFFFFFF88
:10583000FFFFFFFFFFFFFFFFFFFFFFFFFFFFFFFF78
:10584000FFFFFFFFFFFFFFFFFFFFFFFFFFFFFFFF68
:10585000FFFFFFFFFFFFFFFFFFFFFFFFFFFFFFFF58
:10586000FFFFFFFFFFFFFFFFFFFFFFFFFFFFFFFF48
:10587000FFFFFFFFFFFFFFFFFFFFFFFFFFFFFFFF38
:10588000FFFFFFFFFFFFFFFFFFFFFFFFFFFFFFFF28
:10589000FFFFFFFFFFFFFFFFFFFFFFFFFFFFFFFF18
:1058A000FFFFFFFFFFFFFFFFFFFFFFFFFFFFFFFF08
:1058B000FFFFFFFFFFFFFFFFFFFFFFFFFFFFFFFFF8
:1058C000FFFFFFFFFFFFFFFFFFFFFFFFFFFFFFFFE8
:1058D000FFFFFFFFFFFFFFFFFFFFFFFFFFFFFFFFD8
:1058E000FFFFFFFFFFFFFFFFFFFFFFFFFFFFFFFFC8
:1058F000FFFFFFFFFFFFFFFFFFFFFFFFFFFFFFFFB8
:10590000FFFFFFFFFFFFFFFFFFFFFFFFFFFFFFFFA7
:10591000FFFFFFFFFFFFFFFFFFFFFFFFFFFFFFFF97
:10592000FFFFFFFFFFFFFFFFFFFFFFFFFFFFFFFF87
:10593000FFFFFFFFFFFFFFFFFFFFFFFFFFFFFFFF77
:10594000FFFFFFFFFFFFFFFFFFFFFFFFFFFFFFFF67
:10595000FFFFFFFFFFFFFFFFFFFFFFFFFFFFFFFF57
:10596000FFFFFFFFFFFFFFFFFFFFFFFFFFFFFFFF47
:10597000FFFFFFFFFFFFFFFFFFFFFFFFFFFFFFFF37
:10598000FFFFFFFFFFFFFFFFFFFFFFFFFFFFFFFF27
:10599000FFFFFFFFFFFFFFFFFFFFFFFFFFFFFFFF17
:1059A000FFFFFFFFFFFFFFFFFFFFFFFFFFFFFFFF07
:1059B000FFFFFFFFFFFFFFFFFFFFFFFFFFFFFFFFF7
:1059C000FFFFFFFFFFFFFFFFFFFFFFFFFFFFFFFFE7
:1059D000FFFFFFFFFFFFFFFFFFFFFFFFFFFFFFFFD7
:1059E000FFFFFFFFFFFFFFFFFFFFFFFFFFFFFFFFC7
:1059F000FFFFFFFFFFFFFFFFFFFFFFFFFFFFFFFFB7
:105A0000FFFFFFFFFFFFFFFFFFFFFFFFFFFFFFFFA6
:105A1000FFFFFFFFFFFFFFFFFFFFFFFFFFFFFFFF96
:105A2000FFFFFFFFFFFFFFFFFFFFFFFFFFFFFFFF86
:105A3000FFFFFFFFFFFFFFFFFFFFFFFFFFFFFFFF76
:105A4000FFFFFFFFFFFFFFFFFFFFFFFFFFFFFFFF66
:105A5000FFFFFFFFFFFFFFFFFFFFFFFFFFFFFFFF56
:105A6000FFFFFFFFFFFFFFFFFFFFFFFFFFFFFFFF46
:105A7000FFFFFFFFFFFFFFFFFFFFFFFFFFFFFFFF36
:105A8000FFFFFFFFFFFFFFFFFFFFFFFFFFFFFFFF26
:105A9000FFFFFFFFFFFFFFFFFFFFFFFFFFFFFFFF16
:105AA000FFFFFFFFFFFFFFFFFFFFFFFFFFFFFFFF06
:105AB000FFFFFFFFFFFFFFFFFFFFFFFFFFFFFFFFF6
:105AC000FFFFFFFFFFFFFFFFFFFFFFFFFFFFFFFFE6
:105AD000FFFFFFFFFFFFFFFFFFFFFFFFFFFFFFFFD6
:105AE000FFFFFFFFFFFFFFFFFFFFFFFFFFFFFFFFC6
:105AF000FFFFFFFFFFFFFFFFFFFFFFFFFFFFFFFFB6
:105B0000FFFFFFFFFFFFFFFFFFFFFFFFFFFFFFFFA5
:105B1000FFFFFFFFFFFFFFFFFFFFFFFFFFFFFFFF95
:105B2000FFFFFFFFFFFFFFFFFFFFFFFFFFFFFFFF85
:105B3000FFFFFFFFFFFFFFFFFFFFFFFFFFFFFFFF75
:105B4000FFFFFFFFFFFFFFFFFFFFFFFFFFFFFFFF65
:105B5000FFFFFFFFFFFFFFFFFFFFFFFFFFFFFFFF55
:105B6000FFFFFFFFFFFFFFFFFFFFFFFFFFFFFFFF45
:105B7000FFFFFFFFFFFFFFFFFFFFFFFFFFFFFFFF35
:105B8000FFFFFFFFFFFFFFFFFFFFFFFFFFFFFFFF25
:105B9000FFFFFFFFFFFFFFFFFFFFFFFFFFFFFFFF15
:105BA000FFFFFFFFFFFFFFFFFFFFFFFFFFFFFFFF05
:105BB000FFFFFFFFFFFFFFFFFFFFFFFFFFFFFFFFF5
:105BC000FFFFFFFFFFFFFFFFFFFFFFFFFFFFFFFFE5
:105BD000FFFFFFFFFFFFFFFFFFFFFFFFFFFFFFFFD5
:105BE000FFFFFFFFFFFFFFFFFFFFFFFFFFFFFFFFC5
:105BF000FFFFFFFFFFFFFFFFFFFFFFFFFFFFFFFFB5
:105C0000FFFFFFFFFFFFFFFFFFFFFFFFFFFFFFFFA4
:105C1000FFFFFFFFFFFFFFFFFFFFFFFFFFFFFFFF94
:105C2000FFFFFFFFFFFFFFFFFFFFFFFFFFFFFFFF84
:105C3000FFFFFFFFFFFFFFFFFFFFFFFFFFFFFFFF74
:105C4000FFFFFFFFFFFFFFFFFFFFFFFFFFFFFFFF64
:105C5000FFFFFFFFFFFFFFFFFFFFFFFFFFFFFFFF54
:105C6000FFFFFFFFFFFFFFFFFFFFFFFFFFFFFFFF44
:105C7000FFFFFFFFFFFFFFFFFFFFFFFFFFFFFFFF34
:105C8000FFFFFFFFFFFFFFFFFFFFFFFFFFFFFFFF24
:105C9000FFFFFFFFFFFFFFFFFFFFFFFFFFFFFFFF14
:105CA000FFFFFFFFFFFFFFFFFFFFFFFFFFFFFFFF04
:105CB000FFFFFFFFFFFFFFFFFFFFFFFFFFFFFFFFF4
:105CC000FFFFFFFFFFFFFFFFFFFFFFFFFFFFFFFFE4
:105CD000FFFFFFFFFFFFFFFFFFFFFFFFFFFFFFFFD4
:105CE000FFFFFFFFFFFFFFFFFFFFFFFFFFFFFFFFC4
:105CF000FFFFFFFFFFFFFFFFFFFFFFFFFFFFFFFFB4
:105D0000FFFFFFFFFFFFFFFFFFFFFFFFFFFFFFFFA3
:105D1000FFFFFFFFFFFFFFFFFFFFFFFFFFFFFFFF93
:105D2000FFFFFFFFFFFFFFFFFFFFFFFFFFFFFFFF83
:105D3000FFFFFFFFFFFFFFFFFFFFFFFFFFFFFFFF73
:105D4000FFFFFFFFFFFFFFFFFFFFFFFFFFFFFFFF63
:105D5000FFFFFFFFFFFFFFFFFFFFFFFFFFFFFFFF53
:105D6000FFFFFFFFFFFFFFFFFFFFFFFFFFFFFFFF43
:105D7000FFFFFFFFFFFFFFFFFFFFFFFFFFFFFFFF33
:105D8000FFFFFFFFFFFFFFFFFFFFFFFFFFFFFFFF23
:105D9000FFFFFFFFFFFFFFFFFFFFFFFFFFFFFFFF13
:105DA000FFFFFFFFFFFFFFFFFFFFFFFFFFFFFFFF03
:105DB000FFFFFFFFFFFFFFFFFFFFFFFFFFFFFFFFF3
:105DC000FFFFFFFFFFFFFFFFFFFFFFFFFFFFFFFFE3
:105DD000FFFFFFFFFFFFFFFFFFFFFFFFFFFFFFFFD3
:105DE000FFFFFFFFFFFFFFFFFFFFFFFFFFFFFFFFC3
:105DF000FFFFFFFFFFFFFFFFFFFFFFFFFFFFFFFFB3
:105E0000FFFFFFFFFFFFFFFFFFFFFFFFFFFFFFFFA2
:105E1000FFFFFFFFFFFFFFFFFFFFFFFFFFFFFFFF92
:105E2000FFFFFFFFFFFFFFFFFFFFFFFFFFFFFFFF82
:105E3000FFFFFFFFFFFFFFFFFFFFFFFFFFFFFFFF72
:105E4000FFFFFFFFFFFFFFFFFFFFFFFFFFFFFFFF62
:105E5000FFFFFFFFFFFFFFFFFFFFFFFFFFFFFFFF52
:105E6000FFFFFFFFFFFFFFFFFFFFFFFFFFFFFFFF42
:105E7000FFFFFFFFFFFFFFFFFFFFFFFFFFFFFFFF32
:105E8000FFFFFFFFFFFFFFFFFFFFFFFFFFFFFFFF22
:105E9000FFFFFFFFFFFFFFFFFFFFFFFFFFFFFFFF12
:105EA000FFFFFFFFFFFFFFFFFFFFFFFFFFFFFFFF02
:105EB000FFFFFFFFFFFFFFFFFFFFFFFFFFFFFFFFF2
:105EC000FFFFFFFFFFFFFFFFFFFFFFFFFFFFFFFFE2
:105ED000FFFFFFFFFFFFFFFFFFFFFFFFFFFFFFFFD2
:105EE000FFFFFFFFFFFFFFFFFFFFFFFFFFFFFFFFC2
:105EF000FFFFFFFFFFFFFFFFFFFFFFFFFFFFFFFFB2
:105F0000FFFFFFFFFFFFFFFFFFFFFFFFFFFFFFFFA1
:105F1000FFFFFFFFFFFFFFFFFFFFFFFFFFFFFFFF91
:105F2000FFFFFFFFFFFFFFFFFFFFFFFFFFFFFFFF81
:105F3000FFFFFFFFFFFFFFFFFFFFFFFFFFFFFFFF71
:105F4000FFFFFFFFFFFFFFFFFFFFFFFFFFFFFFFF61
:105F5000FFFFFFFFFFFFFFFFFFFFFFFFFFFFFFFF51
:105F6000FFFFFFFFFFFFFFFFFFFFFFFFFFFFFFFF41
:105F7000FFFFFFFFFFFFFFFFFFFFFFFFFFFFFFFF31
:105F8000FFFFFFFFFFFFFFFFFFFFFFFFFFFFFFFF21
:105F9000FFFFFFFFFFFFFFFFFFFFFFFFFFFFFFFF11
:105FA000FFFFFFFFFFFFFFFFFFFFFFFFFFFFFFFF01
:105FB000FFFFFFFFFFFFFFFFFFFFFFFFFFFFFFFFF1
:105FC000FFFFFFFFFFFFFFFFFFFFFFFFFFFFFFFFE1
:105FD000FFFFFFFFFFFFFFFFFFFFFFFFFFFFFFFFD1
:105FE000FFFFFFFFFFFFFFFFFFFFFFFFFFFFFFFFC1
:105FF000FFFFFFFFFFFFFFFFFFFFFFFFFFFFFFFFB1
:10600000FFFFFFFFFFFFFFFFFFFFFFFFFFFFFFFFA0
:10601000FFFFFFFFFFFFFFFFFFFFFFFFFFFFFFFF90
:10602000FFFFFFFFFFFFFFFFFFFFFFFFFFFFFFFF80
:10603000FFFFFFFFFFFFFFFFFFFFFFFFFFFFFFFF70
:10604000FFFFFFFFFFFFFFFFFFFFFFFFFFFFFFFF60
:10605000FFFFFFFFFFFFFFFFFFFFFFFFFFFFFFFF50
:10606000FFFFFFFFFFFFFFFFFFFFFFFFFFFFFFFF40
:10607000FFFFFFFFFFFFFFFFFFFFFFFFFFFFFFFF30
:10608000FFFFFFFFFFFFFFFFFFFFFFFFFFFFFFFF20
:10609000FFFFFFFFFFFFFFFFFFFFFFFFFFFFFFFF10
:1060A000FFFFFFFFFFFFFFFFFFFFFFFFFFFFFFFF00
:1060B000FFFFFFFFFFFFFFFFFFFFFFFFFFFFFFFFF0
:1060C000FFFFFFFFFFFFFFFFFFFFFFFFFFFFFFFFE0
:1060D000FFFFFFFFFFFFFFFFFFFFFFFFFFFFFFFFD0
:1060E000FFFFFFFFFFFFFFFFFFFFFFFFFFFFFFFFC0
:1060F000FFFFFFFFFFFFFFFFFFFFFFFFFFFFFFFFB0
:10610000FFFFFFFFFFFFFFFFFFFFFFFFFFFFFFFF9F
:10611000FFFFFFFFFFFFFFFFFFFFFFFFFFFFFFFF8F
:10612000FFFFFFFFFFFFFFFFFFFFFFFFFFFFFFFF7F
:10613000FFFFFFFFFFFFFFFFFFFFFFFFFFFFFFFF6F
:10614000FFFFFFFFFFFFFFFFFFFFFFFFFFFFFFFF5F
:10615000FFFFFFFFFFFFFFFFFFFFFFFFFFFFFFFF4F
:10616000FFFFFFFFFFFFFFFFFFFFFFFFFFFFFFFF3F
:10617000FFFFFFFFFFFFFFFFFFFFFFFFFFFFFFFF2F
:10618000FFFFFFFFFFFFFFFFFFFFFFFFFFFFFFFF1F
:10619000FFFFFFFFFFFFFFFFFFFFFFFFFFFFFFFF0F
:1061A000FFFFFFFFFFFFFFFFFFFFFFFFFFFFFFFFFF
:1061B000FFFFFFFFFFFFFFFFFFFFFFFFFFFFFFFFEF
:1061C000FFFFFFFFFFFFFFFFFFFFFFFFFFFFFFFFDF
:1061D000FFFFFFFFFFFFFFFFFFFFFFFFFFFFFFFFCF
:1061E000FFFFFFFFFFFFFFFFFFFFFFFFFFFFFFFFBF
:1061F000FFFFFFFFFFFFFFFFFFFFFFFFFFFFFFFFAF
:10620000FFFFFFFFFFFFFFFFFFFFFFFFFFFFFFFF9E
:10621000FFFFFFFFFFFFFFFFFFFFFFFFFFFFFFFF8E
:10622000FFFFFFFFFFFFFFFFFFFFFFFFFFFFFFFF7E
:10623000FFFFFFFFFFFFFFFFFFFFFFFFFFFFFFFF6E
:10624000FFFFFFFFFFFFFFFFFFFFFFFFFFFFFFFF5E
:10625000FFFFFFFFFFFFFFFFFFFFFFFFFFFFFFFF4E
:10626000FFFFFFFFFFFFFFFFFFFFFFFFFFFFFFFF3E
:10627000FFFFFFFFFFFFFFFFFFFFFFFFFFFFFFFF2E
:10628000FFFFFFFFFFFFFFFFFFFFFFFFFFFFFFFF1E
:10629000FFFFFFFFFFFFFFFFFFFFFFFFFFFFFFFF0E
:1062A000FFFFFFFFFFFFFFFFFFFFFFFFFFFFFFFFFE
:1062B000FFFFFFFFFFFFFFFFFFFFFFFFFFFFFFFFEE
:1062C000FFFFFFFFFFFFFFFFFFFFFFFFFFFFFFFFDE
:1062D000FFFFFFFFFFFFFFFFFFFFFFFFFFFFFFFFCE
:1062E000FFFFFFFFFFFFFFFFFFFFFFFFFFFFFFFFBE
:1062F000FFFFFFFFFFFFFFFFFFFFFFFFFFFFFFFFAE
:10630000FFFFFFFFFFFFFFFFFFFFFFFFFFFFFFFF9D
:10631000FFFFFFFFFFFFFFFFFFFFFFFFFFFFFFFF8D
:10632000FFFFFFFFFFFFFFFFFFFFFFFFFFFFFFFF7D
:10633000FFFFFFFFFFFFFFFFFFFFFFFFFFFFFFFF6D
:10634000FFFFFFFFFFFFFFFFFFFFFFFFFFFFFFFF5D
:10635000FFFFFFFFFFFFFFFFFFFFFFFFFFFFFFFF4D
:10636000FFFFFFFFFFFFFFFFFFFFFFFFFFFFFFFF3D
:10637000FFFFFFFFFFFFFFFFFFFFFFFFFFFFFFFF2D
:10638000FFFFFFFFFFFFFFFFFFFFFFFFFFFFFFFF1D
:10639000FFFFFFFFFFFFFFFFFFFFFFFFFFFFFFFF0D
:1063A000FFFFFFFFFFFFFFFFFFFFFFFFFFFFFFFFFD
:1063B000FFFFFFFFFFFFFFFFFFFFFFFFFFFFFFFFED
:1063C000FFFFFFFFFFFFFFFFFFFFFFFFFFFFFFFFDD
:1063D000FFFFFFFFFFFFFFFFFFFFFFFFFFFFFFFFCD
:1063E000FFFFFFFFFFFFFFFFFFFFFFFFFFFFFFFFBD
:1063F000FFFFFFFFFFFFFFFFFFFFFFFFFFFFFFFFAD
:10640000FFFFFFFFFFFFFFFFFFFFFFFFFFFFFFFF9C
:10641000FFFFFFFFFFFFFFFFFFFFFFFFFFFFFFFF8C
:10642000FFFFFFFFFFFFFFFFFFFFFFFFFFFFFFFF7C
:10643000FFFFFFFFFFFFFFFFFFFFFFFFFFFFFFFF6C
:10644000FFFFFFFFFFFFFFFFFFFFFFFFFFFFFFFF5C
:10645000FFFFFFFFFFFFFFFFFFFFFFFFFFFFFFFF4C
:10646000FFFFFFFFFFFFFFFFFFFFFFFFFFFFFFFF3C
:10647000FFFFFFFFFFFFFFFFFFFFFFFFFFFFFFFF2C
:10648000FFFFFFFFFFFFFFFFFFFFFFFFFFFFFFFF1C
:10649000FFFFFFFFFFFFFFFFFFFFFFFFFFFFFFFF0C
:1064A000FFFFFFFFFFFFFFFFFFFFFFFFFFFFFFFFFC
:1064B000FFFFFFFFFFFFFFFFFFFFFFFFFFFFFFFFEC
:1064C000FFFFFFFFFFFFFFFFFFFFFFFFFFFFFFFFDC
:1064D000FFFFFFFFFFFFFFFFFFFFFFFFFFFFFFFFCC
:1064E000FFFFFFFFFFFFFFFFFFFFFFFFFFFFFFFFBC
:1064F000FFFFFFFFFFFFFFFFFFFFFFFFFFFFFFFFAC
:10650000FFFFFFFFFFFFFFFFFFFFFFFFFFFFFFFF9B
:10651000FFFFFFFFFFFFFFFFFFFFFFFFFFFFFFFF8B
:10652000FFFFFFFFFFFFFFFFFFFFFFFFFFFFFFFF7B
:10653000FFFFFFFFFFFFFFFFFFFFFFFFFFFFFFFF6B
:10654000FFFFFFFFFFFFFFFFFFFFFFFFFFFFFFFF5B
:10655000FFFFFFFFFFFFFFFFFFFFFFFFFFFFFFFF4B
:10656000FFFFFFFFFFFFFFFFFFFFFFFFFFFFFFFF3B
:10657000FFFFFFFFFFFFFFFFFFFFFFFFFFFFFFFF2B
:10658000FFFFFFFFFFFFFFFFFFFFFFFFFFFFFFFF1B
:10659000FFFFFFFFFFFFFFFFFFFFFFFFFFFFFFFF0B
:1065A000FFFFFFFFFFFFFFFFFFFFFFFFFFFFFFFFFB
:1065B000FFFFFFFFFFFFFFFFFFFFFFFFFFFFFFFFEB
:1065C000FFFFFFFFFFFFFFFFFFFFFFFFFFFFFFFFDB
:1065D000FFFFFFFFFFFFFFFFFFFFFFFFFFFFFFFFCB
:1065E000FFFFFFFFFFFFFFFFFFFFFFFFFFFFFFFFBB
:1065F000FFFFFFFFFFFFFFFFFFFFFFFFFFFFFFFFAB
:10660000FFFFFFFFFFFFFFFFFFFFFFFFFFFFFFFF9A
:10661000FFFFFFFFFFFFFFFFFFFFFFFFFFFFFFFF8A
:10662000FFFFFFFFFFFFFFFFFFFFFFFFFFFFFFFF7A
:10663000FFFFFFFFFFFFFFFFFFFFFFFFFFFFFFFF6A
:10664000FFFFFFFFFFFFFFFFFFFFFFFFFFFFFFFF5A
:10665000FFFFFFFFFFFFFFFFFFFFFFFFFFFFFFFF4A
:10666000FFFFFFFFFFFFFFFFFFFFFFFFFFFFFFFF3A
:10667000FFFFFFFFFFFFFFFFFFFFFFFFFFFFFFFF2A
:10668000FFFFFFFFFFFFFFFFFFFFFFFFFFFFFFFF1A
:10669000FFFFFFFFFFFFFFFFFFFFFFFFFFFFFFFF0A
:1066A000FFFFFFFFFFFFFFFFFFFFFFFFFFFFFFFFFA
:1066B000FFFFFFFFFFFFFFFFFFFFFFFFFFFFFFFFEA
:1066C000FFFFFFFFFFFFFFFFFFFFFFFFFFFFFFFFDA
:1066D000FFFFFFFFFFFFFFFFFFFFFFFFFFFFFFFFCA
:1066E000FFFFFFFFFFFFFFFFFFFFFFFFFFFFFFFFBA
:1066F000FFFFFFFFFFFFFFFFFFFFFFFFFFFFFFFFAA
:10670000FFFFFFFFFFFFFFFFFFFFFFFFFFFFFFFF99
:10671000FFFFFFFFFFFFFFFFFFFFFFFFFFFFFFFF89
:10672000FFFFFFFFFFFFFFFFFFFFFFFFFFFFFFFF79
:10673000FFFFFFFFFFFFFFFFFFFFFFFFFFFFFFFF69
:10674000FFFFFFFFFFFFFFFFFFFFFFFFFFFFFFFF59
:10675000FFFFFFFFFFFFFFFFFFFFFFFFFFFFFFFF49
:10676000FFFFFFFFFFFFFFFFFFFFFFFFFFFFFFFF39
:10677000FFFFFFFFFFFFFFFFFFFFFFFFFFFFFFFF29
:10678000FFFFFFFFFFFFFFFFFFFFFFFFFFFFFFFF19
:10679000FFFFFFFFFFFFFFFFFFFFFFFFFFFFFFFF09
:1067A000FFFFFFFFFFFFFFFFFFFFFFFFFFFFFFFFF9
:1067B000FFFFFFFFFFFFFFFFFFFFFFFFFFFFFFFFE9
:1067C000FFFFFFFFFFFFFFFFFFFFFFFFFFFFFFFFD9
:1067D000FFFFFFFFFFFFFFFFFFFFFFFFFFFFFFFFC9
:1067E000FFFFFFFFFFFFFFFFFFFFFFFFFFFFFFFFB9
:1067F000FFFFFFFFFFFFFFFFFFFFFFFFFFFFFFFFA9
:10680000FFFFFFFFFFFFFFFFFFFFFFFFFFFFFFFF98
:10681000FFFFFFFFFFFFFFFFFFFFFFFFFFFFFFFF88
:10682000FFFFFFFFFFFFFFFFFFFFFFFFFFFFFFFF78
:10683000FFFFFFFFFFFFFFFFFFFFFFFFFFFFFFFF68
:10684000FFFFFFFFFFFFFFFFFFFFFFFFFFFFFFFF58
:10685000FFFFFFFFFFFFFFFFFFFFFFFFFFFFFFFF48
:10686000FFFFFFFFFFFFFFFFFFFFFFFFFFFFFFFF38
:10687000FFFFFFFFFFFFFFFFFFFFFFFFFFFFFFFF28
:10688000FFFFFFFFFFFFFFFFFFFFFFFFFFFFFFFF18
:10689000FFFFFFFFFFFFFFFFFFFFFFFFFFFFFFFF08
:1068A000FFFFFFFFFFFFFFFFFFFFFFFFFFFFFFFFF8
:1068B000FFFFFFFFFFFFFFFFFFFFFFFFFFFFFFFFE8
:1068C000FFFFFFFFFFFFFFFFFFFFFFFFFFFFFFFFD8
:1068D000FFFFFFFFFFFFFFFFFFFFFFFFFFFFFFFFC8
:1068E000FFFFFFFFFFFFFFFFFFFFFFFFFFFFFFFFB8
:1068F000FFFFFFFFFFFFFFFFFFFFFFFFFFFFFFFFA8
:10690000FFFFFFFFFFFFFFFFFFFFFFFFFFFFFFFF97
:10691000FFFFFFFFFFFFFFFFFFFFFFFFFFFFFFFF87
:10692000FFFFFFFFFFFFFFFFFFFFFFFFFFFFFFFF77
:10693000FFFFFFFFFFFFFFFFFFFFFFFFFFFFFFFF67
:10694000FFFFFFFFFFFFFFFFFFFFFFFFFFFFFFFF57
:10695000FFFFFFFFFFFFFFFFFFFFFFFFFFFFFFFF47
:10696000FFFFFFFFFFFFFFFFFFFFFFFFFFFFFFFF37
:10697000FFFFFFFFFFFFFFFFFFFFFFFFFFFFFFFF27
:10698000FFFFFFFFFFFFFFFFFFFFFFFFFFFFFFFF17
:10699000FFFFFFFFFFFFFFFFFFFFFFFFFFFFFFFF07
:1069A000FFFFFFFFFFFFFFFFFFFFFFFFFFFFFFFFF7
:1069B000FFFFFFFFFFFFFFFFFFFFFFFFFFFFFFFFE7
:1069C000FFFFFFFFFFFFFFFFFFFFFFFFFFFFFFFFD7
:1069D000FFFFFFFFFFFFFFFFFFFFFFFFFFFFFFFFC7
:1069E000FFFFFFFFFFFFFFFFFFFFFFFFFFFFFFFFB7
:1069F000FFFFFFFFFFFFFFFFFFFFFFFFFFFFFFFFA7
:106A0000FFFFFFFFFFFFFFFFFFFFFFFFFFFFFFFF96
:106A1000FFFFFFFFFFFFFFFFFFFFFFFFFFFFFFFF86
:106A2000FFFFFFFFFFFFFFFFFFFFFFFFFFFFFFFF76
:106A3000FFFFFFFFFFFFFFFFFFFFFFFFFFFFFFFF66
:106A4000FFFFFFFFFFFFFFFFFFFFFFFFFFFFFFFF56
:106A5000FFFFFFFFFFFFFFFFFFFFFFFFFFFFFFFF46
:106A6000FFFFFFFFFFFFFFFFFFFFFFFFFFFFFFFF36
:106A7000FFFFFFFFFFFFFFFFFFFFFFFFFFFFFFFF26
:106A8000FFFFFFFFFFFFFFFFFFFFFFFFFFFFFFFF16
:106A9000FFFFFFFFFFFFFFFFFFFFFFFFFFFFFFFF06
:106AA000FFFFFFFFFFFFFFFFFFFFFFFFFFFFFFFFF6
:106AB000FFFFFFFFFFFFFFFFFFFFFFFFFFFFFFFFE6
:106AC000FFFFFFFFFFFFFFFFFFFFFFFFFFFFFFFFD6
:106AD000FFFFFFFFFFFFFFFFFFFFFFFFFFFFFFFFC6
:106AE000FFFFFFFFFFFFFFFFFFFFFFFFFFFFFFFFB6
:106AF000FFFFFFFFFFFFFFFFFFFFFFFFFFFFFFFFA6
:106B0000FFFFFFFFFFFFFFFFFFFFFFFFFFFFFFFF95
:106B1000FFFFFFFFFFFFFFFFFFFFFFFFFFFFFFFF85
:106B2000FFFFFFFFFFFFFFFFFFFFFFFFFFFFFFFF75
:106B3000FFFFFFFFFFFFFFFFFFFFFFFFFFFFFFFF65
:106B4000FFFFFFFFFFFFFFFFFFFFFFFFFFFFFFFF55
:106B5000FFFFFFFFFFFFFFFFFFFFFFFFFFFFFFFF45
:106B6000FFFFFFFFFFFFFFFFFFFFFFFFFFFFFFFF35
:106B7000FFFFFFFFFFFFFFFFFFFFFFFFFFFFFFFF25
:106B8000FFFFFFFFFFFFFFFFFFFFFFFFFFFFFFFF15
:106B9000FFFFFFFFFFFFFFFFFFFFFFFFFFFFFFFF05
:106BA000FFFFFFFFFFFFFFFFFFFFFFFFFFFFFFFFF5
:106BB000FFFFFFFFFFFFFFFFFFFFFFFFFFFFFFFFE5
:106BC000FFFFFFFFFFFFFFFFFFFFFFFFFFFFFFFFD5
:106BD000FFFFFFFFFFFFFFFFFFFFFFFFFFFFFFFFC5
:106BE000FFFFFFFFFFFFFFFFFFFFFFFFFFFFFFFFB5
:106BF000FFFFFFFFFFFFFFFFFFFFFFFFFFFFFFFFA5
:106C0000FFFFFFFFFFFFFFFFFFFFFFFFFFFFFFFF94
:106C1000FFFFFFFFFFFFFFFFFFFFFFFFFFFFFFFF84
:106C2000FFFFFFFFFFFFFFFFFFFFFFFFFFFFFFFF74
:106C3000FFFFFFFFFFFFFFFFFFFFFFFFFFFFFFFF64
:106C4000FFFFFFFFFFFFFFFFFFFFFFFFFFFFFFFF54
:106C5000FFFFFFFFFFFFFFFFFFFFFFFFFFFFFFFF44
:106C6000FFFFFFFFFFFFFFFFFFFFFFFFFFFFFFFF34
:106C7000FFFFFFFFFFFFFFFFFFFFFFFFFFFFFFFF24
:106C8000FFFFFFFFFFFFFFFFFFFFFFFFFFFFFFFF14
:106C9000FFFFFFFFFFFFFFFFFFFFFFFFFFFFFFFF04
:106CA000FFFFFFFFFFFFFFFFFFFFFFFFFFFFFFFFF4
:106CB000FFFFFFFFFFFFFFFFFFFFFFFFFFFFFFFFE4
:106CC000FFFFFFFFFFFFFFFFFFFFFFFFFFFFFFFFD4
:106CD000FFFFFFFFFFFFFFFFFFFFFFFFFFFFFFFFC4
:106CE000FFFFFFFFFFFFFFFFFFFFFFFFFFFFFFFFB4
:106CF000FFFFFFFFFFFFFFFFFFFFFFFFFFFFFFFFA4
:106D0000FFFFFFFFFFFFFFFFFFFFFFFFFFFFFFFF93
:106D1000FFFFFFFFFFFFFFFFFFFFFFFFFFFFFFFF83
:106D2000FFFFFFFFFFFFFFFFFFFFFFFFFFFFFFFF73
:106D3000FFFFFFFFFFFFFFFFFFFFFFFFFFFFFFFF63
:106D4000FFFFFFFFFFFFFFFFFFFFFFFFFFFFFFFF53
:106D5000FFFFFFFFFFFFFFFFFFFFFFFFFFFFFFFF43
:106D6000FFFFFFFFFFFFFFFFFFFFFFFFFFFFFFFF33
:106D7000FFFFFFFFFFFFFFFFFFFFFFFFFFFFFFFF23
:106D8000FFFFFFFFFFFFFFFFFFFFFFFFFFFFFFFF13
:106D9000FFFFFFFFFFFFFFFFFFFFFFFFFFFFFFFF03
:106DA000FFFFFFFFFFFFFFFFFFFFFFFFFFFFFFFFF3
:106DB000FFFFFFFFFFFFFFFFFFFFFFFFFFFFFFFFE3
:106DC000FFFFFFFFFFFFFFFFFFFFFFFFFFFFFFFFD3
:106DD000FFFFFFFFFFFFFFFFFFFFFFFFFFFFFFFFC3
:106DE000FFFFFFFFFFFFFFFFFFFFFFFFFFFFFFFFB3
:106DF000FFFFFFFFFFFFFFFFFFFFFFFFFFFFFFFFA3
:106E0000FFFFFFFFFFFFFFFFFFFFFFFFFFFFFFFF92
:106E1000FFFFFFFFFFFFFFFFFFFFFFFFFFFFFFFF82
:106E2000FFFFFFFFFFFFFFFFFFFFFFFFFFFFFFFF72
:106E3000FFFFFFFFFFFFFFFFFFFFFFFFFFFFFFFF62
:106E4000FFFFFFFFFFFFFFFFFFFFFFFFFFFFFFFF52
:106E5000FFFFFFFFFFFFFFFFFFFFFFFFFFFFFFFF42
:106E6000FFFFFFFFFFFFFFFFFFFFFFFFFFFFFFFF32
:106E7000FFFFFFFFFFFFFFFFFFFFFFFFFFFFFFFF22
:106E8000FFFFFFFFFFFFFFFFFFFFFFFFFFFFFFFF12
:106E9000FFFFFFFFFFFFFFFFFFFFFFFFFFFFFFFF02
:106EA000FFFFFFFFFFFFFFFFFFFFFFFFFFFFFFFFF2
:106EB000FFFFFFFFFFFFFFFFFFFFFFFFFFFFFFFFE2
:106EC000FFFFFFFFFFFFFFFFFFFFFFFFFFFFFFFFD2
:106ED000FFFFFFFFFFFFFFFFFFFFFFFFFFFFFFFFC2
:106EE000FFFFFFFFFFFFFFFFFFFFFFFFFFFFFFFFB2
:106EF000FFFFFFFFFFFFFFFFFFFFFFFFFFFFFFFFA2
:106F0000FFFFFFFFFFFFFFFFFFFFFFFFFFFFFFFF91
:106F1000FFFFFFFFFFFFFFFFFFFFFFFFFFFFFFFF81
:106F2000FFFFFFFFFFFFFFFFFFFFFFFFFFFFFFFF71
:106F3000FFFFFFFFFFFFFFFFFFFFFFFFFFFFFFFF61
:106F4000FFFFFFFFFFFFFFFFFFFFFFFFFFFFFFFF51
:106F5000FFFFFFFFFFFFFFFFFFFFFFFFFFFFFFFF41
:106F6000FFFFFFFFFFFFFFFFFFFFFFFFFFFFFFFF31
:106F7000FFFFFFFFFFFFFFFFFFFFFFFFFFFFFFFF21
:106F8000FFFFFFFFFFFFFFFFFFFFFFFFFFFFFFFF11
:106F9000FFFFFFFFFFFFFFFFFFFFFFFFFFFFFFFF01
:106FA000FFFFFFFFFFFFFFFFFFFFFFFFFFFFFFFFF1
:106FB000FFFFFFFFFFFFFFFFFFFFFFFFFFFFFFFFE1
:106FC000FFFFFFFFFFFFFFFFFFFFFFFFFFFFFFFFD1
:106FD000FFFFFFFFFFFFFFFFFFFFFFFFFFFFFFFFC1
:106FE000FFFFFFFFFFFFFFFFFFFFFFFFFFFFFFFFB1
:106FF000FFFFFFFFFFFFFFFFFFFFFFFFAE5EC523A9
:00000001FF
