:020000040200F8
:10200000A816002011210002192100021B21000244
:102010001D2100021F210002212100020931004080
:10202000000000000000000000000000232100026A
:1020300025210002000000002721000229210002C2
:102040002B2100022B2100022B2100022B21000258
:102050002B2100022B2100022B2100022B21000248
:102060002B2100022B2100022B2100022B21000238
:102070002B2100022B2100022B2100022B21000228
:102080002B2100022B2100022B2100022B21000218
:102090002B2100022B2100022B2100022B21000208
:1020A0002B2100022B2100022B2100022B210002F8
:1020B0002B2100022B2100022B210002812800028B
:1020C0002B2100022B2100022B2100022B210002D8
:1020D0002B2100022B2100022B2100022B210002C8
:1020E0002B2100022B2100022B2100022B210002B8
:1020F0002B2100022B2100022B210002DFF80CD043
:1021000000F00CFB0048004749690002A8160020B7
:102110000648804706480047FEE7FEE7FEE7FEE781
:10212000FEE7FEE7FEE7FEE7FEE7FEE7D567000213
:10213000FD2000022DE9F05F0546002092469B46F7
:1021400088460646814640241BE0284641464746CD
:10215000224600F0BEF953465A46C01A914110D3A8
:1021600011461846224600F0A5F92D1A67EB010822
:102170004F4622460120002100F09CF917EB000990
:102180004E41201EA4F10104DFDC484631462A46B8
:102190004346BDE8F09F40EA01039B0703D009E0F6
:1021A00008C9121F08C0042AFAD203E011F8013B43
:1021B00000F8013B521EF9D27047D2B201E000F89C
:1021C000012B491EFBD270470022F6E710B51346DB
:1021D0000A4604461946FFF7F0FF204610BD30B509
:1021E00004460020034600E05B1C934203D2E05CFF
:1021F000CD5C401BF8D030BD30B50546002003460D
:1022000000E05B1C934205D2EC5CC85C201A01D153
:10221000002CF6D130BD0022CBB20178994200D11A
:102220000246401C0029F8D1104670472DE9F041C4
:102230000E460546002400E0641C285D00F06BF9A2
:102240000746305D00F067F9381A02D1295D002990
:10225000F2D1BDE8F0812DE9FE4F804681EA03000E
:10226000C00F0C46009021F0004123F00045B8EB70
:102270000200A94105D24046214690461C460B4625
:10228000024623F00040104347D0270DC7F30A0051
:10229000C3F30A510290401A019040286BDAC3F34D
:1022A000130040F4801B0098924620B10023D2EB2B
:1022B000030A63EB0B0B01985946C0F140025046EC
:1022C00000F0F8F806460D4650465946019A00F0CF
:1022D00010F910EB08006141002487EA115284EAEA
:1022E000E7731A4340D0009A62B3019A012A4FEA79
:1022F000075215DC001B61EB02014FF0004202EABD
:102300000752CDE90042001C41F5801132462B46B0
:1023100000F016F903B0BDE8F08F40462146F9E71A
:10232000001B61EB0201001C41F5801300185B41AA
:102330002018A2F5001747EB030140EAD570B61943
:102340006D4111E06D084FEA360645EAC0754FEA67
:102350000752001B61EB0201001C41F58011490886
:102360004FEA30000019514132462B4603B0BDE818
:10237000F04F00F0D6B80098012240000023D0EBC7
:10238000020263EBE073009821464FEAE074B8EB79
:10239000000061EB0401E9E783F000435BE781F0B3
:1023A000004158E72DE9FE4F81EA030404F00044A0
:1023B00021F0004100944FF0000B23F0004350EA5D
:1023C00001045ED052EA03045BD0C3F30A54C1F3A4
:1023D0000A552C44A4F2F3340194A0FB0254C1F337
:1023E000130141F48011C3F3130343F4801301FB81
:1023F000024400FB034E840A970A44EA815447EAE8
:102400008357A4FB076802958D0A05FB07854FEAF1
:10241000932C04FB0C542705029D4FEA065847EA0B
:102420001637B5EB08056EEB070C870E920E47EAE0
:10243000811742EA8312A7FB0201B6EB0B0164EBA2
:1024400000042B0D43EA0C335E1844EB1C50DA46B3
:102450005146E7FB0201C5F313044FEA0B3343EA8D
:1024600014534FEA0432019C43EA0603A4F10C041E
:102470000294009CCDE900B400F062F803B0BDE81E
:10248000F08F00200146F9E730B50B4601460020E9
:102490002022012409E021FA02F59D4205D303FA26
:1024A00002F5491B04FA02F52844151EA2F10102A7
:1024B000F1DC30BD202A04DB203A00FA02F10020D2
:1024C00070479140C2F1200320FA03F31943904072
:1024D0007047202A04DB203A21FA02F000217047DD
:1024E00021FA02F3D040C2F120029140084319467C
:1024F0007047202A06DBCB17203A41FA02F043EA64
:10250000E07306E041FA02F3D040C2F120029140AC
:10251000084319467047A0F14101192900D820301D
:10252000704710B5141E73F1000408DA401C41F125
:10253000000192185B411A4301D120F0010010BD47
:102540002DE9F04D92469B4611B1B1FA81F202E0BD
:10255000B0FA80F220329046FFF7ACFF04460F46F7
:1025600040EA0A0041EA0B0153465A46084313D099
:10257000114653EA010019D0C8F140025046FFF756
:10258000A8FF05460E46504659464246FFF792FFC1
:10259000084305D0012004E020463946BDE8F08D0F
:1025A0000020054346EAE0762C4337430A9863054A
:1025B000E40AA0EB08000022FD0A44EA47540A306E
:1025C00002D500200146E9E7010510196941DDE95E
:1025D000084500196941BDE8F04DA2E72DE9F04D2D
:1025E00081EA030404F0004B21F0004514464FF04B
:1025F000000A23F0004150EA050220D054EA01020B
:102600001DD0C5F30A570246C5F31303C1F31300E7
:10261000C1F30A5640F4801543F48013A7EB060873
:10262000101BD64608F2FD3873EB050002D308F103
:10263000010801E092185B41B8F1000F03DA0020B5
:102640000146BDE8F08D00204FF480110646844617
:102650000EE0171B73EB050705D3121B63EB050395
:1026600006434CEA010C49084FEA300092185B41DE
:1026700050EA0107EDD152EA030012D082EA0400C9
:1026800083EA0501084305D0101BAB4106D20122A5
:10269000002306E000224FF0004302E06FF0010249
:1026A00053101AEB06004CEB085110EB0A0041EBFB
:1026B0000B01BDE8F04DFFF734BFC1F30A52C1F37F
:1026C000130140F2FF3341F480119A4202DA0020F4
:1026D0000146704740F233439A42A2F2334202DC91
:1026E0005242FFF7F6BEFFF7E5BE000030B5041E0C
:1026F00071F1000404DB4FF00044404264EB01013F
:10270000141E73F1000405DB1C464FF000435242D7
:1027100063EB0403994208BF904230BD1CB50948E1
:102720000090094801900546009C06E0E06840F0F2
:10273000010394E8070098471034AC42F6D3FFF742
:10274000E1FC0000E4D6000204D7000282B0019050
:102750008DF803108DF802209DF8020050B1FFE7BC
:102760009DF80310012000FA01F201990868104356
:10277000086009E09DF80310012000FA01F20199B8
:10278000086890430860FFE702B0704784B08DF896
:102790000F009DF80F1045F20000C4F2010014294B
:1027A000C4BF46F20000C4F2010002909DF80F0081
:1027B000152805DBFFE79DF80F001538009003E0B2
:1027C0009DF80F000090FFE7009801900298006AC2
:1027D0000199C84000F0010004B0704780B586B090
:1027E0008DF817008DF816109DF8171045F20000AF
:1027F000C4F201001429C4BF46F20000C4F2010073
:1028000004909DF81700152805DBFFE79DF81700D9
:102810001538029003E09DF817000290FFE7029838
:1028200003909DF81600032817D0FFE7049828307E
:102830009DF80C109DF81620002A18BF0122FFF702
:1028400085FF049834309DF80C109DF81620B2FADC
:1028500082F25209FFF77AFF0FE0049828309DF8C2
:102860000C1000220192FFF771FF019A0498343096
:102870009DF80C10FFF76AFFFFE706B080BD00006F
:1028800080B582B001900020009001F0BDFD00985D
:1028900002B080BD86B08DF817008DF816109DF837
:1028A00017000490049900201F29C8BF012003903D
:1028B000049800F01F01012088400290039946F21D
:1028C0008000C4F2000000EB81000190039946F201
:1028D0008800C4F2000000EB810000909DF8160013
:1028E00030B9FFE7029A019908689043086016E042
:1028F0009DF81600012806D1FFE7029A00990868A2
:102900001043086005E0029A009908689043086047
:10291000FFE7029A0199086810430860FFE700206A
:1029200006B0704780B584B08DF80B008DF80A10A2
:102930009DF80B00102805D1FFE79DF80A0011282B
:1029400004D0FFE74FF0FF30039013E046F264003D
:10295000C4F200000090012201920323114604F00A
:10296000E7FD0098019A0423114604F0E1FD0020E0
:102970000390FFE7039804B080BD000080B586B0E7
:102980008DF8160004919DF8160040F61C22C2F244
:1029900000024FF4137110FB01204C300390002013
:1029A00002908DF8070004981F281ED0FFE7FFE76C
:1029B0004DF28B20C0F2002009F0F4FD4DF2D6104C
:1029C000C0F2002009F0EEFD4DF29E20C0F2002082
:1029D00009F0E8FDFFE79DF816004FF4A42100F090
:1029E0003FF900208DF8170036E19DF8160040F6FB
:1029F0001C22C2F200024FF4137110FB01239868ED
:102A000098629DF8160010FB0123D868D8629DF8E3
:102A1000160010FB0120406845F25531C4F24231E6
:102A200088421CD1FFE79DF8160040F61C22C2F236
:102A300000024FF4137110FB0120807C01280EDB93
:102A4000FFE79DF8160040F61C22C2F200024FF488
:102A5000137110FB0120807C11280ADBFFE79DF831
:102A600016004FF4A42100F0FBF800208DF81700A9
:102A7000F2E09DF8160040F61C22C2F200024FF46C
:102A8000137110FB0120C07C01460091A8B3FFE741
:102A9000009803283AD0FFE7009812283FD0FFE7BC
:102AA00000981A2856D0FFE700981B2840D0FFE76F
:102AB00000981E2845D0FFE7009823285CD0FFE748
:102AC0000098252861D0FFE70098282866D0FFE706
:102AD00000982A2874D0FFE700982F2800F0828001
:102AE000FFE700985A283ED0FFE70098A8285ED05C
:102AF000FFE70098AA286CD078E09DF8160003A99B
:102B000002AA00F065FF8DF8070079E09DF8160035
:102B100003A902AA00F076FE8DF8070070E09DF888
:102B2000160003A902AA00F0BFF88DF8070067E0BD
:102B30009DF8160003A902AA00F0DCFE8DF807003C
:102B40005EE09DF8160003A902AA00F039FA8DF89C
:102B5000070055E09DF8160003A902AA00F0CCF981
:102B60008DF807004CE09DF8160003A902AA00F0BA
:102B70006BF98DF8070043E09DF8160003A902AA3F
:102B800000F0B8FD8DF807003AE09DF8160003A9A3
:102B900002AA00F01DFD8DF8070031E09DF8160037
:102BA0000022114600F0AEFB8DF8070028E09DF8EA
:102BB00016000022114600F057FC8DF807001FE0B8
:102BC0009DF816000022114600F02CFF8DF807003A
:102BD00016E09DF816000022114600F0E3FF8DF884
:102BE00007000DE000208DF8070009E09DF81600B1
:102BF0004FF4A42100F034F800208DF80700FFE71F
:102C0000FFE79DF80700C007F8B1FFE79DF8160041
:102C10004FF41371414340F61C20C2F20000405CA7
:102C200090B9FFE7029840B1FFE79DF816000399BD
:102C30009DF8082007F03EFD05E09DF816000021F4
:102C400007F004FDFFE7FFE7FFE79DF8070000F04E
:102C500001008DF81700FFE79DF8170006B080BD52
:102C600082B08DF807000091BDF802009DF80710B2
:102C700040F61C23C2F200034FF4137211FB023121
:102C800081F836000098000A9DF8071011FB023108
:102C900081F8370000989DF8071011FB023181F888
:102CA000380002B07047000080B594B08DF84E0037
:102CB0001291119224228DF843204FF40040ADF878
:102CC00040004FF000700F904FF020300E9048F20F
:102CD0000000C0F600000D904CF69661C0F2002195
:102CE00004A80390FFF757FA039808304DF2B1613A
:102CF000C0F2002101910022029205F0E7FA019949
:102D0000029A0398103005F0E1FA039820304DF252
:102D10009921C0F20021042205F0D8FA9DF84E0056
:102D200040F61C22C2F200024FF4137110FB012086
:102D3000C06850B9FFE79DF84E004FF4A421FFF79B
:102D40008FFF00208DF84F0079E09DF84E0040F68F
:102D50001C22C2F200024FF4137110FB0120007D0F
:102D6000C00700283FD0FFE79DF84E0040F61C2228
:102D7000C2F200024FF4137110FB0120407D58B9DC
:102D8000FFE706208DF84300129800689DF8432065
:102D90000FA905F09BFA25E09DF84E0040F61C2295
:102DA000C2F200024FF4137110FB0120407D802815
:102DB0000BD1FFE708208DF84300129800689DF8BA
:102DC00043200DA905F082FA0BE09DF84E0042F277
:102DD0000041C0F20501FFF743FF00208DF84F00CE
:102DE0002DE0FFE723E09DF84E0040F61C22C2F2E2
:102DF00000024FF4137110FB0120C07D23280EDC6C
:102E0000FFE79DF84E0040F61C22C2F200024FF48C
:102E1000137110FB0120C07D8DF84300FFE712986D
:102E200000689DF8432004A905F050FAFFE79DF8DB
:102E300043001199086001208DF84F00FFE79DF8CD
:102E40004F0014B080BD000080B58CB08DF82E000E
:102E50000A9109921B208DF823009DF82E0040F660
:102E60001C22C2F200024FF4137110FB0120C06853
:102E700050B9FFE79DF82E004FF4A421FFF7F0FEB4
:102E800000208DF82F0033E09DF82E0040F61C2224
:102E9000C2F200024FF4137110FB0120C07E1A2809
:102EA0000EDCFFE79DF82E0040F61C22C2F2000265
:102EB0004FF4137110FB0120C07E8DF82300FFE753
:102EC0004CF6BA61C0F2002102A801901B22FFF764
:102ED00062F901990A9800689DF8232005F0F6F937
:102EE0009DF823000999086001208DF82F00FFE765
:102EF0009DF82F000CB080BD80B586B08DF816000F
:102F00000491039204208DF80B009DF8160040F602
:102F10001C22C2F200024FF4137110FB0120C068A2
:102F200050B9FFE79DF816004FF4A421FFF798FE73
:102F300000208DF817003FE09DF8160040F61C2297
:102F4000C2F200024FF4137110FB0120C07D032870
:102F50000EDCFFE79DF8160040F61C22C2F20002CC
:102F60004FF4137110FB0120C07D8DF80B00FFE7BB
:102F7000032001909DF8160040F61C22C2F20002C8
:102F80004FF4137110FB012090F83400C00720B1FA
:102F9000FFE780208DF80600FFE7049800689DF8A1
:102FA0000B2001A905F092F99DF80B000399086028
:102FB00001208DF81700FFE79DF8170006B080BDCF
:102FC00080B584B08DF80E00029101929DF80E003C
:102FD00040F61C22C2F200024FF4137110FB0120D4
:102FE000C06850B1FFE79DF80E004FF4A421FFF731
:102FF00037FE00208DF80F0017E09DF80E0040F618
:103000001C22C2F200024FF4137110FB0120C07D9C
:1030100008B9FFE700E0FFE7029900200860019986
:10302000086001208DF80F00FFE79DF80F0004B045
:1030300080BD000080B584B08DF80E009DF80E00B4
:1030400040F61C22C2F200024FF4137110FB012162
:10305000086C4A7C01EB8201496C41430020B0EBD3
:10306000512F12D1FFE79DF80E0040F61C22C2F24C
:1030700000024FF4137110FB0121086C4A7C01EB34
:103080008201496C4843019003E04FF400700190C5
:10309000FFE7019802909DF80E0040F61C22C2F254
:1030A00000024FF4137110FB0123597CDA6B4C338F
:1030B000DDF808C0EE46CEF800C007F09FFA60B118
:1030C000FFE79DF80E0041F20011C0F20401FFF786
:1030D000C7FD00208DF80F005DE002989DF80E30CE
:1030E00040F61C22C2F200024FF4137113FB0123BD
:1030F00093F811C003EB8C0CDCF844C0B0FBFCFC73
:10310000D86B6044D86302989DF80E3013FB0123FE
:1031100093F811C003EB8C0CDCF844C0B0FBFCFC52
:10312000186CA0EB0C001864DDF808C09DF80E00C8
:1031300010FB0123D86AA0EB0C00D8629DF80E00AA
:1031400010FB0120006C68B9FFE79DF80E004FF4FA
:10315000137100FB01F240F61C21C2F200010320B2
:103160008854FFE79DF80E0040F6B841C2F2000116
:1031700001EB0011097A40F61C23C2F200034FF460
:10318000137210FB02324C32029B06F0E3FA01206C
:103190008DF80F00FFE79DF80F0004B080BD000020
:1031A00080B586B08DF816000491002003909DF83C
:1031B000160040F61C22C2F200024FF4137110FBFD
:1031C0000123597CDA6B4C33DDF810C0EE46CEF8A3
:1031D00000C007F027FA60B1FFE79DF8160040F243
:1031E0000031C0F20401FFF73BFD00208DF817000D
:1031F00083E004989DF8163040F61C22C2F20002CB
:103200004FF4137113FB012393F811C003EB8C0CE3
:10321000DCF844C0B0FBFCFCD86B6044D863049875
:103220009DF8163013FB012393F811C003EB8C0CAF
:10323000DCF844C0B0FBFCFC186CA0EB0C0018647C
:10324000DDF810C09DF8160010FB0123D86AA0EB32
:103250000C00D8629DF8160010FB0120006C30B9FC
:10326000FFE79DF81600002107F0F0F941E09DF816
:10327000160040F61C22C2F200024FF4137110FB3C
:103280000121086C4A7C01EB8201496C414300201A
:10329000B0EB512F12D1FFE79DF8160040F61C222B
:1032A000C2F200024FF4137110FB0121086C4A7C3A
:1032B00001EB8201496C4843029003E04FF4007037
:1032C0000290FFE7029803909DF81600020140F675
:1032D000B841C2F20001895C40F61C23C2F200032F
:1032E0004FF4137210FB02324C32039B06F022F8AB
:1032F000FFE701208DF81700FFE79DF8170006B0E3
:1033000080BD000080B584B08DF80E00029101925E
:103310009DF80E0040F61C22C2F200024FF4137119
:1033200010FB0120007C000600280DD5FFE79DF86A
:103330000E0040F61C22C2F200024FF4137110FB83
:103340000120C06850B9FFE79DF80E004FF4A4219A
:10335000FFF786FC00208DF80F0081E09DF80E003D
:1033600040F61C22C2F200024FF4137110FB01233D
:10337000D3F8150000BAD8639DF80E0010FB0123A6
:10338000588B40BA18649DF80E0010FB0121C86BE1
:103390000A6C10444A7C01EB8201896C884220D976
:1033A000FFE79DF80E0042F20011C0F20501FFF7A1
:1033B00057FCFFE74DF28B20C0F2002009F0F2F835
:1033C0004DF2EC10C0F2002009F0ECF84DF29E2016
:1033D000C0F2002009F0E6F8FFE700208DF80F00AA
:1033E0003EE09DF80E0040F61C22C2F200024FF4AF
:1033F000137110FB0122D068116C537C02EB830225
:10340000526C5143884218D0FFE7FFE74DF28B2002
:10341000C0F2002009F0C6F84DF24020C0F20020B2
:1034200009F0C0F84DF29E20C0F2002009F0BAF871
:10343000FFE700208DF80F0012E09DF80E004FF41A
:10344000137100FB01F240F61C21C2F200010220C0
:1034500088549DF80E00FFF7EDFD8DF80F00FFE793
:103460009DF80F0004B080BD80B584B08DF80E00CB
:10347000029101929DF80E0040F61C22C2F2000259
:103480004FF4137110FB0120007C000600280DD5BD
:10349000FFE79DF80E0040F61C22C2F200024FF436
:1034A000137110FB0120C06850B9FFE79DF80E00B2
:1034B0004FF4A421FFF7D4FB00208DF80F0082E029
:1034C0009DF80E0040F61C22C2F200024FF4137168
:1034D00010FB0123D3F8150000BAD8639DF80E0045
:1034E00010FB0123D3F8190000BA18649DF80E00F0
:1034F00010FB0121C86B0A6C10444A7C01EB82016D
:10350000896C884220D9FFE79DF80E0042F2001135
:10351000C0F20501FFF7A4FBFFE74DF28B20C0F2DC
:10352000002009F03FF84DF2EC10C0F2002009F045
:1035300039F84DF29E20C0F2002009F033F8FFE781
:1035400000208DF80F003EE09DF80E0040F61C2292
:10355000C2F200024FF4137110FB0122D068116C0B
:10356000537C02EB8302526C5143884218D0FFE730
:10357000FFE74DF28B20C0F2002009F013F84DF266
:103580004020C0F2002009F00DF84DF29E20C0F25C
:10359000002009F007F8FFE700208DF80F0012E087
:1035A0009DF80E004FF4137100FB01F240F61C2150
:1035B000C2F20001022088549DF80E00FFF73AFD88
:1035C0008DF80F00FFE79DF80F0004B080BD0000EC
:1035D00080B588B08DF81E00069105929DF81E00FA
:1035E00040F61C22C2F200024FF4137110FB0120BE
:1035F000C06850B9FFE79DF81E004FF4A421FFF703
:103600002FFB00208DF81F006FE09DF81E0040F694
:103610001C22C2F2000200924FF41371019110FBC0
:103620000120437C00EB8300806C0138000E8DF894
:103630000C009DF81E0010FB0120437C00EB830072
:10364000806C0138000C8DF80D009DF81E0010FBF9
:103650000120437C00EB8300806C0138000A8DF868
:103660000E009DF81E0010FB0120437C00EB830040
:10367000806C01388DF80F009DF81E0010FB0120B2
:10368000437C00EB830090F847008DF810009DF814
:103690001E0010FB0120437C00EB8300B0F84600C5
:1036A0008DF811009DF81E0010FB0120437C00EBFB
:1036B0008300406C000A8DF812009DF81E0010FB7C
:1036C0000120417C00EB8100406C8DF813000698CE
:1036D000006803A90822029204F0F8FD02980599F7
:1036E000086001208DF81F00FFE79DF81F0008B05B
:1036F00080BD000080B588B08DF81E00069105924F
:103700009DF81E0040F61C22C2F200024FF4137115
:1037100010FB0120C06850B9FFE79DF81E004FF470
:10372000A421FFF79DFA00208DF81F0066E000201D
:103730008DF808008DF809008DF80A0008218DF831
:103740000B109DF81E3040F61C22C2F200024FF40E
:10375000137113FB012393F811C003EB8C0393F84F
:103760004B308DF80C309DF81E3013FB012393F87D
:1037700011C003EB8C03B3F84A308DF80D309DF87F
:103780001E3013FB012393F811C003EB8C039B6CD9
:103790001B0A8DF80E309DF81E3013FB012393F8A1
:1037A00011C003EB8C039B6C8DF80F3002238DF856
:1037B00010308DF811009DF81E0010FB0120437C95
:1037C00000EB8300406C000A8DF812009DF81E008B
:1037D00010FB0120417C00EB8100406C8DF8130050
:1037E0000698006802A90C22019204F06FFD01986E
:1037F0000599086001208DF81F00FFE79DF81F0064
:1038000008B080BD80B58AB08DF826000891079277
:1038100012208DF81B009DF8260040F61C22C2F2F3
:1038200000024FF4137110FB0120C06850B9FFE78C
:103830009DF826004FF4A421FFF712FA00208DF81E
:10384000270052E09DF8260040F61C22C2F200023A
:103850004FF4137110FB0120C07D11280EDCFFE72F
:103860009DF8260040F61C22C2F200024FF41371AC
:1038700010FB0120C07D8DF81B00FFE74CF6D561E1
:10388000C0F200210DF1090001901222FEF783FC25
:1038900001999DF8260040F61C23C2F200034FF464
:1038A000137210FB023090F836008DF80B009DF873
:1038B000260010FB023090F837008DF815009DF8B7
:1038C000260010FB023090F838008DF8160008989A
:1038D00000689DF81B2004F0F9FC9DF81B00079977
:1038E000086001208DF82700FFE79DF827000AB047
:1038F00080BD000080B584B08DF80E000291019269
:103900009DF80E0040F61C22C2F200024FF4137123
:1039100010FB0120C06850B1FFE79DF80E004FF486
:10392000A421FFF79DF900208DF80F004BE09DF8D2
:103930000E0040F61C22C2F200024FF4137110FB7D
:103940000120C07D00F00300012801D1FFE731E034
:103950009DF80E0040F61C22C2F200024FF41371D3
:1039600010FB0120C07D00F0030002280ED1FFE70C
:103970009DF80E0040F61C22C2F200024FF41371B3
:1039800010FB0121012081F8350012E09DF80E00A6
:1039900040F61C22C2F200024FF4137110FB01200A
:1039A000C07D00F00300032801D1FFE700E0FFE73E
:1039B000FFE7FFE7029900200860019908600120F5
:1039C0008DF80F00FFE79DF80F0004B080BD0000E8
:1039D00080B584B08DF80E00029101929DF80E0022
:1039E00040F61C22C2F200024FF4137110FB0120BA
:1039F000C06850B1FFE79DF80E004FF4A421FFF717
:103A00002FF900208DF80F0008E0029900200860CF
:103A10000199086001208DF80F00FFE79DF80F0065
:103A200004B080BD80B586B08DF816000491039275
:103A3000002002909DF8160040F61C22C2F20002FF
:103A40004FF4137110FB0120007C000600280DD4F8
:103A5000FFE79DF8160040F61C22C2F200024FF468
:103A6000137110FB0120C06850B9FFE79DF81600E4
:103A70004FF4A421FFF7F4F800208DF817008CE034
:103A80009DF8160040F61C22C2F200024FF413719A
:103A900010FB0123D3F8150000BAD8639DF8160077
:103AA00010FB0123588B40BA18649DF8160010FBD8
:103AB0000123186C93F811C003EB8C035B6C584323
:103AC00002909DF8160010FB0121C86B0A6C10448F
:103AD0004A7C01EB8201896C884218D9FFE7FFE735
:103AE0004DF28B20C0F2002008F05CFD4DF2EC108E
:103AF000C0F2002008F056FD4DF29E20C0F20020DA
:103B000008F050FDFFE700208DF8170045E09DF814
:103B1000160040F61C22C2F200024FF4137110FB93
:103B20000120C0680299884204D0FFE700208DF888
:103B3000170032E09DF816004FF4137100FB01F2FC
:103B400040F61C21C2F20001012088540299002095
:103B5000B0EB512F03D1FFE70298019003E04FF43F
:103B600000700190FFE7019802909DF81600020195
:103B700040F6B841C2F20001895C40F61C23C2F253
:103B800000034FF4137210FB02324C32029B05F01B
:103B9000D1FB01208DF81700FFE79DF8170006B054
:103BA00080BD000080B586B08DF8160004910392A8
:103BB000002002909DF8160040F61C22C2F200027E
:103BC0004FF4137110FB0120007C000600280DD477
:103BD000FFE79DF8160040F61C22C2F200024FF4E7
:103BE000137110FB0120C06850B9FFE79DF8160063
:103BF0004FF4A421FFF734F800208DF817008DE072
:103C00009DF8160040F61C22C2F200024FF4137118
:103C100010FB0123D3F8150000BAD8639DF81600F5
:103C200010FB0123D3F8190000BA18649DF81600A0
:103C300010FB0123186C93F811C003EB8C035B6C31
:103C4000584302909DF8160010FB0121C86B0A6CC6
:103C500010444A7C01EB8201896C884218D9FFE745
:103C6000FFE74DF28B20C0F2002008F09BFC4DF2E4
:103C7000EC10C0F2002008F095FC4DF29E20C0F23E
:103C8000002008F08FFCFFE700208DF8170045E0CA
:103C90009DF8160040F61C22C2F200024FF4137188
:103CA00010FB0120C0680299884204D0FFE7002081
:103CB0008DF8170032E09DF816004FF4137100FBE9
:103CC00001F240F61C21C2F2000101208854029941
:103CD0000020B0EB512F03D1FFE70298019003E0E1
:103CE0004FF400700190FFE7019802909DF81600D4
:103CF000020140F6B841C2F20001895C40F61C2383
:103D0000C2F200034FF4137210FB02324C32029BDA
:103D100005F010FB01208DF81700FFE79DF8170054
:103D200006B080BD80B582B08DF807008DF8061012
:103D30009DF8070000F0D8FA9DF8060000F028FA78
:103D400002B080BD80B582B001908DF803108DF86F
:103D500002209DF8030030B1FFE701980021012205
:103D600003F0CCFBFFE79DF803109DF802302820FC
:103D7000C4F20000012203F0FDFB9DF8030048B9E6
:103D8000FFE7019800F008F801980122114603F0BE
:103D9000B5FBFFE702B080BD81B000900099042020
:103DA000C8F20000886501B07047000080B582B09D
:103DB0008DF807009DF80700012100F025F802B0FA
:103DC00080BD000080B582B0019000208DF8030016
:103DD000FFE79DF80300182813DCFFE701989DF822
:103DE0000310C840C00728B1FFE79DF80300FFF7A4
:103DF000DDFFFFE7FFE79DF8030001308DF80300CA
:103E0000E7E702B080BD000080B586B08DF81700EE
:103E10008DF816109DF8170001460491182800F23D
:103E2000B3810499DFE811F019002A003B004C002F
:103E30005D006E007F009000A100B200CA00E300A8
:103E4000F4000D011E012F014001510162016B01BF
:103E500074017D0186019701A7019DF816100C20C1
:103E6000C4F20000152203F049FB9DF8161014203F
:103E7000C4F20000122203F041FB86E19DF8161007
:103E80000C20C4F20000162203F038FB9DF8161037
:103E90001420C4F20000122203F030FB75E19DF8FB
:103EA00016100C20C4F20000022203F027FB9DF83C
:103EB00016101420C4F20000002203F01FFB64E17E
:103EC0009DF816100C20C4F20000032203F016FB2C
:103ED0009DF816101420C4F20000012203F00EFB1E
:103EE00053E19DF816100C20C4F20000042203F0E8
:103EF00005FB9DF816101420C4F20000022203F006
:103F0000FDFA42E19DF816100C20C4F200000122D7
:103F100003F0F4FA9DF816101420C4F200001122E8
:103F200003F0ECFA31E19DF816100C20C4F2000009
:103F3000052203F0E3FA9DF816101420C4F20000E5
:103F40000A2203F0DBFA20E19DF816100C20C4F2DF
:103F50000000082203F0D2FA9DF816101420C4F2D3
:103F60000000092203F0CAFA0FE19DF816100C2098
:103F7000C4F20000092203F0C1FA9DF81610542083
:103F8000C4F200000C2203F0B9FAFEE09DF816100E
:103F90000C20C4F200000A2203F0B0FA9DF81610BB
:103FA0001420C4F200000390132203F0A7FA039830
:103FB0009DF81610142203F0A1FAE6E09DF8161001
:103FC0000C20C4F200000B22019203F097FA019A30
:103FD0009DF816101420C4F20000029003F08EFA2F
:103FE00002989DF81610102203F088FACDE09DF893
:103FF00016100C20C4F200000C2203F07FFA9DF88A
:1040000016100820C4F20000002203F077FABCE08A
:104010009DF816100820C4F200000C2203F06EFA7E
:104020009DF816100C20C4F200000D2203F066FA71
:104030009DF816101420C4F20000062203F05EFA68
:10404000A3E09DF816100C20C4F200000E2203F02D
:1040500055FA9DF816101420C4F20000072203F050
:104060004DFA92E09DF816100C20C4F200000F22C9
:1040700003F044FA9DF816101420C4F200000C223C
:1040800003F03CFA81E09DF816100C20C4F2000009
:10409000102203F033FA9DF816101420C4F2000029
:1040A000082203F02BFA70E09DF816100C20C4F2E1
:1040B0000000112203F022FA9DF816101420C4F219
:1040C0000000042203F01AFA5FE09DF816100C209D
:1040D000C4F20000122203F011FA9DF81610142009
:1040E000C4F20000052203F009FA4EE09DF8161014
:1040F0000C20C4F20000132203F000FA45E09DF802
:1041000016100C20C4F20000142203F0F7F93CE072
:104110009DF816100C20C4F20000002203F0EEF906
:1041200033E09DF816100C20C4F20000062203F0C4
:10413000E5F92AE09DF816100C20C4F200001722C1
:1041400003F0DCF99DF816101420C4F200000E22D2
:1041500003F0D4F919E09DF816108020C4F2000095
:104160000090052203F0CAF900989DF81610072266
:1041700003F0C4F909E09DF816100C20C4F2000009
:10418000192203F0BBF900E0FFE706B080BD000094
:1041900080B582B08DF807009DF8071041F200004D
:1041A000C4F214000022FFF7CDFD02B080BD000074
:1041B00080B582B00420C4F20000006840040028EA
:1041C0000DD5FFE700F012F800900021084602F03C
:1041D000E7FA01460098B0FBF1F0019003E000F02F
:1041E00031F80190FFE7019802B080BD80B584B03E
:1041F00040F2A810C4F210000068C00200281AD5CE
:10420000FFE74021C4F2000101910868C0F34500B6
:104210000968C1F3C5314843029000F013F80199D1
:104220000968C1F3C711A0FB0101029A0023FDF741
:1042300081FF039002E000200390FFE7039804B0A1
:1042400080BD000083B042F21000C4F2100000688C
:10425000C0F300208DF807009DF8070030B1FFE79C
:1042600043F20060C0F26E10029039E040F27C1020
:10427000C4F210000068C0F30430014600910F281A
:1042800028D80099DFE801F0080E26142626261A01
:10429000262626262626262041F20020C0F27A0075
:1042A00002901DE042F20040C0F2F400029017E0DC
:1042B00043F20060C0F26E10029011E044F600007C
:1042C000C0F2E81002900BE046F60040C0F2DC209D
:1042D000029005E049F20000C0F2D0300290FFE702
:1042E000029803B07047000080B582B08DF80700D7
:1042F0009DF807100020C4F214000122FFF722FDF0
:1043000002B080BD80B584B0ADF80E00BDF80E10CF
:104310008020C4F20000019004220292002303F0E6
:1043200029F90198029A012103F0E8F804B080BD50
:1043300080B582B08DF80700ADF80410BDF8040018
:1043400000F001019DF807001422002808BF132285
:104350000420C4F2000003F0D1F802B080BD0000D8
:1043600081B08DF803008DF802109DF8030060B154
:10437000FFE79DF802100120884040F0710040F2F4
:104380007411C4F21001086006E040F27411C4F226
:10439000100100200860FFE701B0704780B572B6D9
:1043A00040F20010C4F2100000684008C00798B145
:1043B000FFE742F20C01C4F21001086840F004006B
:1043C000086042F21401C4F2100142F60720CEF652
:1043D0009520086000F06EFC02F0C8F94EF6085116
:1043E000CEF2000142F20000C0F20020086062B686
:1043F00080BD000082B001908DF803109DF803008D
:104400000199086002B0704780B58EB08DF8370012
:104410009DF8370001F0B2F90C909DF8371040F686
:104420006840C2F2000000EBC10040684069C0076C
:10443000002840F02484FFE70C9810B9FFE700F053
:104440001EBC9DF83000C006002873D5FFE79DF81C
:10445000371040F66840C2F2000000EBC1014A6824
:10446000916921F0100191619DF8371000EBC100B6
:104470004068006A0B900B9800F00F000A900B98B0
:1044800000F4F0110220B0EB514F29D1FFE70B9857
:10449000C0F30A100790079808B3FFE79DF83700AC
:1044A00040F20071C2F20001059101EB00210A9A6D
:1044B00001EB0211D1F88C10BDF81C2001F020F89E
:1044C0000598079A9DF8371000EB01200A9900EB38
:1044D0000111D1F88C001044C1F88C00FFE71BE0FB
:1044E0000B9800F4F0110620B0EB514F12D1FFE70A
:1044F0000B98C0F30A1007909DF8370040F2007146
:10450000C2F2000101EB00212031BDF81C2000F0B7
:10451000F7FF00E0FFE7FFE79DF8371040F668403F
:10452000C2F2000000EBC1004168886940F0100051
:104530008861FFE79DF832000007002840F1D48031
:10454000FFE700200A909DF8370001F0C1F90990BB
:10455000FFE70998002800F0C680FFE79DF82400D7
:10456000C007002800F0B880FFE79DF837009DF8ED
:10457000281001F07FF908909DF82000C00700285E
:1045800000F09780FFE70A98002856D1FFE79DF8D2
:10459000371040F20070C2F2000000EB01200A99CF
:1045A00000EB0110D0F8900060B9FFE79DF83700EC
:1045B00040F20071C2F2000101EB0021203100F055
:1045C0006BFF39E09DF837C040F20072C2F2000282
:1045D00002EB0C200A9B00EB0310D0F8900040F691
:1045E0006841C2F2000101EBCC01496801EB4311C3
:1045F000D1F8101B6FF3DF41401A9DF8371002EB22
:1046000001210A9B01EB0311C1F894009DF83700CA
:1046100002EB00200A9900EB01100021C0F8901075
:104620009DF8370002EB00220A9B02EB0312D2F83E
:10463000942005F045FCFFE73AE09DF837C040F2D2
:104640000072C2F2000202EB0C200A9B00EB031086
:10465000D0F8900040F66841C2F2000101EBCC01B5
:10466000496801EB4311D1F8101B6FF3DF41401A89
:104670009DF8371002EB01210A9B01EB0311C1F8F1
:1046800094009DF8370002EB00200A9900EB01111D
:104690000020C1F890009DF837000A9902EB002233
:1046A00002EB0112D2F89420C9B205F009FCFFE731
:1046B000FFE79DF82000000700280CD5FFE79DF8D4
:1046C000370040F20071C2F2000101EB00212031FD
:1046D00005F0A4FBFFE7FFE70998400809900A9856
:1046E00001300A9035E7FFE79DF8320040070028C7
:1046F00040F1E980FFE700200A909DF8370001F0C3
:104700009BF80990FFE70998002800F0DB80FFE79D
:104710009DF82400C007002800F0CD80FFE79DF839
:1047200037009DF8281001F043F808909DF820000C
:10473000C007002800F0B180FFE70A98002872D176
:10474000FFE79DF837C040F20071C2F2000104910A
:1047500001EB0C200A9B00EB0310006B40F6684253
:10476000C2F2000202EBCC02526802EB4312D2F812
:1047700010296FF3DF42801A9DF8372001EB0222E7
:104780000A9B02EB031250639DF8370001EB0020F7
:104790000A9A00EB0212002010639DF8370001EB2B
:1047A00000210A9A01EB02114A6B802105F052FBAD
:1047B00004989DF8371000EB0120C08CD0B1FFE7C2
:1047C0009DF8371040F20070C2F2000000EB0120AB
:1047D00090F82000000600280CD4FFE79DF8370071
:1047E00040F20071C2F2000101EB0021203100F023
:1047F00053FE17E09DF8371040F20070C2F200003F
:1048000000EB0120C08C60B9FFE79DF8370040F253
:104810000071C2F2000101EB0021203100F03CFEEA
:10482000FFE7FFE738E09DF837C040F20072C2F2C0
:10483000000202EB0C200A9B00EB0310006B40F619
:104840006841C2F2000101EBCC01496801EB431160
:10485000D1F810196FF3DF41401A9DF8371002EBC1
:1048600001210A9B01EB031148639DF8370002EB1D
:1048700000200A9900EB0111002008639DF8370021
:104880000A9B43F0800102EB002202EB0312526B01
:10489000C9B205F0DFFAFFE7FFE79DF82000000648
:1048A000002807D5FFE79DF837009DF8281001F094
:1048B00095FAFFE7FFE70998400809900A98013048
:1048C0000A9020E7FFE79DF83100C006002840F17C
:1048D0002A81FFE79DF8371040F66840C2F20000D9
:1048E00000EBC1014A684FF4805151619DF83710C7
:1048F00000EBC1004168D1F8040820F00100C1F8C4
:1049000004089DF83700102100F0B2FE9DF8370032
:1049100000F058FE00208DF81B00FFE79DF81B00FB
:10492000052800F3C780FFE79DF81B00E8B9FFE703
:104930009DF8370040F66841C2F2000101EBC0006B
:1049400040689DF81B2000EB42124FF00060C2F857
:1049500000099DF8372001EBC20149689DF81B2032
:1049600001EB4211C1F8000B6AE09DF8371040F6E8
:104970006840C2F2000000EBC10040689DF81B10C7
:1049800000EB4110D0F80009C00F90B1FFE79DF88F
:10499000371040F66840C2F2000000EBC1004068EA
:1049A0009DF81B1000EB41114FF09040C1F8000939
:1049B00010E09DF8371040F66840C2F2000000EBAE
:1049C000C10040689DF81B1000EB41110020C1F8A8
:1049D0000009FFE79DF8371040F66840C2F200007A
:1049E00000EBC10040689DF81B1000EB4110D0F8AF
:1049F000000BC00F90B1FFE79DF8371040F66840FC
:104A0000C2F2000000EBC10040689DF81B1000EBF3
:104A100041114FF09040C1F8000B10E09DF83710A5
:104A200040F66840C2F2000000EBC10040689DF80B
:104A30001B1000EB41110020C1F8000BFFE7FFE75E
:104A40009DF8370040F66841C2F2000101EBC0005A
:104A500040689DF81B2000EB42100022C0F810298E
:104A60009DF8370001EBC00040689DF81B3000EB5B
:104A700043134FF6FF30C3F808099DF8373001EBB8
:104A8000C3035B689DF81BC003EB4C13C3F8102BEA
:104A90009DF8372001EBC20149689DF81B2001EB0E
:104AA0004211C1F8080BFFE79DF81B0001308DF89B
:104AB0001B0033E79DF8371040F66840C2F2000053
:104AC00000EBC1014A68D2F81C1841F00111C2F88C
:104AD0001C189DF8371000EBC1014A680921C2F883
:104AE00014189DF8371000EBC10041680120C1F88F
:104AF00010089DF8371040F20070C2F200000390D9
:104B000000EB01204FF48071FDF75EFB9DF837004C
:104B100005F02CFA03999DF8370001EB00212031B4
:104B200000F0BAFCFFE79DF83100800600282AD586
:104B3000FFE79DF8371040F66840C2F2000002908F
:104B400000EBC10041684FF4005048619DF8370008
:104B5000019040F24001C2F200010968009100F0AA
:104B6000DFFD00990246019800F0D4FF02989DF8FD
:104B7000371000EBC1004168D1F8040840F48070A0
:104B8000C1F80408FFE79DF83200800600280DD523
:104B9000FFE79DF8371040F66840C2F2000000EBD6
:104BA000C10041684FF400104861FFE79DF83200F2
:104BB000C00600280DD5FFE79DF8371040F6684085
:104BC000C2F2000000EBC10041684FF48010486160
:104BD000FFE79DF831000007002811D5FFE79DF899
:104BE000371040F66840C2F2000000EBC100416897
:104BF0004FF4006048619DF8370005F029FAFFE79F
:104C00009DF833000006002811D5FFE79DF8371006
:104C100040F66840C2F2000000EBC10041684FF06E
:104C2000004048619DF8370005F0F6F9FFE79DF870
:104C300030004007002821D5FFE79DF8371040F6E7
:104C40006840C2F2000000EBC100406840680B9071
:104C50009DF82C004007002801D5FFE700E0FFE7A2
:104C60000B9A9DF8371040F66840C2F2000000EB46
:104C7000C1004168486810434860FFE7FFE70EB095
:104C800080BD000081B08DF803009DF9030000286D
:104C90000ED4FFE79DF9031001F01F0201209040A0
:104CA0004A094EF20011CEF2000141F82200FFE75E
:104CB00001B07047BFF34F8F4EF60C51CEF200019A
:104CC000086800F4E0600422C0F2FA521043086061
:104CD000BFF34F8FFFE700BFFDE7000080B586B050
:104CE0008DF8170004910498C088B0F5807F21DD0D
:104CF000FFE704980078000600281AD4FFE7FFE7D2
:104D00004DF21B60C0F2002007F04CFC4DF25B50EE
:104D1000C0F2002007F046FC4DF29E20C0F20020B9
:104D200007F040FCFFE79DF81700802104F072FABD
:104D30004CE1FFE79DF8170040F60002C2F20002C6
:104D40004FF4077110FB012303F12C0098600498C5
:104D5000C0889DF8173013FB0123D8600498C088E1
:104D60009DF8173013FB012318619DF8170010FB05
:104D70000123002018759DF8170010FB01208068A2
:104D800003900498C088F0B1FFE70498007800060B
:104D9000002818D4FFE79DF8170040F60002C2F281
:104DA00000024FF4077110FB0123022083F82E014B
:104DB0009DF8170010FB01218A680499CB88002117
:104DC00004F0B8FA02E19DF81700049940F60003D8
:104DD000C2F200034FF4077210FB023202F110031B
:104DE00003AA05F07FFE98B9FFE79DF8170040F68B
:104DF0000002C2F200024FF4077110FB01210020F3
:104E000081F82E019DF81700802104F003FADDE0FF
:104E10009DF8170040F60002C2F200024FF407713D
:104E200010FB012000690499C98888420DD2FFE770
:104E30009DF8170040F60002C2F200024FF407711D
:104E400010FB01200069029003E00498C0880290E2
:104E5000FFE702989DF8173040F60002C2F2000208
:104E60004FF4077113FB0123D8609DF8170010FB66
:104E70000120C068B0F5807F27D9FFE7FFE74DF23A
:104E80001B60C0F2002007F08DFB4DF25B50C0F2BA
:104E9000002007F087FB4DF29E20C0F2002007F0B3
:104EA00081FBFFE79DF8170040F60002C2F2000206
:104EB0004FF4077110FB0121002081F82E019DF8AD
:104EC0001700802104F0A6F980E003989DF81710E0
:104ED00040F60003C2F200034FF4077211FB0231E7
:104EE0008968884210D0FFE79DF8170040F600025D
:104EF000C2F200024FF4077110FB0122039990687F
:104F0000D26803F0DFFA00E0FFE79DF8170040F6F3
:104F10000002C2F200024FF4077110FB0120C068CA
:104F200070B1FFE79DF8170040F60002C2F20002E0
:104F30004FF4077110FB0121012081F82E010DE0D3
:104F40009DF8170040F60002C2F200024FF407710C
:104F500010FB0121032081F82E01FFE79DF81700C7
:104F600040F60002C2F2000200924FF40771019174
:104F700010FB01218A68CB68802104F0EBFB009BC9
:104F8000019A0498C0889DF8171011FB0231096935
:104F900088421BD9FFE79DF8170040F60002C2F2D5
:104FA00000024FF4077110FB0120007C800668B9F5
:104FB000FFE79DF8170040F60002C2F200024FF42E
:104FC000077110FB012101200875FFE706B080BDC5
:104FD00080B502F021FC41F2E110C2F2000000783D
:104FE00001280FD1FFE741F2E010C2F20000007883
:104FF000022807D1FFE741F2E111C2F200010220CD
:105000000870FFE702F00AFC80BD000087B0059041
:10501000049103920498C0000399B0FBF1F0029050
:105020000298C009019001990298A0EBC11002906A
:105030000298013040080090019805994862BDF837
:10504000060018B9FFE7019820B9FFE74FF0FF30DD
:10505000069018E001984FF6FF71884204D1FFE7EF
:1050600005990020886207E001990298401A029091
:10507000009805998862FFE70598C06A0599C8629B
:1050800000200690FFE7069807B0704781B00090B7
:1050900000988069C0F3401001B0704780B584B0BB
:1050A00002900191009202990020086302994864DD
:1050B000029988630299486002994862029988625D
:1050C0000299C8620298019AD1681269FFF79EFF9F
:1050D00020B1FFE74FF0FF30039031E0019890F8E6
:1050E00000C041788378C278802000EA411040EA0D
:1050F0004C1040EA031040EAC20001F0030140EA0C
:1051000041000299C8620198B0F8090040BA0299BA
:1051100048630098029988630199087991F805C05D
:105120008B79CA79400240EA0C20184440EAC23028
:10513000097A40EA81300299086300200390FFE772
:10514000039804B080BD000084B0039002910298DF
:1051500020F00100019000209DF80C1049070090FC
:1051600051BBFFE703990020B1F1005F009023D30A
:10517000FFE70399002048F20002C2F200029142C8
:10518000009019D8FFE700209DF80810C90700908B
:1051900091B1FFE7019900204FF20002C0F2002216
:1051A0009142009008D3FFE701990020B1F1087FF8
:1051B00038BF01200090FFE7009800F0010004B024
:1051C0007047000070470000B0B54CF6E86CC0F2C4
:1051D000002CDCF80000DCF80420DCF80830DCF8F7
:1051E0000CE0DCF81040DCF8145040F2C061C2F270
:1051F00000014D610C61C1F80CE08B604A600860F1
:10520000DCF81800DCF81C20DCF82030DCF824C0C6
:10521000C1F824C00B62CA61886106F073FE46F2D1
:105220006110C0F2002006F063FE06F07FFB01462D
:1052300040F25800C2F20000016040F25001C2F298
:1052400000014FF400720A6040F24C03C2F2000306
:1052500001221A6000680968B0FBF1F040F24801D1
:10526000C2F20001086040F24401C2F2000140F6BF
:10527000E070C2F200000860B0BD000080B582B0EE
:1052800001900091FFE741F20000C4F20100FFF736
:10529000FDFE012801D1FFE7F5E70198017841F211
:1052A0000000C4F20100FFF7A5F8002002B080BDA5
:1052B00041F2E010C2F20000007841F2E111C2F2C6
:1052C00000010978401A18BF0120704780B582B0EC
:1052D000019001F0E3F88DF803004DF23A60C0F25E
:1052E000002007F05FF99DF8030002B080BD0000C8
:1052F00080B582B001904DF22F60C0F2002007F01F
:1053000051F901F0CBF88DF803009DF8030002B0CD
:1053100080BD000082B0019040F26800C2F200003F
:10532000006840F6C841C2F20001B1F80B20B0FBA2
:10533000F2F00090009A01980238497B00FB0120AE
:1053400002B0704780B588B00790069103208DF8B1
:10535000040000228DF8052001208DF806008DF84C
:1053600007208DF808008DF809008DF80A008DF8E7
:105370000B208DF80C208DF80D008DF80E0007988D
:1053800004900698059041F20000C4F2010001A9C2
:10539000FFF784FE08B080BD82B08DF807009DF84D
:1053A0000700C006002806D5FFE79DF8070000F0BB
:1053B0000F00009006E09DF8070000F00F00093094
:1053C0000090FFE70098C0B202B0704780B582B08D
:1053D000019000910198009900231A4601F098F875
:1053E000002818BF012002B080BD000084B00390E7
:1053F000029102990020092901902ED3FFE703981A
:10540000017800203A29019027D1FFE70398017A1B
:105410000120302900901DD0FFE70398017A012078
:105420003229009016D0FFE70398017A0120332932
:1054300000900FD0FFE70398017A012034290090F3
:1054400008D0FFE70398007A3538B0FA80F04009B9
:105450000090FFE700980190FFE7019800F001003D
:1054600004B0704780B582B08DF807009DF8071032
:1054700040F66840C2F2000000EBC1004168C86815
:1054800040F04000C8609DF8070000F03FFA00902F
:10549000009802B080BD000082B08DF80700009136
:1054A0009DF8071040F66840C2F2000000EBC10111
:1054B0004A680021C2F8101B9DF8071000EBC101DB
:1054C0004A68D2F8101B41F40021C2F8101B9DF865
:1054D000071000EBC1014A68D2F8101B41F0180117
:1054E000C2F8101B9DF8071000EBC1004168D1F80D
:1054F000100B40F0C040C1F8100B02B07047000024
:1055000086B08DF817000491ADF80E200498029033
:10551000BDF80E0003308008009000200190FFE7E6
:1055200001980099884216D2FFE79DF8171040F6BF
:105530006840C2F2000000EBC10040684FF48051A7
:10554000405802990860029804300290FFE70198E1
:1055500001300190E4E706B07047000086B08DF896
:1055600017008DF816100492ADF80E3004980290D2
:10557000BDF80E0003308008019000200090FFE786
:105580000098019988421AD2FFE7029800689DF8B6
:10559000172040F66841C2F2000101EBC2014968E0
:1055A0009DF8162001EB02314FF48052885002988A
:1055B00004300290FFE7009801300090E0E706B069
:1055C0007047000083B08DF8070000200090FFE7CF
:1055D00000980130009040F64151C0F2030188422A
:1055E00004D3FFE74FF0FF3002903DE0FFE79DF866
:1055F000071040F66840C2F2000000EBC1004068AE
:105600000069C00F0028E3D0FFE7002000909DF85C
:10561000071040F66840C2F2000000EBC10041688C
:1056200010200861FFE700980130009040F64151DA
:10563000C0F20301884204D3FFE74FF0FF3002902D
:1056400012E0FFE79DF8071040F66840C2F2000044
:1056500000EBC1004068006900F010001028E2D0A3
:10566000FFE700200290FFE7029803B070470000B8
:1056700084B08DF80B00019100200090FFE70098A6
:105680000130009040F64151C0F20301884204D33A
:10569000FFE74FF0FF3003903FE0FFE79DF80B106E
:1056A00040F66840C2F2000000EBC10040680069AB
:1056B000C00F0028E3D0FFE7002000900198800190
:1056C00020309DF80B2040F66841C2F2000101EB4A
:1056D000C20149680861FFE700980130009040F678
:1056E0004151C0F20301884204D3FFE74FF0FF307D
:1056F000039012E0FFE79DF80B1040F66840C2F2FD
:10570000000000EBC1004068006900F02000202884
:10571000E2D0FFE700200390FFE7039804B0704752
:1057200082B08DF807009DF8071040F66840C2F27D
:10573000000000EBC1004068D0F8080800F0060047
:105740000090009820B9FFE700208DF8060010E0D7
:105750000098022804D0FFE70098062804D1FFE74C
:1057600003208DF8060003E00F208DF80600FFE708
:10577000FFE79DF8060002B07047000082B08DF888
:1057800007009DF8071040F66840C2F2000000EBE9
:10579000C1014968496900919DF8071000EBC100FB
:1057A00040688169009808400090009802B07047F6
:1057B00084B08DF80F008DF80E109DF80F0040F6A4
:1057C0006841C2F2000101EBC0004068D0F8100847
:1057D00001909DF80F0001EBC0004068D0F834083C
:1057E000009000989DF80E2002F00F02D04000F0CB
:1057F0000102019840EAC21001909DF80F0001EBF0
:10580000C00040689DF80E2000EB4210D0F8080957
:10581000029002989DF80F2001EBC20149689DF8A3
:105820000E2001EB4211C1F80809029801990840C5
:105830000290029804B0704782B08DF807009DF87E
:10584000071040F66840C2F2000000EBC101496851
:10585000D1F8181800919DF8071000EBC1004068BE
:10586000D0F81C18009808400090BDF8000002B065
:105870007047000082B08DF807008DF806109DF883
:10588000070040F66841C2F2000101EBC000406829
:105890009DF8062000EB4210D0F8080B009000980D
:1058A0009DF8072001EBC20252689DF8063002EB1A
:1058B0004312C2F8080B00989DF8072001EBC201C3
:1058C0004968D1F8141808400090009802B0704759
:1058D00082B08DF807009DF8071040F66840C2F2CC
:1058E000000000EBC1014968D1F8181800919DF83B
:1058F000071000EBC1004068D0F81C180098084061
:105900000090BDF8020002B07047000080B584B07E
:105910008DF80B0000200190FFE701980130019005
:1059200040F64151C0F20301884204D3FFE74FF033
:10593000FF300390ACE0FFE79DF80B1040F66840A5
:10594000C2F2000000EBC10040680069C00F0028EF
:10595000E3D0FFE7002001909DF80B1040F668406F
:10596000C2F2000000EBC1004168086940F001008C
:1059700008619DF80B00010240F20070C2F20000C5
:10598000405844F20921C4F65471884234D8FFE7E4
:10599000FFE701980130019040F64151C0F2030148
:1059A000884218D3FFE7FFE74DF28B20C0F20020BA
:1059B00006F0F8FD4DF27730C0F2002006F0F2FD5F
:1059C0004DF29E20C0F2002006F0ECFDFFE74FF004
:1059D000FF3003905CE0FFE79DF80B1040F6684055
:1059E000C2F2000000EBC1004068006900F0010055
:1059F0000128CED0FFE748E0FFE701980130019091
:105A000040F64151C0F20301884218D3FFE7FFE797
:105A10004DF28B20C0F2002006F0C4FD4DF277302D
:105A2000C0F2002006F0BEFD4DF29E20C0F2002024
:105A300006F0B8FDFFE74FF0FF30039028E0FFE7E6
:105A40009DF80B1040F66840C2F2000000EBC10068
:105A50004068006980000028CFD5FFE79DF80B1053
:105A600040F66840C2F2000000EBC1014A681169CB
:105A700021F0010111619DF80B1000EBC10041689C
:105A8000086940F000500861FFE700200390FFE73D
:105A9000039804B080BD000080B582B08DF8070087
:105AA0008DF806109DF8071040F66840C2F200001D
:105AB00000EBC1004168C86820F0C040C8609DF894
:105AC000060001280ED1FFE79DF8071040F6684058
:105AD000C2F2000000EBC1004168C86840F000500D
:105AE000C86012E09DF8060070B9FFE79DF8071046
:105AF00040F66840C2F2000000EBC1004168C8688F
:105B000040F08040C860FFE7FFE7322002F0A0FFCE
:105B100002B080BD84B08DF80F0002918DF807208F
:105B20009DF80700032840F0B880FFE702984AF686
:105B3000C041C0F2D80188420BD3FFE702984EF271
:105B4000BF11C0F2E401884203D8FFE70F200090A4
:105B5000A2E002984EF2C011C0F2E40188420BD3D9
:105B6000FFE7029842F2FF31C0F2F401884203D805
:105B7000FFE70E2000908EE0029842F20041C0F252
:105B8000F40188420BD3FFE7029847F27F31C0F25D
:105B90000611884203D8FFE70D2000907AE00298B2
:105BA00047F28031C0F2061188420BD3FFE702981A
:105BB00044F69F11C0F21A11884203D8FFE70C2067
:105BC000009066E0029844F6A011C0F21A118842D3
:105BD0000BD3FFE7029842F6FF41C0F23111884231
:105BE00003D8FFE70B20009052E0029842F60051E4
:105BF000C0F2311188420BD3FFE702984AF23F41CD
:105C0000C0F24C11884203D8FFE70A2000903EE022
:105C100002984AF24041C0F24C1188420BD3FFE790
:105C2000029843F2FF51C0F26E11884203D8FFE799
:105C3000092000902AE0029843F20061C0F26E1140
:105C400088420BD3FFE702984AF61F31C0F2A61133
:105C5000884203D8FFE70820009016E002984AF631
:105C60002031C0F2A61188420BD3FFE7029844F21C
:105C7000FF71C0F2E811884203D8FFE707200090C7
:105C800002E006200090FFE7FFE7FFE7FFE7FFE7FE
:105C9000FFE7FFE7FFE7FFE70AE09DF8070018B915
:105CA000FFE70920009002E009200090FFE7FFE7EE
:105CB0009DF80F1040F66840C2F2000000EBC101F1
:105CC0004A68D16841F00701D1609DF80F1000EBE0
:105CD000C1014A68D16821F47051D160009901F086
:105CE0000F029DF80F1000EBC1004168C86840EA40
:105CF0008220C86004B0704783B08DF80B008DF827
:105D00000A10ADF808209DF80B1040F66840C2F26A
:105D1000000000EBC1004068406A00909DF80A0056
:105D200080B9FFE7BDF80810009840EA01409DF8EF
:105D30000B2040F66841C2F2000101EBC201496844
:105D4000886248E09DF80B1040F66840C2F20000FF
:105D500000EBC1004068816A009800EB11400090A0
:105D600000208DF80700FFE79DF807009DF80A1056
:105D7000013988421AD2FFE79DF80B1040F66840BF
:105D8000C2F2000000EBC10040689DF8071000EB74
:105D90008100D0F80411009800EB11400090FFE75B
:105DA0009DF8070001308DF80700DDE7BDF8081009
:105DB000009840EA01409DF80B2040F66841C2F28D
:105DC000000101EBC20149689DF80A2001EB820144
:105DD000C1F80001FFE703B07047000080B586B04E
:105DE0008DF817008DF816109DF8170040F200711D
:105DF000C2F2000101EB00209DF8162000EB021218
:105E0000106B526B801A049004989DF8172001EBD8
:105E100002219DF8162001EB0211098D88420FD94D
:105E2000FFE79DF8171040F20070C2F2000000EB8F
:105E300001209DF8161000EB0110008D0490FFE783
:105E40000498033080080390FFE79DF8171040F690
:105E50006840C2F2000000EBC10040689DF81610D7
:105E600000EB4110D0F8180981B2039A002091424A
:105E7000019025D3FFE79DF8171040F20070C2F2A1
:105E8000000000EB01209DF8161000EB0110026BE2
:105E9000416B00209142019012D2FFE79DF817104C
:105EA00040F20070C2F2000000EB01209DF81610D5
:105EB00000EB0110006B002818BF01200190FFE7E4
:105EC0000198C007002800F0E280FFE79DF8170066
:105ED00040F20071C2F2000101EB00209DF8162093
:105EE00000EB0212106B526B801A049004989DF81C
:105EF000172001EB02219DF8162001EB0211098DFC
:105F000088420FD9FFE79DF8171040F20070C2F2E7
:105F1000000000EB01209DF8161000EB0110008D31
:105F20000490FFE79DF8171040F20070C2F20000E5
:105F300000EB01209DF8161000EB011090F82A00EC
:105F4000012878D1FFE79DF8171040F66840C2F2AB
:105F5000000000EBC1004068D0F80808C005002828
:105F600023D4FFE79DF8171040F66840C2F2000006
:105F700000EBC10149689DF8162001EB4212D2F8EE
:105F8000001921F08051C2F800199DF8171000EB9C
:105F9000C10040689DF8161000EB4111D1F80009CE
:105FA00040F00050C1F8000922E09DF8171040F6BB
:105FB0006840C2F2000000EBC10149689DF816205C
:105FC00001EB4212D2F8001921F00051C2F8001979
:105FD0009DF8171000EBC10040689DF8161000EB0B
:105FE0004111D1F8000940F08050C1F80009FFE7E5
:105FF0009DF8171040F66840C2F2000000EBC101A6
:1060000049689DF8162001EB4212D2F8101921F0D0
:10601000C041C2F810199DF8171000EBC10040688C
:106020009DF8161000EB4111D1F8100940F0005016
:10603000C1F81009FFE79DF817009DF8161040F20F
:106040000072C2F20002009202EB002202EB011287
:10605000D26ABDF81030FFF781FA0098049B9DF8D2
:10606000171000EB01219DF8162001EB0212D16AF6
:106070001944D162049A9DF8171000EB01209DF895
:10608000161000EB0111486B10444863DDE69DF8E3
:10609000171040F20070C2F2000000EB01209DF8E2
:1060A000161000EB0111086B496B884217D8FFE707
:1060B0009DF8160000F00F01012088400290029A1E
:1060C0009DF8171040F66840C2F2000000EBC100D6
:1060D0004168D1F834089043C1F83408FFE706B0AE
:1060E00080BD000082B00190009100980199087075
:1060F0000098000A01994870BDF802000199887063
:106100009DF803000199C87002B0704782B00190F9
:1061100000910098019908700098000A0199487050
:10612000BDF80200019988709DF803000199C870BC
:1061300002B0704780B582B001904FF0FF30009000
:1061400001986946042201F0A5F802B080BD000064
:1061500084B003908DF80B100192009304B0704747
:1061600080B58AB009908DF823100792069309989C
:106170009DF82310079A069B05F0E2FE40F2C060EE
:10618000C2F2000090F82000032801D1FFE75DE093
:106190009DF8230002281FD1FFE7079840F2C06155
:1061A000C2F200010968884215D1FFE7069805F0A0
:1061B0009DFB0490069805F0A1FB0390099801F05F
:1061C000ABFA8DF8170007980399049A9DF81730D9
:1061D00001F02EFCFFE7FFE79DF8230020BBFFE75F
:1061E000099801F099FA03281DD0FFE7069805F0F9
:1061F00075FB8007002815D4FFE7099801F08CFA99
:106200008DF80B00069805F071FB0190069805F0DB
:1062100075FB009007980099019A9DF80B3001F0EA
:1062200007FCFFE7FFE7FFE79DF8230001280DD1FA
:10623000FFE7079840F2C061C2F200010968884296
:1062400003D1FFE701F0EEFAFFE7FFE70AB080BDF8
:1062500080B586B005900491039240F2C060C2F20E
:10626000000090F82200C00798B9FFE7049803994E
:10627000490201F01FFA8DF80B009DF80B0003286E
:1062800006D0FFE79DF80B00059901F067FBFFE7DB
:10629000FFE740F2C060C2F2000090F82200C007A1
:1062A000002865D0FFE7059840F2C061C2F2000106
:1062B0004968884201D2FFE75AE0059840F2C06180
:1062C000C2F20001C968884234D0FFE7059840F265
:1062D000C061C2F20001C968884229D2FFE740F2DA
:1062E000C060C2F200000069013038B9FFE70598CC
:1062F00040F2C061C2F200010861FFE740F2C060F5
:10630000C2F2000000690599884207D2FFE740F217
:10631000C060C2F200000069009002E005980090A1
:10632000FFE7009840F2C061C2F20001086100E09E
:10633000FFE71DE0039840020190019A40F2C0601F
:10634000C2F20000C1691144C1610599039A114468
:10635000C16090F82300C00720B1FFE7002001F0E2
:1063600001FC05E005980499019A01F0A1FAFFE704
:1063700006B080BD86B08DF8160045F65B40C7F6C6
:106380005D40049043F63C50C3F63E70039042F6E5
:106390002E70C3F63A30029042F62220C2F62B400D
:1063A00001909DF81600612809DBFFE79DF81600B3
:1063B0007A2804DCFFE700208DF8170029E09DF81B
:1063C00016001F2809DCFFE79DF81600052804D0F9
:1063D000FFE700208DF817001BE000200090FFE78A
:1063E00000980F2811D8FFE7009901A8405C9DF89C
:1063F0001610884204D1FFE700208DF8170008E04E
:10640000FFE7009801300090EAE701208DF81700BF
:10641000FFE79DF8170006B07047000080B584B014
:10642000029020208DF80600E520ADF80400002041
:106430000090FFE70098022811D8FFE7009901A813
:10644000405C02990978884204D1FFE700208DF86A
:106450000F001FE0FFE7009801300090EAE70020FE
:106460000090FFE700980A2810D8FFE702980099EB
:10647000405CFFF77FFF20B9FFE700208DF80F0099
:1064800008E0FFE7009801300090EBE701208DF86D
:106490000F00FFE79DF80F0004B080BD81B0002021
:1064A0008DF8020040F6DA70C2F2000001788DF833
:1064B0000110007820B9FFE702208DF8030023E0E7
:1064C00040F6DA71C2F20001002008709DF8010068
:1064D000012810D1FFE740F26C00C2F20000007802
:1064E000C00740B1FFE740F2E860C2F20000007868
:1064F000032804D0FFE725208DF80200FFE79DF870
:1065000002008DF80300FFE79DF8030001B070471B
:1065100080B586B00490039102928DF807300498FC
:1065200020B1FFE703980F2804D8FFE700208DF87B
:1065300017000CE0049805F069F820B1FFE703208C
:106540008DF8170003E000208DF81700FFE79DF895
:10655000170006B080BD000085B0DDF814C08DF8CE
:10656000130003918DF80B20019300208DF8030098
:10657000019A4FF20001C0F20021116005990860F4
:106580009DF8030005B0704780B582B040F6DA7020
:10659000C2F20000007820B1FFE702208DF807006A
:1065A0001AE040F27440C2F200003F21FBF70CFEFB
:1065B00040F6DA71C2F200010120087040F2E86191
:1065C000C2F200010020087040F26C01C2F200012A
:1065D00008708DF80700FFE79DF8070002B080BD46
:1065E00080B58EB00C900B910A920C9808900B9885
:1065F00007900A98069040F6DA70C2F20000007820
:10660000012804D0FFE702208DF83700A9E00B989D
:10661000B8B1FFE70A98A0B1FFE70C984FF200016C
:10662000C0F2002188420CD3FFE70C98400D1028DF
:1066300007D8FFE70A980C99C1F1087188420AD976
:10664000FFE740F6DA71C2F200010220087005206F
:106650008DF8370085E0FFE70698002871D0FFE746
:10666000089840F6FF7188430590059841F20001B3
:10667000CFF6FF510844000B0490049800F0070186
:10668000012088408DF80F009DF82000C0F5807033
:10669000099009980699884203D2FFE7099801906A
:1066A00002E006980190FFE7019809900498C1085C
:1066B00040F27440C2F20000405C9DF80F100842A6
:1066C0001BD1FFE70598FFF735FD50B1FFE740F616
:1066D000DA71C2F20001022008700F208DF8370035
:1066E0003FE09DF80F300498C20840F27441C2F2B6
:1066F0000001885C18438854FFE708980799099AB5
:1067000005F032FE0290029870B1FFE740F6DA71B0
:10671000C2F200010220087002991120022908BF6C
:1067200012208DF837001CE0099908980844089059
:10673000099907980844079009990698401A069005
:106740008AE740F2E861C2F200010320087040F2DB
:106750006C01C2F200010120087000208DF83700A2
:10676000FFE79DF837000EB080BD00004EF688515F
:10677000CEF20001086840F470000860BFF34F8F4C
:10678000BFF36F8F7047000080B582B00190009119
:1067900001A80021FEF772FD019802B080BD000043
:1067A00084B00390029103994FF0804050F821008B
:1067B0000299C84000F00F000190019818B9FFE756
:1067C0000120009002E001980090FFE7009804B0DB
:1067D0007047000080B500200121FDF7A3FA80BDBD
:1067E00080B584B0029002982E21FBF714FD019031
:1067F000019818B9FFE7002003900BE001984DF2D3
:10680000A861C0F20021FBF711FDB0FA80F0400949
:106810000390FFE7039804B080BD000081B08DF8BD
:1068200003009DF8030040F60002C2F200024FF49C
:10683000077110FB012090F82C01002818BF0120DF
:1068400001B0704783B08DF80B009DF80B00302825
:1068500007DBFFE79DF80B1001203A2901901EDBB2
:10686000FFE79DF80B00412807DBFFE79DF80B10C1
:1068700001204729019012DBFFE79DF80B10002053
:106880006129009008DBFFE79DF80B1000206729C5
:10689000B8BF01200090FFE700980190FFE7019842
:1068A00000F0010003B0704780B584B002900298F8
:1068B0002E21FBF7B0FC0190019818B9FFE70020EA
:1068C00003900BE001984DF2AD61C0F20021FBF79F
:1068D000ADFCB0FA80F040090390FFE7039804B0E4
:1068E00080BD000080B586B04FF20000C0F20020ED
:1068F000006802904FF20400C0F20020006801908E
:1069000002980199FEF720FC18B9FFE700200390D8
:1069100016E0019940F6CC60C2F20000016072B648
:1069200002990491049981F30888029905910599C7
:1069300081F3098862B60068804701200390FFE771
:10694000039806B080BD000080B588B00020079095
:106950004FF47A7106918DF81700FDF71FFD42F292
:106960001001C4F21001086820F0800008601520B2
:10697000FDF71CFA46F20001C4F20001086820F499
:10698000FE10086046F24C01C4F20001086840F4B1
:106990007820086002210846FBF77CFFFFE7069895
:1069A000411E069108B1FFE7F9E700200290FDF7CC
:1069B000FDF90120FDF7FAF9029902200390FBF797
:1069C0000DFF0398FBF7E2FE18B9FFE7FFF78AFF18
:1069D000FFE7002001900121FDF7AAFCFDF7E8FB8D
:1069E0004FF46121FEF7AEFCFDF700FC0490049922
:1069F0004DF2CC10C0F2002005F0D4FD019800212A
:106A0000C4F2180100F0F6F8FFE742F210700690A9
:106A10004FF47A7005F056F9FFE70698411E06918B
:106A200008B1FFE7F9E740F6D160C2F20000007854
:106A300070B1FFE79DF8170001308DF817009DF841
:106A40001700042803DBFFE700F0EAFEFFE703E09E
:106A500000208DF81700FFE7D7E7000080B584B06D
:106A60008DF80F008DF80E1002929DF80F004FF474
:106A70001371414340F61C20C2F20000405C014605
:106A80000191022808D0FFE70198032823D0FFE7EF
:106A90000198042825D041E09DF80F0040F61C2203
:106AA000C2F200024FF4137110FB0120C07C40F0D1
:106AB0008000A82800D00CE09DF80F00FCF7BAFA7F
:106AC00030B9FFE79DF80F00012103F0BFFD26E07C
:106AD00000E0FFE723E09DF80F00002103F0B6FD82
:106AE0001DE09DF80F004FF4137200FB02F140F619
:106AF0001C23C2F20003002058549DF80F004FEAF7
:106B0000001C40F6B841C2F2000111F80C1010FB55
:106B1000023204321F2302F00DFC00E0FFE704B054
:106B200080BD000080B584B08DF80F008DF80E1088
:106B300002929DF80F004FF41371414340F61C2060
:106B4000C2F20000405C0146019120B1FFE70198CC
:106B500001282CD04BE09DF80F000299FBF70EFFA7
:106B600020BBFFE7FFE74DF28B20C0F2002005F0CD
:106B700019FD9DF80F0040F61C22C2F200024FF4EE
:106B8000137110FB0120C17C4DF26F20C0F2002078
:106B900005F008FD4DF29E20C0F2002005F002FD38
:106BA000FFE79DF80F0003F0F7FB21E020E09DF8E0
:106BB0000F0040F61C22C2F200024FF4137110FBCA
:106BC0000120C07C40F08000AA2800D00DE09DF894
:106BD0000F000299FCF7E4FA30B9FFE79DF80F00C7
:106BE000012103F033FDFFE700E0FFE700E0FFE7EE
:106BF00004B080BD80B584B08DF80F0002910120F3
:106C000005F02EF805F07EF99DF80F004DF23011D9
:106C1000C0F2002101F0D6FE9DF80F00019040F671
:106C20007441C2F200010222812303F013FC0146E9
:106C3000019801F097FD9DF80F00029949F62D7219
:106C4000C0F2002203F052FB04B080BD80B586B0D4
:106C50008DF8130003910292019303984078014646
:106C60000091FE2809D0FFE70098FF2818D1FFE720
:106C70009DF8130003F0AAFC16E09DF8130040F6FF
:106C80001C22C2F200024FF4137110FB012090F895
:106C9000390002990968087001990120086003E031
:106CA0004FF0FF30059002E000200590FFE70598C7
:106CB00006B080BD80B584B08DF80F008DF80E1041
:106CC00002929DF80E000138014601910B2824D84C
:106CD0000199DFE801F00822222222220D2222223D
:106CE00006071BE01AE09DF80F0003F06FFC15E0AB
:106CF0009DF80F00020140F6B841C2F20001895C24
:106D000040F61C23C2F200034FF4137210FB023250
:106D100004321F2302F00EFB00E0FFE704B080BD49
:106D200080B584B003900291019200F073FD40F2AF
:106D30005400C2F200000078C00708B9FFE724E061
:106D400040F6DC71C2F200010020086040F2C06031
:106D5000C2F2000090F82000032801D1FFE714E000
:106D600003980299019A05F027F940F2C060C2F237
:106D7000000090F82000032801D1FFE705E0039808
:106D80000299019AFFF764FAFFE704B080BD0000A2
:106D900080B582B00190FFF7F7FB8DF803009DF8F6
:106DA000030002B080BD000080B584B0039003985A
:106DB0000190019840F20111FBF706FA00F070FB18
:106DC000019900200870FFF7DFFB8DF80B009DF89C
:106DD0000B0004B080BD000080B58CB0DDF840C071
:106DE000DDF83CC0DDF838C00A900991089207939D
:106DF0000A9809990844069005208DF81700109903
:106E00000020086040F6D870C2F20000007888B117
:106E1000FFE70A9800783A2807D1FFE740F6D871D3
:106E2000C2F200010020087003E000208DF8170076
:106E30000EE2FFE740F6B540C2F20000007838B33A
:106E4000FFE740F6B541C2F2000100200870079844
:106E500040F69041C2F2000104910A780431FBF738
:106E60009AF9049A117807980844079010990868CD
:106E700013781844086040F6C861C2F200014B88DC
:106E8000B2F8010040EA0340127810440860FFE7BE
:106E9000FFE70A980699884200F0D681FFE70A9832
:106EA0000078014603910A2808D0FFE703980D28CF
:106EB00004D0FFE703983A2801D018E0C0E140F67B
:106EC0009040C2F200002521FBF77EF940F6B64162
:106ED000C2F200010020087040F67041C2F20001C9
:106EE000087040F6D061C2F200010870A8E10A986B
:106EF0000078FFF7A7FC40B1FFE740F67040C2F210
:106F000000000078252804D3FFE706208DF817003D
:106F10009EE140F6B640C2F200000078002800F082
:106F20007581FFE70A980078FEF736FA00F00F0C3B
:106F300040F67040C2F20000037840F69042C2F280
:106F40000002D15C41EA0C01D15401780131017099
:106F5000007801280CD1FFE740F69040C2F2000013
:106F60000078212804D3FFE706208DF817006FE191
:106F700040F67040C2F20000007840F69041C2F244
:106F80000001097805318842C0F23F81FFE740F6F1
:106F90009040C2F2000004F07BFB20B9FFE7042020
:106FA0008DF8170054E140F6D060C2F2000000787E
:106FB000002840F02881FFE740F6D061C2F20001CE
:106FC0000120087040F69040C2F200000190B0F835
:106FD000010000F017FC01460198A0F80110C078EC
:106FE000014602910D2800F20C810299DFE811F0B0
:106FF0001C00A900AD000901DB000901090109011C
:10700000090109010E00090109011C0040F6904028
:10701000C2F200000179407940EA012040F25C01AF
:10702000C2F200010880EDE040F25C00C2F2000014
:107030000088D0B1FFE740F25C00C2F20000008897
:1070400040F26001C2F20001098888420DD0FFE7DA
:1070500040F25C00C2F20000008840F25E01C2F221
:1070600000010988884261D1FFE71098006840F666
:107070009041C2F20001097808440E9988420DD966
:10708000FFE740F6B541C2F200010120087002207E
:107090008DF817000A9801300A90D9E040F6C860D0
:1070A000C2F2000001684FF6FF7021EA000040F6CE
:1070B0009042C2F20002B2F80120104488420DD082
:1070C000FFE740F6B541C2F200010120087002203E
:1070D0008DF817000A9801300A90B9E040F6B541E2
:1070E000C2F2000100200870FFE7079840F69041C7
:1070F000C2F2000100910A780431FBF74CF8009AC3
:107100001178079808440790109908681378184474
:10711000086040F6C861C2F200014B88B2F8010075
:1071200040EA034012781044086009E040F6D87144
:10713000C2F200010120087000208DF8170087E0DE
:1071400060E001208DF8170082E007980E99109AF0
:107150001268891AFF22FBF730F840F6C861C2F2C4
:1071600000010868109A1268801A0F9A10600A9835
:1071700001300A900998069B0A9AD21A1044089A7C
:10718000106040F69042C2F200021079527900037A
:1071900040EA0210086002208DF817009DF81700E1
:1071A0008DF82F0072E007980E99109A1268891ACC
:1071B000FF22FBF702F840F6C861C2F2000108683E
:1071C000109A1268801A0F9A10600A9801300A907B
:1071D0000998069B0A9AD21A1044089A106040F641
:1071E0009042C2F2000210795279000640EA024051
:1071F000086002208DF817009DF817008DF82F0009
:1072000044E0FFE7FFE7FFE7FFE70FE00A980078B9
:10721000FEF7C2F8000140F67041C2F200010A78A0
:1072200040F69041C2F200018854FFE740F6B641B3
:10723000C2F200010878B0FA80F040090870FFE758
:107240000A9801300A9024E600208DF81700FFE725
:1072500007980E99109A1268891AFF22FAF7ADFF63
:1072600040F6C860C2F20000006810990968401A30
:107270000F9908600998069A0A99891A084408998A
:1072800008609DF817008DF82F00FFE79DF82F008C
:107290000CB080BD80B584B0039002910192039838
:1072A0000299019A43F69B33984704B080BD0000D1
:1072B00080B584B002900191009202980099084430
:1072C0004002B0F5806F03D9FFE70020039019E07A
:1072D00001984FF40071FAF777FF029870B9FFE751
:1072E000019840F27041C2F2000109684A0140F27F
:1072F0007001C2F20001FAF74EFFFFE7009840026A
:107300000390FFE7039804B080BD000080B586B00D
:107310000490039102924FF400700190049818B108
:10732000FFE7002005900AE00398019A40F2B4417B
:10733000C2F20001FAF72FFF01980590FFE70598C8
:1073400006B080BD83B0029001910092012003B08D
:107350007047000080B586B00490039102924FF40C
:1073600000700190049818B1FFE7002005900AE032
:107370000398019A40F6C841C2F20001FAF70BFFE8
:1073800001980590FFE7059806B080BD80B584B0F0
:107390000390029101920198400200900298009996
:1073A000FAF712FF009804B080BD000082B04FF0E1
:1073B000FF30019041F2E010C2F200000078022894
:1073C00020D1FFE740F2C060C2F2000090F8200038
:1073D00001460091032810D80099DFE801F0020669
:1073E0000A024FF4FA7001900BE044F6206001901D
:1073F00007E04FF4FA70019003E04FF4FA70019047
:10740000FFE73AE041F2E010C2F20000007858B91C
:10741000FFE741F2E110C2F200000078022803D138
:10742000FFE70020019027E041F2E010C2F20000E7
:10743000007801280CD1FFE741F2E110C2F2000010
:107440000078022804D1FFE740F6C410019012E052
:1074500041F2E010C2F20000007801280AD1FFE7F3
:1074600041F2E110C2F20000007818B9FFE70020F5
:107470000190FFE7FFE7FFE7FFE70198013018B948
:10748000FFE700200190FFE740F6DC70C2F2000049
:107490000168019A0020914288BF012002B0704724
:1074A00080B540F69040C2F200002521FAF78CFE2C
:1074B00040F6C861C2F200010020086040F6B64103
:1074C000C2F20001087040F67041C2F2000108707B
:1074D00040F6D061C2F20001087040F6B541C2F238
:1074E0000001087040F25C01C2F20001088040F621
:1074F000D871C2F20001087080BD000083B0029014
:107500008DF807108DF806209DF8061001208840A0
:10751000009002980068009988439DF807109DF834
:107520000620914008430299086003B070470000AC
:1075300085B0049003918DF80B208DF80A309DF8EA
:107540000B10012088400138019001989DF80A1025
:107550008840C0430090049800680099084003994F
:10756000019A11409DF80A2091400843049908604F
:1075700005B0704784B0039002918DF807208DF814
:1075800006309DF807100120884001389DF806104C
:1075900088400090039800680099884302999DF8FC
:1075A0000620914008430399086004B0704700002A
:1075B00080B582B040F6D970C2F20000007820B9E0
:1075C000FFE702208DF8070020E000F0A1F840F26C
:1075D0006400C2F200000068C16840F6D460C2F2E4
:1075E000000088478DF8060040F6D971C2F200010C
:1075F000002008709DF8060018B9FFE704F0CCFCE5
:10760000FFE79DF806008DF80700FFE79DF80700EB
:1076100002B080BD80B582B08DF8060040F6D9700A
:10762000C2F20000007820B1FFE702208DF80700C9
:107630003CE09DF80600022804DBFFE702208DF8FD
:10764000070033E000F066F840F6D460C2F20000B4
:1076500000904FF48271FAF7B7FD009840F6D972A6
:10766000C2F20002012111709DF8062040F20401CF
:10767000C2F2000101EB021240F26401C2F2000109
:107680000A600968496888478DF805009DF805007B
:1076900038B1FFE740F6D971C2F20001032008704B
:1076A000FFE79DF805008DF80700FFE79DF807004C
:1076B00002B080BD80B584B00290019100208DF8A9
:1076C0000300FFE79DF80300012819DCFFE79DF8A0
:1076D0000300010140F20400C2F200004258029887
:1076E0000199904728B1FFE79DF803008DF80F003E
:1076F0000AE0FFE79DF8030001308DF80300E1E7A1
:1077000003208DF80F00FFE79DF80F0004B080BD47
:10771000704700007047000080B582B0009000986C
:1077200000F108014DF24560C0F200200322FAF793
:1077300063FD20B9FFE700208DF8070013E00098F3
:1077400000F108014DF24960C0F200200322FAF76F
:1077500053FD20B9FFE701208DF8070003E0032067
:107760008DF80700FFE79DF8070002B080BD00001C
:1077700080B584B00290019140F6D970C2F2000049
:107780000078012804D0FFE702208DF80F0035E0D3
:10779000FFF7BEFF40F26400C2F200000068836899
:1077A0000299019A40F6D460C2F2000098478DF821
:1077B00003009DF80300132807D1FFE740F6D971B5
:1077C000C2F200010220087011E09DF803001428A5
:1077D00004D0FFE79DF8030008B9FFE706E040F694
:1077E000D971C2F2000103200870FFE7FFE704F03F
:1077F000DBFB9DF803008DF80F00FFE79DF80F00FD
:1078000004B080BD81B0ADF80200BDF8020040BAFE
:1078100001B070477047000072B6704762B670479B
:10782000FDF748FAB0B582B040F2C060C2F2000085
:1078300090F82200C00758B1FFE740F2C061C2F2E1
:107840000001002008604FF0FF328A6088612DE05F
:107850004CF6E86CC0F2002CCDF800C0DCF800005B
:10786000DCF80420DCF80830DCF80CE0DCF8104030
:10787000DCF8145040F2C061C2F2000101914D6188
:107880000C61C1F80CE08B604A600860DCF81800FD
:10789000DCF81C20DCF82030DCF824C0C1F824C05F
:1078A0000B62CA618861FDF793FBFFE702B0B0BDD0
:1078B00080B584B003900291019240F2C060C2F2A0
:1078C000000090F82300C00708B1FFE743E00298EA
:1078D0000199FFF74DFF8DF803009DF80300132871
:1078E00013D1FFE7FFF764FE8DF8030040F2C0619B
:1078F000C2F20001002081F82100012081F823005C
:1079000081F82400FDF75EFC18E09DF803001428C0
:107910000BD1FFE700208DF8030040F2C061C2F2F6
:107920000001012081F8240007E040F2C061C2F2AA
:107930000001002081F82400FFE7FFE7019A40F2F0
:10794000C061C2F200014869104448619DF803001B
:1079500000F008F9FFE704B080BD000080B584B0F6
:107960008DF80F00029140F2C060C2F20000406842
:10797000013060B9FFE7029840F2C061C2F2000135
:1079800048600298013008B1FFE7FFE7FFE740F2E7
:10799000C060C2F2000090F8270003280FD1FFE773
:1079A0009DF80F0040F2C061C2F2000181F827008B
:1079B0009DF80F00032801D0FFE7FFE7FFE70298DB
:1079C00040F2C061C2F200014968884204D0FFE77A
:1079D000032000F0C7F829E09DF80F0040F2C061D5
:1079E000C2F2000191F82710884204D0FFE703207B
:1079F00000F0B8F81AE09DF80F00FFF70BFE8DF8C5
:107A000007009DF8070060B9FFE7029840F2C061E7
:107A1000C2F20001C860012081F8210081F8220033
:107A2000FFE79DF8070000F09DF8FFE704B080BD78
:107A300080B584B00390029101928DF8033040F23A
:107A4000C060C2F2000090F82000032801D1FFE7D7
:107A500085E040F2C060C2F20000006858B9FFE75C
:107A6000039840F2C061C2F200010860039808B1B7
:107A7000FFE7FFE7FFE740F2C060C2F20000806866
:107A8000013060B9FFE7029840F2C061C2F2000124
:107A900088600298013008B1FFE7FFE7FFE740F296
:107AA000C060C2F2000090F8270003280FD1FFE762
:107AB0009DF8030040F2C061C2F2000181F8270086
:107AC0009DF80300032801D0FFE7FFE7FFE70198D7
:107AD00040F2C061C2F200018969884210D2FFE71A
:107AE000019840F2C061C2F20001C969884207D220
:107AF000FFE7019820B1FFE7032000F033F82EE004
:107B00000298013068B1FFE7029840F2C061C2F20A
:107B100000018968884204D0FFE7032000F022F8C2
:107B20001DE09DF8030003280FD0FFE79DF8030038
:107B300040F2C061C2F2000191F82710884204D0DF
:107B4000FFE7032000F00EF809E0019840F2C06161
:107B5000C2F200018861002000F004F8FFE704B0E1
:107B600080BD000080B588B08DF81F009DF81F0013
:107B70008DF8190040F2C060C2F2000090F82000B9
:107B8000032801D1FFE736E140F2C060C2F20000F5
:107B900001680020039001B3FFE740F2C060C2F229
:107BA00000008269C16900209142039015D3FFE76C
:107BB00040F2C060C2F2000081690020039061B110
:107BC000FFE740F2C061C2F2000148688968401ACC
:107BD000B0FA80F040090390FFE7039800F001013C
:107BE00040F2C060C2F2000080F8251090F8261024
:107BF00001F001018DF81E1001680120029059B9B1
:107C0000FFE740F2C060C2F2000090F8270003389E
:107C100018BF01200290FFE7029800F001008DF8E4
:107C20001D0040F2C060C2F2000090F82510002054
:107C3000C907019041B1FFE740F2C060C2F2000005
:107C400090F824000190FFE7019800F001008DF802
:107C50001C0040F2C060C2F2000090F82310002027
:107C6000C907009041B1FFE740F2C060C2F20000D6
:107C700090F825000090FFE7009800F001008DF8D3
:107C80001B0000208DF81A0040F2C060C2F2000014
:107C90000069013098B1FFE740F2C061C2F2000113
:107CA0004A680869801A4002059005984969884227
:107CB00004D2FFE701208DF81A00FFE7FFE79DF8E7
:107CC000190040B1FFE740F2C061C2F20001032099
:107CD00081F8200058E09DF81E00C00748B3FFE778
:107CE0009DF81A00C00720B1FFE706208DF81900A3
:107CF00017E09DF81D00C00720B9FFE700208DF8B0
:107D000019000DE09DF81C00C00720B1FFE700201E
:107D10008DF8190003E004208DF81900FFE7FFE754
:107D2000FFE740F2C061C2F20001032081F82000A9
:107D300029E09DF81B00C00740B1FFE740F2C06199
:107D4000C2F20001032081F820001BE09DF81C0016
:107D5000C00740B1FFE740F2C061C2F2000102205B
:107D600081F820000DE09DF81D00C00740B1FFE73D
:107D700040F2C061C2F20001012081F82000FFE75B
:107D8000FFE7FFE7FFE7FFE740F2C060C2F2000055
:107D900090F82000032826D1FFE740F2C060C2F22D
:107DA000000090F82100C007A8B1FFE7FFF700FC32
:107DB0008DF8130040F2C061C2F20001002081F88A
:107DC00021009DF8190028B9FFE79DF813008DF8F0
:107DD0001900FFE7FFE79DF8190040F2B341C2F236
:107DE00000010870FFE79DF81E00C00718B9FFE703
:107DF00003F01CFFFFE708B080BD000080B58AB02B
:107E00008DF827009DF8271040F20070C2F20000A4
:107E100000EB01204FF48071FAF7D6F99DF82700A6
:107E200000F02CFA9DF8271040F66840C2F20000DE
:107E300000EBC1014968896CC1F301218DF81F1065
:107E40009DF8271000EBC1014968896CC9B2890906
:107E50008DF81E109DF8271000EBC1014968896C50
:107E6000C1F3C1018DF81D109DF8271000EBC10072
:107E70004068806C00F47051012000EB91208DF877
:107E80001C00FFE79DF81C00052834DCFFE7FFE736
:107E90004DF28B20C0F2002004F084FB4DF2A320B1
:107EA000C0F200204DF28741C0F200214DF2A942FC
:107EB000C0F2002240F2292304F074FB4DF29E2010
:107EC000C0F2002004F06EFBFFE7FFE74DF28B20CD
:107ED000C0F2002004F066FB4DF21630C0F2002024
:107EE00004F060FB4DF29E20C0F2002004F05AFB2B
:107EF000FFE7FFE7FEE7FFE79DF8271040F6684041
:107F0000C2F20000039000EBC1014968096C9DF8C2
:107F10002720130240F20072C2F20002D1509DF8F5
:107F2000271000EBC1014A68D2F8041841F00201A1
:107F3000C2F804189DF8271000EBC1014A68916847
:107F400021F0010191609DF8271000EBC10040680D
:107F500002F0C6F903999DF8272001EBC201496898
:107F600088639DF82700FDF77DFA08909DF82700AB
:107F700000210491FDF790FD04988DF81700FFE7AC
:107F80009DF817000E2817D8FFE79DF8271040F638
:107F90006840C2F2000000EBC10040689DF8171075
:107FA00000EB81010020C1F80401FFE79DF81700F4
:107FB00001308DF81700E3E79DF8271040F6684080
:107FC000C2F2000000EBC1014A680021C2F8001EA5
:107FD0009DF8271000EBC1004168D1F8000820F09F
:107FE0000300C1F800089DF81E0080B9FFE79DF866
:107FF000271040F66840C2F2000000EBC100416863
:10800000D1F8000840F00300C1F800080FE09DF827
:10801000271040F66840C2F2000000EBC100416842
:10802000D1F8000840F00100C1F80008FFE79DF812
:10803000271040F66840C2F20000009000EBC1013A
:108040004A680021C2F810189DF8272000EBC202F0
:108050005268C2F814189DF8272000EBC20252683B
:10806000C2F81C189DF8272000EBC20252689161EB
:108070009DF8272000EBC20253686FF080425A61DE
:108080009DF8272000EBC202536843F60002C8F2B5
:108090000C029A619DF8272000EBC20253689A698E
:1080A00042F010029A619DF8272000EBC20042685E
:1080B0008020019050629DF827001022FDF71CFEE1
:1080C0009DF8270001212022FDF716FE9DF82700CC
:1080D000022108220292FDF70FFE029A9DF8270066
:1080E0000321FDF709FE0198029A069006981030C8
:1080F000069006982030069006980830069006985C
:10810000083006909DF827000421FDF7F5FD029A3E
:108110000698083006909DF827000521FDF7ECFD34
:10812000069808300690FFE706989DF8272040F64D
:108130006841C2F2000101EBC2014968C96CB0EBB1
:10814000114F34D9FFE7FFE74DF28B20C0F200203A
:1081500004F028FA4DF2A320C0F200204DF20341B2
:10816000C0F200214DF2A942C0F200224FF4237365
:1081700004F018FA4DF29E20C0F2002004F012FA2A
:10818000FFE7FFE74DF28B20C0F2002004F00AFA6F
:108190004DF24A30C0F2002004F004FA4DF29E2065
:1081A000C0F2002004F0FEF9FFE7FFE7FEE7FFE77B
:1081B000FFE79DF81E00C8BBFFE70698B0F5A07F5B
:1081C00034D9FFE7FFE74DF28B20C0F2002004F026
:1081D000E9F94DF2A320C0F200204DF2C131C0F206
:1081E00000214DF2A942C0F2002240F28E2304F099
:1081F000D9F94DF29E20C0F2002004F0D3F9FFE738
:10820000FFE74DF28B20C0F2002004F0CBF94DF2D5
:10821000E120C0F2002004F0C5F94DF29E20C0F22A
:10822000002004F0BFF9FFE7FFE7FEE7FFE79DF856
:1082300027001021FDF71CFA08909DF82700FDF794
:10824000C1F908909DF8271040F66840C2F200007E
:1082500000EBC1014A68916841F0010191609DF80D
:10826000271000EBC1004168D1F8040820F002009B
:10827000C1F8040808980AB080BD000080B586B037
:108280008DF81700FBF7B2FF40F24001C2F2000187
:1082900008600120C0F2A000FBF794FDFBF7A6FFE9
:1082A00049F68171C1F25E61A0FB0110800DFCF7FF
:1082B00029F81F20FCF7E6FC10201121FAF732FB09
:1082C00001210846FCF74CF806B080BD80B58AB0A5
:1082D00009900891079209980690089805900698C9
:1082E00000F00300059901F00301884270D1FFE717
:1082F000FFE700209DF818108907029031B1FFE7D1
:108300000798002818BF01200290FFE70298C007D5
:1083100060B1FFE70598411C0591007806994A1C59
:1083200006920870079801380790E2E706980490D3
:1083300005980390FFE70798102824D3FFE70398D8
:10834000011D0391006804990A1D049208600398B6
:10835000011D0391006804990A1D049208600398A6
:10836000011D0391006804990A1D04920860039896
:10837000011D0391006804990A1D04920860079882
:1083800010380790D7E7FFE7079804280CD3FFE7DA
:108390000398011D0391006804990A1D0492086066
:1083A000079804380790EFE7049806900398059023
:1083B000FFE70798411E079148B1FFE70598411C68
:1083C0000591007806994A1C06920870F1E776E05C
:1083D000FFE707990020019049B1FFE79DF81400DD
:1083E00000F00300002818BF01200190FFE701986A
:1083F000C00760B1FFE70598411C05910078069918
:108400004A1C06920870079801380790E1E7059822
:108410000390FFE7079810282CD3FFE706980399ED
:108420000A1D03920968FDF75DFE06980430069068
:10843000069803990A1D03920968FDF753FE0698F2
:1084400004300690069803990A1D03920968FDF707
:1084500049FE069804300690069803990A1D039277
:108460000968FDF73FFE069804300690079810381B
:108470000790CFE7FFE7079804280ED3FFE7069899
:1084800003990A1D03920968FDF72CFE0698043033
:108490000690079804380790EDE703980590FFE7EA
:1084A0000798411E079148B1FFE70598411C0591C7
:1084B000007806994A1C06920870F1E7FFE70998D0
:1084C0000AB080BD80B58AB00990089107920998DA
:1084D000069008980590069800F00300059901F0B1
:1084E0000301884270D1FFE7FFE700209DF81810D4
:1084F0008907029031B1FFE70798002818BF0120D3
:108500000290FFE70298C00760B1FFE70598411CA1
:108510000591007806994A1C069208700798013860
:108520000790E2E70698049005980390FFE7079804
:10853000102824D3FFE70398011D039100680499D4
:108540000A1D049208600398011D039100680499B4
:108550000A1D049208600398011D039100680499A4
:108560000A1D049208600398011D03910068049994
:108570000A1D04920860079810380790D7E7FFE7B4
:10858000079804280CD3FFE70398011D03910068A6
:1085900004990A1D04920860079804380790EFE7D1
:1085A0000498069003980590FFE70798411E0791ED
:1085B00048B1FFE70598411C0591007806994A1CCF
:1085C00006920870F1E776E0FFE707990020019036
:1085D00049B1FFE79DF8140000F00300002818BF20
:1085E00001200190FFE70198C00760B1FFE70598FF
:1085F000411C0591007806994A1C0692087007985C
:1086000001380790E1E705980390FFE707981028E5
:108610002CD3FFE7069803990A1D03920968FDF71A
:1086200075FD069804300690069803990A1D03927A
:108630000968FDF76BFD06980430069006980399CB
:108640000A1D03920968FDF761FD06980430069043
:10865000069803990A1D03920968FDF757FD0698CD
:1086600004300690079810380790CFE7FFE7079887
:1086700004280ED3FFE7069803990A1D03920968A0
:10868000FDF744FD069804300690079804380790DB
:10869000EDE703980590FFE70798411E079148B161
:1086A000FFE70598411C0591007806994A1C06923F
:1086B0000870F1E7FFE709980AB080BD82B08DF835
:1086C00007000091009800780006002824D5FFE7F5
:1086D000009800789DF8071040F6000CC2F2000CDC
:1086E0004FF4077311FB03C100F07F0202EB42025B
:1086F00001EB820181F88801009A50689DF807100B
:1087000011FB03C1127802F07F0202EB420201EB7F
:108710008201C1F8900123E0009800789DF80710CD
:1087200040F6000CC2F2000C4FF4077311FB03C1BA
:1087300000F07F0202EB420201EB820181F8D001DE
:10874000009A50689DF8071011FB03C1127802F0DF
:108750007F0202EB420201EB8201C1F8D801FFE780
:1087600002B0704782B08DF8070000919DF80700B5
:1087700040F60002C2F200024FF4077110FB012024
:1087800090F88401009B187600989DF8073013FB41
:10879000012393F884C103EB8C03C3F834019DF8E3
:1087A000070010FB012191F88401013081F8840158
:1087B00002B0704780B586B08DF817008DF816109E
:1087C000049200208DF80F00FFE79DF80F009DF840
:1087D000171040F60003C2F200034FF4077211FBBA
:1087E000023191F88411884246DAFFE79DF81700BC
:1087F00040F60002C2F200024FF4077110FB0120A4
:108800009DF80F1000EB8100D0F83401029004981D
:10881000D0B1FFE7049801900298A0B1FFE7029859
:10882000C06880B1FFE7019880780299097E88428C
:1088300009D1FFE70298C3689DF817009DF816104C
:10884000049A9847FFE710E0029868B1FFE70298A2
:10885000C06848B1FFE70298C3689DF817009DF80B
:108860001610049A9847FFE7FFE7FFE79DF80F000F
:1088700001308DF80F00A8E706B080BD80B58AB042
:108880008DF823000791069205930798007800F071
:108890000300012847D1FFE700208DF81300FFE710
:1088A0009DF813009DF8231040F60003C2F2000368
:1088B0004FF4077211FB023191F88411884231DACA
:1088C000FFE79DF8230040F60002C2F200024FF4D9
:1088D000077110FB01209DF8131000EB8100D0F808
:1088E000340103900398B0B1FFE70398006890B19A
:1088F000FFE70398007E0799097988420BD1FFE7CB
:108900000398D0F800C09DF823000799069A059BAC
:10891000E047099053E0FFE79DF8130001308DF820
:108920001300BDE747E00798007800F00300022835
:1089300040D1FFE700208DF80B00FFE79DF80B000A
:108940009DF8231040F60003C2F200034FF40772B3
:1089500011FB023191F8841188422ADAFFE79DF871
:10896000230040F60002C2F200024FF4077110FB30
:1089700001209DF80B1000EB8100D0F8340101902C
:10898000019878B1FFE70198406858B1FFE7019876
:10899000D0F804C09DF823000799069A059BE0478C
:1089A00009900CE0FFE79DF80B0001308DF80B00FB
:1089B000C4E7FFE7FFE74FF0FF300990FFE70998B2
:1089C0000AB080BD80B584B08DF80F0002919DF88B
:1089D0000F0040F60002C2F2000200924FF407714D
:1089E000019110FB0120F9F7EFFB009A0199029821
:1089F0009DF80F3013FB012398619DF80F0010FBC9
:108A00000123002083F884019DF80F3013FB012C13
:108A100080238CF888319DF80F3013FB012C49F628
:108A2000AD33C0F20023CCF890319DF80F3013FB2A
:108A3000012383F8D0019DF80F0010FB012149F6B6
:108A4000E940C0F20020C1F8D80104B080BD0000A8
:108A500082B08DF8070000200090FFE7009844F2F4
:108A60003F21C0F20F01884205D8FFE7FFE70098D9
:108A700001300090F2E702B07047000081B08DF83D
:108A800003008DF802109DF8020000F07F008DF8C1
:108A900001009DF80200000600284AD4FFE79DF877
:108AA000031040F66840C2F2000000EBC1004068CD
:108AB0009DF8011000EB4111D1F8000B20F40010DB
:108AC000C1F8000B9DF8031040F20070C2F20000E4
:108AD00000EB01209DF8011000EB011090F88A00D6
:108AE000032811D0FFE79DF8031040F20070C2F296
:108AF000000000EB01209DF8011000EB011090F840
:108B00008A00022814D1FFE79DF8031040F6684060
:108B1000C2F2000000EBC10040689DF8011000EBBC
:108B20004111D1F8000B40F08050C1F8000BFFE775
:108B300049E09DF8031040F66840C2F2000000EBE7
:108B4000C10040689DF8011000EB4111D1F8000907
:108B500020F40010C1F800099DF8031040F20070E5
:108B6000C2F2000000EB01209DF8011000EB0110A3
:108B700090F82A00032811D0FFE79DF8031040F277
:108B80000070C2F2000000EB01209DF8011000EB24
:108B9000011090F82A00022814D1FFE79DF8031075
:108BA00040F66840C2F2000000EBC10040689DF84A
:108BB000011000EB4111D1F8000940F08050C1F8DC
:108BC0000009FFE7FFE7002001B0704782B08DF891
:108BD00007008DF806109DF8060000F07F008DF864
:108BE0000500002000909DF806000006002800F116
:108BF0009B80FFE79DF8071040F66840C2F2000036
:108C000000EBC10040689DF8051000EB4110D0F862
:108C1000000BC00F002853D0FFE79DF8071040F667
:108C20006840C2F2000000EBC10149689DF80520D0
:108C300001EB4212D2F8001B41F00061C2F8001BA8
:108C40009DF8071000EBC10040689DF8051000EB8F
:108C50004111D1F8000B40F08040C1F8000B00201A
:108C60000090FFE70098013000904CF251318842AB
:108C700001D3FFE713E0FFE79DF8071040F66840D7
:108C8000C2F2000000EBC10040689DF8051000EB47
:108C90004110D0F8080B80070028E3D5FFE79DF8C6
:108CA000071040F66840C2F2000000EBC1004068C7
:108CB0009DF8051000EB41110220C1F8080BFFE7F9
:108CC0009DF8050000F00700012101FA00FC9DF865
:108CD000072040F66840C2F2000000EBC202536871
:108CE000D3F83C2822EA0C42C3F83C289DF8052022
:108CF00002F0070201FA02F39DF8071000EBC10130
:108D00004A68D2F81C1821EA0341C2F81C189DF8E1
:108D1000071000EBC10040689DF8051000EB411101
:108D20000020C1F8000B98E09DF8071040F668405D
:108D3000C2F2000000EBC10040689DF8051000EB96
:108D40004110D0F80009C00F002853D0FFE79DF86C
:108D5000071040F66840C2F2000000EBC10149680C
:108D60009DF8052001EB4212D2F8001941F0006194
:108D7000C2F800199DF8071000EBC10040689DF88B
:108D8000051000EB4111D1F8000940F08040C1F816
:108D9000000900200090FFE70098013000904CF29D
:108DA0005131884201D3FFE713E0FFE79DF8071038
:108DB00040F66840C2F2000000EBC10040689DF838
:108DC000051000EB4110D0F8080980070028E3D512
:108DD000FFE79DF8071040F66840C2F2000000EB84
:108DE000C10040689DF8051000EB41110220C1F858
:108DF0000809FFE79DF8050000F00700012101FACE
:108E000000FC9DF8072040F66840C2F2000000EB2D
:108E1000C2025368D3F83C2822EA0C02C3F83C286B
:108E20009DF8052002F0070201FA02F39DF80710F1
:108E300000EBC1014A68D2F81C189943C2F81C180B
:108E40009DF8071000EBC10040689DF8051000EB8D
:108E500041110020C1F80009FFE7002002B070476F
:108E600083B08DF80B008DF80A1001929DF80A006E
:108E700000F07F008DF803009DF80A00000600282E
:108E80001CD4FFE79DF80B1040F66840C2F20000CA
:108E900000EBC10040689DF8031000EB4110D0F8D2
:108EA000000B8002002804D5FFE70199012008701B
:108EB00003E0019900200870FFE71BE09DF80B100C
:108EC00040F66840C2F2000000EBC10040689DF827
:108ED000031000EB4110D0F800098002002804D5EF
:108EE000FFE701990120087003E001990020087054
:108EF000FFE7FFE7002003B07047000080B584B0B3
:108F00008DF80F0002910298807800F07F008DF8B4
:108F10000700FFE79DF80700062836DBFFE7FFE7BD
:108F20004DF28B20C0F2002003F03CFB4DF2A32059
:108F3000C0F200204DF26941C0F200214DF2A94279
:108F4000C0F200224FF4367303F02CFB4DF29E204A
:108F5000C0F2002003F026FBFFE7FFE74DF28B2075
:108F6000C0F2002003F01EFB029881784DF2A93078
:108F7000C0F2002003F016FB4DF29E20C0F200204C
:108F800003F010FBFFE7FFE7FEE7FFE702988078BA
:108F90000006002869D4FFE7029880886FF3DF207D
:108FA0009DF80F2040F20071C2F2000101EB022295
:108FB0009DF8073002EB0312A2F888000298C078EF
:108FC00000F003009DF80F2001EB02219DF807201F
:108FD00001EB021181F88A009DF8070000F11001F1
:108FE000012088404FF6FF7120EA01039DF80F1021
:108FF00040F66840C2F2000000EBC1014A68D2F8B6
:109000001C181943C2F81C189DF80F1000EBC10082
:1090100040689DF8071000EB4110D0F8000B0004E9
:10902000002821D4FFE7029988886FF3DF20C978F0
:1090300001F0030140EA81409DF80F2040F66841AD
:10904000C2F2000101EBC20149689DF8072001EB63
:109050004211D1F8002B104348F20002C1F2000285
:109060001043C1F8000BFFE7D1E09DF8070070B98D
:10907000FFE79DF80F1040F66840C2F2000000EBD9
:10908000C1004068806A000CADF8040012E09DF851
:109090000F1040F66840C2F2000000EBC1004068CB
:1090A0009DF8071000EB8100D0F80001000CADF82E
:1090B0000400FFE7FFE7BDF80410029880886FF313
:1090C000DF20B0EB810F36DDFFE7FFE74DF28B20AD
:1090D000C0F2002003F066FA4DF2A320C0F2002097
:1090E0004DF22C41C0F200214DF2A942C0F2002203
:1090F00040F2EE2303F056FA4DF29E20C0F200201B
:1091000003F050FAFFE7FFE74DF28B20C0F200209A
:1091100003F048FA029881784DF28C30C0F20020BA
:1091200003F040FA4DF29E20C0F2002003F03AFA1C
:10913000FFE7FFE7FEE7FFE7029880886FF3DF2095
:109140009DF80F2040F20071C2F2000101EB0222F3
:109150009DF8073002EB031210850298C07800F0EA
:1091600003009DF80F2001EB02219DF8072001EB81
:10917000021181F82A009DF807100120884083B26F
:109180009DF80F1040F66840C2F2000000EBC101EC
:109190004A68D2F81C181943C2F81C189DF80F1021
:1091A00000EBC10040689DF8071000EB4110D0F8BB
:1091B00000090004002823D4FFE7029988886FF390
:1091C000DF20C97801F0030140EA81409DF80720C3
:1091D00040EA82509DF80F3040F66841C2F200012B
:1091E00001EBC301496801EB4211D1F8002910439A
:1091F00048F20002C1F200021043C1F80009FFE783
:109200009DF80F009DF80710FCF732FAFFE70020E9
:1092100004B080BD81B08DF803008DF802109DF878
:10922000020000F07F008DF801009DF802000006AA
:1092300000283ED4FFE79DF8031040F66840C2F2D4
:10924000000000EBC10040689DF8011000EB4110E8
:10925000D0F8000BC00FC0B9FFE79DF80100A0B126
:10926000FFE79DF8031040F66840C2F2000000EBF3
:10927000C10040689DF8011000EB4111D1F8000BCE
:1092800020F08040C1F8000BFFE79DF8031040F686
:109290006840C2F2000000EBC10040689DF8011078
:1092A00000EB4111D1F8000B40F40010C1F8000BA5
:1092B0003DE09DF8031040F66840C2F2000000EB6C
:1092C000C10040689DF8011000EB4110D0F8000982
:1092D000C00FC0B9FFE79DF80100A0B1FFE79DF8FE
:1092E000031040F66840C2F2000000EBC100406885
:1092F0009DF8011000EB4111D1F8000920F08040E9
:10930000C1F80009FFE79DF8031040F66840C2F27B
:10931000000000EBC10040689DF8011000EB411116
:10932000D1F8000940F40010C1F80009FFE700205F
:1093300001B0704780B586B08DF813008DF812101B
:10934000039202939DF8120000F07F008DF8070051
:1093500000200090FFE79DF80C008007A0B3FFE716
:10936000FFE74DF28B20C0F2002003F01BF94DF215
:10937000A320C0F200204DF2EA31C0F200214DF2EC
:10938000A942C0F2002240F2B93303F00BF94DF2CA
:109390009E20C0F2002003F005F9FFE7FFE74DF241
:1093A0008B20C0F2002003F0FDF84DF2BE20C0F289
:1093B000002003F0F7F84DF29E20C0F2002003F0E9
:1093C000F1F8FFE7FFE7FEE7FFE7039838B9FFE7AB
:1093D000029820B1FFE74FF0FF300590B7E19DF80C
:1093E0000700B0B1FFE79DF8131040F66840C2F2E5
:1093F000000000EBC10040689DF8071000EB411031
:10940000D0F8000B400520B9FFE76FF00100059090
:109410009DE103999DF8132040F20070C2F2000014
:1094200000EB02229DF8073002EB0312C2F88C1009
:1094300002999DF8132000EB02229DF8073002EB01
:109440000312C2F890109DF8131000EB01209DF854
:10945000071000EB01110020C1F894009DF81310D3
:1094600040F66840C2F2000000EBC10149689DF877
:10947000072001EB4212D2F8101B6FF3DC41C2F857
:10948000101B9DF8131000EBC10040689DF80710F9
:1094900000EB4111D1F8100B6FF31200C1F8100B63
:1094A0000298E8BBFFE79DF8131040F66840C2F24F
:1094B000000000EBC10149689DF8072001EB421252
:1094C000D2F8101B41F40021C2F8101B9DF81310B4
:1094D00040F20072C2F2000202EB01239DF8072065
:1094E00003EB0213B3F8883000EBC101496801EBCC
:1094F0004212D2F8101B1943C2F8101B9DF813102A
:1095000000EBC10040689DF8071000EB4111D1F855
:10951000000B40F00440C1F8000B0020059016E15C
:109520009DF80700002856D1FFE702989DF8132008
:1095300040F20071C2F2000101EB02219DF8072008
:1095400001EB0211B1F88810884210D9FFE79DF8AD
:10955000131040F20070C2F2000000EB01209DF8F1
:10956000071000EB0110B0F888000290FFE70298A6
:109570009DF8132040F20071C2F2000101EB0221BC
:109580009DF8072001EB0211C1F890009DF813101F
:1095900040F66840C2F2000000EBC10149689DF846
:1095A000072001EB4212D2F8101B41F40021C2F84F
:1095B000101B029A6FF3DF429DF8131000EBC100FD
:1095C00040689DF8071000EB4111D1F8100B1043D3
:1095D000C1F8100B3EE002989DF8132040F2007194
:1095E000C2F2000101EB02219DF8072001EB0211FC
:1095F000B1F8881008440138B0FBF1F080B2009057
:1096000000990020C1F6F87000EAC1439DF81310DC
:1096100040F66840C2F2000000EBC10149689DF8C5
:10962000072001EB4212D2F8101B1943C2F8101B9D
:10963000029A6FF3DF429DF8131000EBC1004068FF
:109640009DF8071000EB4111D1F8100B1043C1F841
:10965000100BFFE79DF8131040F20070C2F20000FB
:1096600000EB01209DF8071000EB011090F88A0034
:10967000012856D1FFE79DF8131040F66840C2F26A
:10968000000000EBC1004068D0F80808C0050028C1
:1096900023D4FFE79DF8131040F66840C2F20000A3
:1096A00000EBC10149689DF8072001EB4212D2F896
:1096B000001B21F08051C2F8001B9DF8131000EB35
:1096C000C10040689DF8071000EB4111D1F8000B74
:1096D00040F00050C1F8000B22E09DF8131040F656
:1096E0006840C2F2000000EBC10149689DF8072004
:1096F00001EB4212D2F8001B21F00051C2F8001B0E
:109700009DF8131000EBC10040689DF8071000EBB6
:109710004111D1F8000B40F08050C1F8000BFFE779
:10972000FFE79DF8131040F66840C2F2000000EB1E
:10973000C10040689DF8071000EB4111D1F8000B03
:1097400040F00440C1F8000B00200590FFE70598A9
:1097500006B080BD80B586B08DF813008DF812106C
:10976000039202939DF8120000F07F008DF807002D
:1097700000200090FFE79DF80C008007A0B3FFE7F2
:10978000FFE74DF28B20C0F2002002F00BFF4DF2FC
:10979000A320C0F200204DF2EA31C0F200214DF2C8
:1097A000A942C0F2002240F2753302F0FBFE4DF2F6
:1097B0009E20C0F2002002F0F5FEFFE7FFE74DF229
:1097C0008B20C0F2002002F0EDFE4DF2BE20C0F270
:1097D000002002F0E7FE4DF29E20C0F2002002F0D1
:1097E000E1FEFFE7FFE7FEE7FFE7039838B9FFE791
:1097F000029820B1FFE74FF0FF300590D3E19DF8CC
:109800000700B0B1FFE79DF8131040F66840C2F2C0
:10981000000000EBC10040689DF8071000EB41100C
:10982000D0F80009400520B9FFE76FF0010005906E
:10983000B9E103999DF8132040F20070C2F20000D4
:1098400000EB02229DF8073002EB0312D16202996D
:109850009DF8132000EB02229DF8073002EB031263
:1098600011639DF8131000EB01209DF8071000EB29
:109870000111002048639DF8131040F66840C2F2C1
:10988000000000EBC10149689DF8072001EB42127E
:10989000D2F810196FF3DC41C2F810199DF81310BB
:1098A00000EBC10040689DF8071000EB4111D1F8B2
:1098B00010096FF31200C1F81009029828BBFFE7E6
:1098C0009DF8131040F66840C2F2000000EBC101A1
:1098D00049689DF8072001EB4212D2F8101941F4B3
:1098E0000021C2F810199DF8131000EBC100406868
:1098F0009DF8071000EB4111D1F8000940F0044039
:10990000C1F80009002005904DE19DF807000028EE
:1099100053D1FFE702989DF8132040F20071C2F284
:10992000000101EB02219DF8072001EB0211098DD6
:1099300088420FD9FFE79DF8131040F20070C2F281
:10994000000000EB01209DF8071000EB0110008DD6
:109950000290FFE702989DF8132040F20071C2F2D6
:10996000000101EB02219DF8072001EB02110863C1
:109970009DF8131040F66840C2F2000000EBC101F0
:1099800049689DF8072001EB4212D2F8101941F402
:109990000021C2F81019029A6FF3DF429DF81310EC
:1099A00000EBC10040689DF8071000EB4111D1F8B1
:1099B00010091043C1F810093DE002989DF81320EA
:1099C00040F20071C2F2000101EB02219DF8072074
:1099D00001EB0211098D08440138B0FBF1F080B2AF
:1099E000009000990020C1F6F87000EAC1439DF88C
:1099F000131040F66840C2F2000000EBC101496854
:109A00009DF8072001EB4212D2F810191943C2F851
:109A10001019029A6FF3DF429DF8131000EBC1009A
:109A200040689DF8071000EB4111D1F81009104370
:109A3000C1F81009FFE79DF8131040F20070C2F260
:109A4000000000EB01209DF8071000EB011090F8DA
:109A50002A00012878D1FFE79DF8131040F66840EE
:109A6000C2F2000000EBC1004068D0F80808C00551
:109A7000002823D4FFE79DF8131040F66840C2F297
:109A8000000000EBC10149689DF8072001EB42127C
:109A9000D2F8001921F08051C2F800199DF8131076
:109AA00000EBC10040689DF8071000EB4111D1F8B0
:109AB000000940F00050C1F8000922E09DF81310A1
:109AC00040F66840C2F2000000EBC10149689DF811
:109AD000072001EB4212D2F8001921F00051C2F820
:109AE00000199DF8131000EBC10040689DF80710A5
:109AF00000EB4111D1F8000940F08050C1F8000995
:109B0000FFE79DF8131040F66840C2F2000000EB3A
:109B1000C10149689DF8072001EB4212D2F81019E3
:109B200021F0C041C2F810199DF8131000EBC100DC
:109B300040689DF8071000EB4111D1F8100940F082
:109B40000050C1F81009FFE79DF8131040F6684077
:109B5000C2F2000000EBC10040689DF8071000EB66
:109B60004111D1F8000940F00440C1F80009029801
:109B7000B0B1FFE79DF8070000F00F01012000FAE7
:109B800001F29DF8131040F66840C2F2000000EBAD
:109B9000C1004168D1F834081043C1F83408FFE728
:109BA00000200590FFE7059806B080BD80B584B021
:109BB0008DF80F008DF80E1002929DF80F0040F600
:109BC0000002C2F200024FF4077110FB0120019065
:109BD000DDF808C09DF80F0010FB01239868604471
:109BE0009860DDF808C09DF80F0010FB0123D868CD
:109BF000A0EB0C00D8609DF80F0010FB0120C0689E
:109C000080B1FFE79DF80F0040F60002C2F20002AB
:109C10004FF4077110FB01218A68CB688021FFF7A0
:109C200099FD5EE09DF80F0040F60002C2F20002CE
:109C30004FF4077110FB0120007DC00798B1FFE7CA
:109C40009DF80F0040F60002C2F200024FF40771C7
:109C500010FB0120002303759DF80F0080211A4698
:109C6000FFF778FD3CE00198C088D8B1FFE7019884
:109C700000780006002815D5FFE79DF80F0040F694
:109C80000002C2F200024FF4077110FB0121042010
:109C900081F82E019DF80F00002319461A46FFF7A0
:109CA00049FB1EE09DF80F0040F60002C2F20002E0
:109CB0004FF4077110FB012090F82E0103280ED1FC
:109CC000FFE79DF80F0040F60002C2F200024FF4D9
:109CD000077110FB0121002081F82E01FFE7FFE74B
:109CE000FFE704B080BD000080B584B08DF80F00A0
:109CF0008DF80E1002929DF80F0040F60002C2F29D
:109D000000024FF4077110FB012001900298002817
:109D100073D0FFE7DDF808C09DF80F0040F60002A1
:109D2000C2F200024FF4077110FB012398686044EF
:109D30009860DDF808C09DF80F0010FB0123D8687B
:109D4000A0EB0C00D8609DF80F0010FB0120C0684C
:109D5000002841D1FFE79DF80F0040F60003C2F252
:109D600000034FF4077210FB023101F12C008860F0
:109D70009DF80F00019910FB023303F10802103324
:109D800000F0B0FE98B9FFE79DF80F0040F6000222
:109D9000C2F200024FF4077110FB0121002081F88C
:109DA0002E019DF80F008021FFF734FA33E09DF873
:109DB0000F0040F60002C2F200024FF4077110FBE0
:109DC0000121032081F82E019DF80F00802100233E
:109DD0001A46FFF7BFFC0FE09DF80F0040F60002A7
:109DE000C2F200024FF4077110FB01218A68CB68B0
:109DF0000021FFF79FFAFFE70DE09DF80F0040F606
:109E00000002C2F200024FF4077110FB0121002092
:109E100081F82E01FFE704B080BD000080B584B05A
:109E20008DF80F0002919DF80F0040F60002C2F27B
:109E300000024FF4077110FB012001900198029974
:109E40000822FEF73FFB9DF80F000199FAF746FF45
:109E500004B080BD80B582B08DF807008DF8061083
:109E600000929DF8070040F60002C2F200024FF493
:109E7000077110FB01209DF8061001F07F0101EB36
:109E8000410100EB8100D0F89001B8B1FFE79DF8E7
:109E9000070040F60002C2F200024FF4077110FB07
:109EA00001229DF8061001F07F0303EB430302EB50
:109EB0008302D2F89031009A9847FFE702B080BD44
:109EC00080B582B08DF807008DF8061000929DF8DD
:109ED000070040F60002C2F200024FF4077110FBC7
:109EE00001209DF8061001F07F0101EB410100EB1C
:109EF0008100D0F8D801B8B1FFE79DF8070040F61F
:109F00000002C2F200024FF4077110FB01229DF81B
:109F1000061001F07F0303EB430302EB8302D2F848
:109F2000D831009A9847FFE702B080BD82B08DF823
:109F300007008DF806109DF80600013801460091D3
:109F400009280FD80099DFE801F0050D0607090878
:109F50000A0D0B0C07E006E005E004E003E002E078
:109F600001E000E0FFE702B07047000080B588B074
:109F70008DF81F009DF81F000021029100F00AFCDF
:109F800002989DF81F1040F60003C2F200030393ED
:109F90004FF40772049211FB023181F82D019DF8F4
:109FA0001F1011FB023181F82C019DF81F1011FBCD
:109FB000023181F82E0107218DF8181005218DF846
:109FC00019104021ADF81C108DF81B0080218DF870
:109FD0001A108DF81E009DF81F0006A90191FEF7CA
:109FE0008DFF019902988DF81A009DF81F00FEF769
:109FF00085FF029A9DF81F0001210591FEF7DAFB0B
:10A00000039B049A05999DF81F0010FB0232D2F8B9
:10A010001822904708B080BD80B582B08DF8070047
:10A020009DF8070040F60002C2F200024FF40771EB
:10A0300010FB0123002083F832019DF8070010FB7C
:10A040000121D1F818220621904702B080BD0000FE
:10A0500080B582B08DF807009DF8070040F6000239
:10A06000C2F200024FF4077110FB012090F82D019D
:10A07000012816DBFFE79DF8070040F60002C2F258
:10A0800000024FF4077110FB0123012083F8320115
:10A090009DF8070010FB0121D1F8182205219047F7
:10A0A000FFE702B080BD000080B588B08DF81E00CB
:10A0B000ADF81C100692059300208DF813008DF862
:10A0C0001200039002908DF807009DF81D008DF896
:10A0D0001300BDF81C008DF812009DF81300032832
:10A0E00031D1FFE79DF81200EE282CD1FFE79DF853
:10A0F0001E0040F60002C2F200024FF4077110FB8E
:10A100000120C06920B9FFE700208DF81F00E3E0BF
:10A110009DF81E0040F60002C2F200024FF40771E3
:10A1200010FB0120C0690068069B18609DF81E00A6
:10A1300010FB0120C06900680078059908600120C3
:10A140008DF81F00C8E09DF813000F282BD1FFE702
:10A150009DF81E0040F60002C2F200024FF40771A3
:10A1600010FB0120406A20B9FFE700208DF81F0096
:10A17000B2E09DF81E0040F60002C2F200024FF469
:10A18000077110FB0120406A0068069B18609DF86B
:10A190001E0010FB0120406A4068059908600120FC
:10A1A0008DF81F0098E09DF8130004280AD0FFE7FF
:10A1B0009DF81300052805D0FFE79DF81300062839
:10A1C00004D3FFE700208DF81F0085E0FFE7FFE7DD
:10A1D0009DF81E0040F60002C2F200024FF4077123
:10A1E00010FB01208069039000200290FFE7039894
:10A1F0000078D0B1FFE7039840789DF813108842AB
:10A200000ED1FFE702989DF81210884204D1FFE7B3
:10A2100001208DF8070008E0029801300290FFE766
:10A220000398017808440390E1E79DF80700C00710
:10A2300090B3FFE79DF81300022805D0FFE79DF8D3
:10A24000130007281FD1FFE703984088059908608D
:10A250000398C079C0F380109DF81E1040F60003EB
:10A26000C2F200034FF4077211FB023181F82F0193
:10A270000398C079C0F340109DF81E1011FB023105
:10A2800081F8300104E00398007805990860FFE741
:10A2900003980699086018E0FFE74DF21B60C0F2D2
:10A2A000002002F07FF99DF813109DF812204DF266
:10A2B000CB40C0F2002002F075F94DF29E20C0F2B2
:10A2C000002002F06FF9FFE7FFE79DF8070000F0BC
:10A2D00001008DF81F00FFE79DF81F0008B080BD4A
:10A2E00081B000904FF4041001B0704780B588B081
:10A2F0008DF81F00069105929DF81F00012816DBBE
:10A30000FFE7FFE74DF21B60C0F2002002F04AF9C0
:10A310004DF20C60C0F2002002F044F94DF29E2094
:10A32000C0F2002002F03EF9FFE7FFE7FEE79DF8EC
:10A330001F1040F66840C2F2000000EBC10003901D
:10A3400006980399486005989DF81F1040F6000391
:10A35000C2F2000300934FF40772019211FB023125
:10A36000C1F818029DF81F00FDF748FD04909DF804
:10A370001F000B2102910022FEF71CFA009B019A9C
:10A3800002999DF81F0010FB0232D2F81822904764
:10A39000049808B080BD000080B582B08DF8070039
:10A3A0009DF8070040F61C22C2F200024FF4137120
:10A3B00010FB0120007CC0B9FFE79DF8070040F6C4
:10A3C0001C22C2F200024FF4137110FB0120C0687E
:10A3D00058B1FFE79DF80700020140F6B841C2F20C
:10A3E0000001895CFEF716FFFFE79DF8070040F6C5
:10A3F000B841C2F20001009101EB0011097AFEF7A9
:10A4000009FF00999DF807000201895C40F61C23B2
:10A41000C2F200034FF4137210FB023204321F2306
:10A42000FEF788FF02B080BD80B584B08DF80F00C4
:10A430008DF80E100292019301994FF4007008609C
:10A4400001F074FA01990968B0FBF1F00299086013
:10A4500004B080BD80B588B08DF81F0006918DF8DE
:10A4600017208DF81630069946F64D40C0F20020B0
:10A470000860069900200490486006998860069953
:10A4800046F6B540C0F20020C8609DF817009DF860
:10A490001F100A0140F6B841C2F20001039188542E
:10A4A0009DF81F0001EB001246F62530C0F2002097
:10A4B00050609DF816009DF81F2001EB02121072EB
:10A4C0009DF81F0001EB001246F65D20C0F200204F
:10A4D000D0609DF81F0001EB0011FEF7EFF8039923
:10A4E0009DF81F0001EB00110831FEF7E7F89DF819
:10A4F0001F0040F61C22C2F200024FF4137110FB41
:10A500000120F7F761FE9DF81F0001F06DF8049837
:10A510008DF81500FFE79DF815009DF81F1040F617
:10A520001C23C2F200034FF4137211FB023191F8A5
:10A530003910884246DCFFE79DF81F009DF8151092
:10A5400040F61C23C2F2000301934FF413720292EF
:10A5500010FB023202EB810303F148024433FFF7A0
:10A5600063FF019A02999DF81F0010FB01209DF8DE
:10A57000151000EB8100416C4FF40070B0FBF1F05E
:10A580004843C0F50070B0B1FFE7FFE74DF28B2004
:10A59000C0F2002002F006F84DF2FF10C0F20020D9
:10A5A00002F000F84DF29E20C0F2002001F0FAFF08
:10A5B000FFE7FFE7FEE7FFE79DF8150001308DF8A4
:10A5C0001500A8E7069808B080BD000081B08DF89E
:10A5D00003009DF803004FF4137200FB02F140F6F4
:10A5E0001C23C2F20003002058549DF8031011FBF5
:10A5F000023181F8340001B07047000080B584B0AA
:10A60000DDF818C08DF80F008DF80E10029201933E
:10A6100002980199069A520A01F0F8FB002004B052
:10A6200080BD000080B584B0DDF818C08DF80F0043
:10A630008DF80E100292019302980199069A520A1F
:10A64000FCF76EFB002004B080BD000080B582B036
:10A650008DF807008DF806109DF8070040F61C23C2
:10A66000C2F200034FF4137210FB023145F2553071
:10A67000C5F2423048629DF806009DF8071011FBB4
:10A68000023181F830009DF8070000FB02F1042040
:10A6900058549DF8070040F6B841C2F2000101EBA2
:10A6A0000011097A10FB023224320D23FFF752F811
:10A6B00002B080BD80B586B08DF8170004918DF88A
:10A6C0000F209DF80F009DF8171040F61C23C2F2D2
:10A6D00000034FF4137211FB0231C968884204D29F
:10A6E000FFE79DF80F0002900CE09DF8170040F680
:10A6F0001C22C2F200024FF4137110FB0120C0684B
:10A700000290FFE702988DF80F009DF817004FF4B4
:10A710001371019100FB01F240F61C21C2F200010D
:10A720000091032088549DF8170040F6B841C2F20A
:10A73000000101EB0011097A049A9DF80F30FFF730
:10A7400009F8009A01999DF80FC09DF8170010FBB9
:10A750000123D86AA0EB0C00D8629DF8170010FB0B
:10A760000121002081F8300006B080BD81B000904A
:10A7700001B0704780B582B08DF8070000919DF858
:10A78000070000998978FEF721FAB0FA80F04009B5
:10A7900002B080BD81B08DF803008DF802109DF8E5
:10A7A000031040F66840C2F2000000EBC1014A68A5
:10A7B000D2F8001821F4FE61C2F800189DF80210CA
:10A7C00001F07F029DF8031000EBC1004168D1F851
:10A7D000000840EA0210C1F80008002001B07047EC
:10A7E00080B586B08DF817008DF816108DF81520FD
:10A7F000FF208DF814008DF8130000208DF8120052
:10A80000029001909DF8170040F60002C2F200028B
:10A810004FF4077110FB012080690390FFE7039854
:10A820000078002854D0FFE7039840780146009153
:10A83000022808D0FFE70098042819D0FFE7009805
:10A8400005281AD030E0039840798DF813009DF860
:10A8500013009DF81610884209D1FFE701208DF8FA
:10A86000120000200190039840880290FFE71CE04E
:10A870000398C0788DF8140017E09DF813009DF838
:10A880001610884207D1FFE79DF814009DF81510B7
:10A89000884201D0FFE708E09DF81700039900F017
:10A8A0001DF88DF8120000E0FFE703980178019889
:10A8B0000844019003980178084403900198029994
:10A8C000884204D3FFE7029808B1FFE700E0A6E75B
:10A8D0009DF8120000F0010006B080BD80B582B086
:10A8E0008DF807000091009880780006002829D58F
:10A8F000FFE7009A90886FF3DF209DF8071040F67D
:10A90000000CC2F2000C4FF4077311FB03C19278E4
:10A9100002F07F0202EB420201EB8201A1F88A0100
:10A92000009A9088C0F3C1209DF8071011FB03C165
:10A93000927802F07F0202EB420201EB820181F881
:10A94000890128E0009A90886FF3DF209DF80710B6
:10A9500040F6000CC2F2000C4FF4077311FB03C168
:10A96000927802F07F0202EB420201EB8201A1F831
:10A97000D201009A9088C0F3C1209DF8071011FB06
:10A9800003C1927802F07F0202EB420201EB8201E6
:10A9900081F8D101FFE79DF807000099FEF7AEFAB4
:10A9A000B0FA80F0400902B080BD000080B588B0E8
:10A9B0008DF81F008DF81E108DF81D2000200690C8
:10A9C000FF218DF813108DF812108DF811000290F0
:10A9D00001909DF81F0040F60002C2F200024FF401
:10A9E000077110FB012080690390FFE7039800784E
:10A9F00000286BD0FFE703984078014600910228B9
:10AA000008D0FFE7009804280AD0FFE7009805283F
:10AA100020D047E00020019003984088029042E057
:10AA20000398C0788DF81300039880788DF8120091
:10AA30009DF812009DF81E1088420AD1FFE79DF88C
:10AA400013009DF81D10884203D1FFE7039806907C
:10AA5000FFE728E09DF812009DF81E10884220D1E3
:10AA6000FFE7039805909DF81D0040B9FFE79DF8AA
:10AA70001F000599FFF77EFE8DF8110010E09DF88C
:10AA800013009DF81D10884208D1FFE79DF81F00B4
:10AA90000599FFF723FF8DF8110000E0FFE7FFE7BE
:10AAA000FFE700E0FFE70398017801980844019070
:10AAB000039801780844039001980299884204D3CE
:10AAC000FFE7029808B1FFE700E08FE79DF81F005D
:10AAD000069A0821FDF76EFE9DF8110000F00100B6
:10AAE00008B080BD80B586B08DF816000491039241
:10AAF00002930498007800F060000146019140B193
:10AB0000FFE7019820283AD0FFE7019840285DD060
:10AB100083E09DF816000499039A029B00F08AF8DE
:10AB2000B0F1FF3F2ADCFFE70498407806280AD1FD
:10AB3000FFE704984088B0F5C06F04D1FFE700201C
:10AB40008DF8170071E0FFE74DF21B60C0F20020A6
:10AB500001F028FD4DF29E50C0F2002001F022FDD0
:10AB60004DF29E20C0F2002001F01CFDFFE704988A
:10AB7000FFF7FCFD00208DF8170056E051E09DF82E
:10AB800016000499039A029BFDF778FEB0F1FF3F8F
:10AB90001BDCFFE7FFE74DF21B60C0F2002001F075
:10ABA00001FD4DF2CE50C0F2002001F0FBFC4DF251
:10ABB0009E20C0F2002001F0F5FCFFE70498FFF7AB
:10ABC000D5FD00208DF817002FE02AE09DF8160033
:10ABD0000499039A029B00F083FBB0F1FF3F1BDC5A
:10ABE000FFE7FFE74DF21B60C0F2002001F0DAFC46
:10ABF0004DF2B750C0F2002001F0D4FC4DF29E207F
:10AC0000C0F2002001F0CEFCFFE70498FFF7AEFD94
:10AC100000208DF8170008E003E000208DF81700F1
:10AC200003E001208DF81700FFE79DF8170006B03C
:10AC300080BD000080B586B08DF8170004910392A6
:10AC40000293002001900498007800F00300014670
:10AC5000009140B1FFE70098012812D0FFE700986B
:10AC600002281CD029E09DF817000499039A029B42
:10AC700000F02AF820B9FFE74FF0FF300190FFE71E
:10AC80001FE09DF817000499039A029B00F0FEF95B
:10AC900020B9FFE74FF0FF300190FFE711E09DF88A
:10ACA00017000499039A029B00F044F920B9FFE7CA
:10ACB0004FF0FF300190FFE703E04FF0FF300190CD
:10ACC000FFE7019806B080BD80B58AB08DF82700F7
:10ACD00008910792069308984088ADF81600012065
:10ACE0008DF8150008984078014604910B2800F271
:10ACF00017810499DFE811F00C00440014014400AE
:10AD0000140186009E00A900AD00C00010011001D2
:10AD100007980168002008709DF8270040F600029F
:10AD2000C2F200024FF4077110FB012090F82F01CE
:10AD3000C00738B1FFE707980168087840F00100C4
:10AD40000870FFE79DF8270040F60002C2F20002FB
:10AD50004FF4077110FB012090F83101C00738B1A2
:10AD6000FFE707980168087840F002000870FFE7E5
:10AD70000798016800204870069902200860D3E017
:10AD8000BDF81600012832D1FFE708984078032863
:10AD900016D1FFE79DF8270040F60002C2F200023C
:10ADA0004FF4077110FB0123012083F831019DF856
:10ADB000270010FB0121D1F818220921904715E046
:10ADC0009DF8270040F60002C2F200024FF407711E
:10ADD00010FB0123002083F831019DF8270010FBB0
:10ADE0000121D1F818220A219047FFE706E0BDF8BB
:10ADF0001600022801D1FFE7FFE7FFE706990020D0
:10AE0000086091E09DF816009DF8271040F60003B9
:10AE1000C2F200034FF4077211FB023181F82D01D9
:10AE20009DF827009DF81610FFF7B4FC0699002046
:10AE3000086079E09DF82700BDF81610079A069B78
:10AE4000FFF732F98DF815006EE000208DF815003F
:10AE50006AE09DF8270040F60002C2F200024FF4BB
:10AE6000077110FB012090F82C0107990968087000
:10AE700006990120086057E09DF81600ADF816000D
:10AE8000BDF8160070B9FFE79DF8270040F60002F4
:10AE9000C2F200024FF4077110FB0121002081F87B
:10AEA0002C0135E09DF827009DF816100022FFF7D1
:10AEB00097FC20B9FFE700208DF8150027E09DF8EA
:10AEC00016009DF8273040F60002C2F200020192FF
:10AED0004FF40771029113FB012383F82C019DF8B5
:10AEE000270010FB0120002280F832219DF8270066
:10AEF00007210391FDF75EFC019B029A03999DF8DF
:10AF0000270010FB0232D2F818229047FFE7FFE734
:10AF100006990020086007E000208DF8150003E086
:10AF200000208DF81500FFE79DF8150000F00100E6
:10AF30000AB080BD80B586B08DF8160004910392EA
:10AF40000293049800798DF8070001208DF806001F
:10AF50009DF81600FBF762FC20B9FFE700208DF892
:10AF600017008FE004984078014600910C2800F209
:10AF70007E800099DFE801F007257B4E7B7B7B7BA1
:10AF80007B7B7B7B77009DF816009DF807100DF109
:10AF90000502FDF765FF9DF8050028B1FFE703985E
:10AFA00001680120087004E003980168002008701F
:10AFB000FFE70398016800204870029902200860AA
:10AFC00059E004984088E8B9FFE7FFE74DF21B60BD
:10AFD000C0F2002001F0E6FA9DF807104DF2E450AF
:10AFE000C0F2002001F0DEFA4DF29E20C0F20020F7
:10AFF00001F0D8FAFFE79DF816009DF80710FDF75D
:10B000003DFD38E000208DF80600FFE702990020A2
:10B01000086030E004984088E8B9FFE7FFE74DF2A8
:10B020001B60C0F2002001F0BDFA9DF807104DF240
:10B03000F950C0F2002001F0B5FA4DF29E20C0F2A6
:10B04000002001F0AFFAFFE79DF816009DF8071009
:10B05000FEF7E0F803E000208DF80600FFE7029914
:10B060000020086007E000208DF8060003E00020C3
:10B070008DF80600FFE79DF8060000F001008DF84E
:10B080001700FFE79DF8170006B080BD80B58CB0B3
:10B090008DF82E000A91099208930A98C0788DF8CD
:10B0A0001F000A9880888DF81E0001208DF81D0071
:10B0B000002005900490FF208DF80F009DF82E00D1
:10B0C00040F60002C2F200024FF4077110FB0120AB
:10B0D000806906909DF82E00FBF7A0FB20B9FFE7E2
:10B0E00000208DF82F00F6E00A9840780146019183
:10B0F0000B2800F2E5800199DFE801F006ACE2AC34
:10B10000E2E211E2E2E2B0C60998016800200870AC
:10B11000099909684870089902200860D4E09DF8F0
:10B120001F00212848D1FFE7FFE706980078002894
:10B1300041D0FFE70698407801460091022808D0E8
:10B14000FFE7009804280AD0FFE7009821280BD0D9
:10B150001DE00020049006984088059018E00698AD
:10B1600080788DF80F0013E09DF80F009DF81E10F9
:10B1700088420BD1FFE70698099908600698007885
:10B180000899086001208DF82F00A4E000E0FFE797
:10B1900006980178049808440490069801780844B9
:10B1A000069004980599884204D3FFE7059808B1F2
:10B1B000FFE700E0B9E749E09DF81F00222844D1ED
:10B1C000FFE700208DF80E00FFE79DF80E009DF8C8
:10B1D0002E1040F60003C2F200034FF4077211FB79
:10B1E000023191F8841188422EDAFFE79DF82E0093
:10B1F00040F60002C2F200024FF4077110FB01207A
:10B200009DF80E1000EB8100D0F8340102900298F6
:10B2100098B1FFE70298007E9DF81E1088420CD17D
:10B22000FFE7029800690999086002984069089947
:10B23000086001208DF82F004DE0FFE79DF80E001B
:10B2400001308DF80E00C0E7FFE7FFE700208DF822
:10B250001D0039E000208DF81D0035E09DF82E001E
:10B2600040F60002C2F200024FF4077110FB012009
:10B270009DF81E10084490F8740109990968087037
:10B280000899012008601FE00A9840889DF82E1058
:10B2900040F60003C2F200034FF4077211FB0231C3
:10B2A0009DF81E20114481F874019DF82E000A9922
:10B2B0008A780979FFF77AFB08990020086003E093
:10B2C00000208DF81D00FFE79DF81D0000F0010033
:10B2D0008DF82F00FFE79DF82F000CB080BD000017
:10B2E00080B58AB08DF823000791069205939DF8EA
:10B2F000230040F60002C2F200024FF4077110FB77
:10B300000120C069002875D0FFE7079840789DF8B4
:10B31000231040F60003C2F200034FF4077211FB42
:10B320000231C9690979884263D1FFE707988088AB
:10B3300001460191042804D0FFE7019805281CD09C
:10B340003FE09DF8230040F60002C2F200024FF4F5
:10B35000077110FB0120C0698068069B18609DF88A
:10B36000230010FB0120C0698068006804900498E5
:10B37000059908600020099033E19DF8230040F60C
:10B380000002C2F200024FF4077110FB0120C069F5
:10B39000C068079B5B8850F82300069B18609DF8E7
:10B3A000230010FB0120C069C0680799498850F844
:10B3B0002100006804900498059908600020099015
:10B3C0000FE1FFE74DF21B60C0F2002001F0EAF848
:10B3D0004DF22450C0F2002001F0E4F84DF29E201E
:10B3E000C0F2002001F0DEF8FFE74FF0FF300990D7
:10B3F000F7E056E09DF8230040F60002C2F200029A
:10B400004FF4077110FB0120006A002848D0FFE7C5
:10B41000079840789DF8231040F60003C2F200031D
:10B420004FF4077211FB0231096A8979884236D1DB
:10B43000FFE707988088072819D1FFE79DF82300C8
:10B4400040F60002C2F200024FF4077110FB012027
:10B45000006A0068069B18609DF8230010FB01201D
:10B46000006A80880599086000200990B9E0FFE72C
:10B470004DF21B60C0F2002001F094F84DF2245010
:10B48000C0F2002001F08EF84DF29E20C0F20020A4
:10B4900001F088F8FFE74FF0FF300990A1E0FFE7E7
:10B4A000FFE79DF8230040F60002C2F200024FF4CD
:10B4B000077110FB0120806A00284CD0FFE7079835
:10B4C00040789DF8231040F60003C2F200034FF4C9
:10B4D000077211FB0231896A097888423AD1FFE785
:10B4E0000798808802281DD1FFE79DF8230040F6C9
:10B4F0000002C2F200024FF4077110FB0120806AC3
:10B50000D0F8050004909DF8230010FB0120806A0C
:10B51000D0F8010006990860049805990860002099
:10B5200009905EE0FFE74DF21B60C0F2002001F0E1
:10B5300039F84DF22450C0F2002001F033F84DF2FA
:10B540009E20C0F2002001F02DF8FFE74FF0FF3001
:10B55000099046E0FFE700208DF80F00FFE79DF817
:10B560000F009DF8231040F60003C2F200034FF4D1
:10B57000077211FB023191F8841188422DDAFFE73E
:10B580009DF8230040F60002C2F200024FF407715A
:10B5900010FB01209DF80F1000EB8100D0F8340162
:10B5A0000290029890B1FFE70298806870B1FFE7BF
:10B5B0000298D0F808C09DF823000799069A059BC9
:10B5C000E04718B9FFE7002009900AE0FFE79DF87F
:10B5D0000F0001308DF80F00C1E74FF0FF300990E8
:10B5E000FFE709980AB080BD81B08DF803009DF88F
:10B5F000030040F61C22C2F200024FF4137110FB4C
:10B600000121002081F8390001B0704785B0049015
:10B61000049800680390049840680290029820F013
:10B620000100019000209DF80C104907009051BBCB
:10B63000FFE703990020B1F1005F009023D3FFE7FB
:10B640000399002048F20002C2F2000291420090E9
:10B6500019D8FFE700209DF80810C907009091B1A4
:10B66000FFE7019900204FF20002C0F20022914250
:10B67000009008D3FFE701990020B1F1087F38BF9F
:10B6800001200090FFE7009800F0010005B070472E
:10B6900082B0019000208DF803008DF80200FFE7D2
:10B6A0009DF80200019909780531884210DAFFE718
:10B6B00001989DF80210415C9DF8030008448DF844
:10B6C0000300FFE79DF8020001308DF80200E7E774
:10B6D0009DF80300B0FA80F0400902B07047000006
:10B6E00080B58CB00A9009910892079340F6C84142
:10B6F000C2F20001B1F80B00497B48430390079860
:10B70000039908440138B0FBF1F004900020069042
:10B710000798C8B3FFE740F2B460C2F200000068C7
:10B72000069000200290FFE70298049901398842B0
:10B7300017D2FFE740F2B460C2F200000190016846
:10B74000481C82B240F2B440C2F2000000F0ECFDAE
:10B750000199086801300860FFE702980130029003
:10B76000E2E740F2B460C2F200000090016840F2EB
:10B77000B440C2F200004FF6FF7200F0D5FD009910
:10B78000086801300860FFE740F27040C2F2000034
:10B790000068202803D3FFE700200B909AE040F2D6
:10B7A0007041C2F200010A6840F27000C2F200006B
:10B7B00000EB4210059008680130086005984CF6CF
:10B7C0001071C0F200212022F6F7E5FC05990A9BD2
:10B7D00018685A68D3F80730C1F807304A60086023
:10B7E00007980599C861BDF81A00059988820698DE
:10B7F0000599488341F2A420C2F200000068102895
:10B8000003D3FFE700200B9064E041F2A421C2F2D1
:10B810000001086800EB400341F2E410C2F20000AE
:10B8200047F28D32C0F2002240F82320096801EB74
:10B83000410100EB81014CF29950C0F200204860B8
:10B84000099878B1FFE7099841F2A421C2F20001FA
:10B85000096801EB410241F2E411C2F2000141F832
:10B860002200FFE7089880B1FFE7089841F2A42181
:10B87000C2F20001096801EB410241F2E411C2F297
:10B88000000101EB82014860FFE7049840F6C841DF
:10B89000C2F20001B1F80B205043497B484341F20A
:10B8A000A421C2F200010A6802EB420341F2E41251
:10B8B000C2F2000202EB8302906008680130086067
:10B8C00040F2BC61C2F200010878013008700598AE
:10B8D0000B90FFE70B980CB080BD000082B0019088
:10B8E000019800900098C07A02B0704782B0019031
:10B8F000019800900098C06902B0704780B584B08C
:10B900000290029801900298FFF7F0FF20B9FFE73C
:10B910004FF0FF30039005E00198408BF9F7FAFCF7
:10B920000390FFE7039804B080BD000081B040F6AB
:10B93000C840C2F20000B0F8130001280BDBFFE79B
:10B9400040F6C841C2F20001B1F81300B1F80B1083
:10B950004843009014E040F6C840C2F20000006A7C
:10B9600050B1FFE740F6C841C2F20001086AB1F8E1
:10B970000B104843009002E000200090FFE7FFE733
:10B98000009801B07047000070B590B00F900E9114
:10B9900040F6C840C2F200000A904FF400710991CD
:10B9A000F6F712FC099940F2B440C2F20000F6F733
:10B9B0000BFC40F2B461C2F2000100200890086064
:10B9C00041F2E410C2F20000C021F6F7FDFB40F2A4
:10B9D0007000C2F200004FF48061F6F7F5FB0899A1
:10B9E000099A0A9840F27043C2F20003196040F2CB
:10B9F000BC63C2F20003197040F2B86CC2F2000CD2
:10BA000046F25113C0F20023CCF8003041F2A423D7
:10BA1000C2F20003196040F26803C2F20003196029
:10BA20004CF63071C0F20021F6F7B5FB0A990E987A
:10BA300000F58030B1F80B20B0FBF2F00B900B98C2
:10BA4000497B41F25A02514388420AD2FFE740F64D
:10BA5000C840C2F20000407B41F25A0148430B90BB
:10BA600016E00B9840F6C841C2F20001497B4FF640
:10BA70009172514388420AD9FFE740F6C840C2F2AA
:10BA80000000407B4FF6917148430B90FFE7FFE7C2
:10BA90000B98B0F5803F0AD3FFE740F6C841C2F2E9
:10BAA00000010020A1F813000B98086209E00B9830
:10BAB00040F6C841C2F20001A1F81300002008625C
:10BAC000FFE70B9940F6C840C2F20000427BB1FB91
:10BAD000F2F10C910C9A40F2FF1101EB4201490A7C
:10BAE000C1824DF2B465C0F2002506952A686B68E4
:10BAF000D5F808C0D5F80CE02C696E6941F2E41164
:10BB0000C2F2000107914E610C61C1F80CE0C1F86E
:10BB100008C04B600A60AA69EB69D5F820C0D5F867
:10BB200024E0AC6AED6ACD628C62C1F824E0C1F811
:10BB300020C0CB618A61C28A52024A61C08A400237
:10BB4000086241F2A421C2F200010420086040F220
:10BB50006801C2F20001002008600D90FFE70D9817
:10BB6000032816D8FFE70D9800EB400141F2E410DE
:10BB7000C2F2000000EB8100826840F26801C2F26C
:10BB80000001086810440860FFE70D9801300D902F
:10BB9000E5E740F2B460C2F2000002900021039198
:10BBA0000160016840F2B440C2F2000001904FF61B
:10BBB000F87200F0B9FB019802990A6801320A6034
:10BBC00009684FF6FF7200F0AFFB029A0399106804
:10BBD0000130106040F27040C2F200000490016039
:10BBE000016840F27000C2F20000059000EB4110C5
:10BBF0004DF2AC11C0F200212022F6F7CCFA0499E4
:10BC0000DDF814E008680EEB401244010F9BD3F8F6
:10BC100000C05868D3F807304EF804C0C2F80730A7
:10BC2000506008680130086010B070BD80B5FBF747
:10BC3000F3FDF9F73DFB78B9FFE741F2E010C2F2FE
:10BC400000000078022807D1FFE741F2E111C2F2BB
:10BC5000000101200870FFE7FBF7E0FD80BD000058
:10BC600080B582B08DF80700FBF7D4FDF9F7ACFA88
:10BC70009DF80700C00790B1FFE741F2E011C2F262
:10BC800000010220087041F2E111C2F200010870C7
:10BC900040F25401C2F200010120087010E041F2AC
:10BCA000E011C2F200010020087041F2E111C2F27D
:10BCB0000001087040F25401C2F200010870FFE771
:10BCC00002B080BD80B584B00390FBF7A3FDFBF705
:10BCD000A3FDF9F7EDFA18B9FFE7FBF79FFD93E035
:10BCE000FBF764FB8DF80B0040F6DC70C2F200003D
:10BCF00000684EF65F21884209D8FFE7039A40F6B4
:10BD0000DC71C2F20001086810440860FFE79DF88A
:10BD10000B00C00718B9FFE7FBF780FD74E041F2A4
:10BD2000E010C2F2000001788DF8091041F2E11133
:10BD3000C2F20001097801700078012807D1FFE7FD
:10BD400041F2E111C2F200010220087000E0FFE7B9
:10BD500041F2E010C2F2000000788DF80A0040F6CF
:10BD6000DC71C2F2000100200860FBF757FD9DF86E
:10BD700009000146019140B1FFE70198012805D073
:10BD8000FFE70198022802D018E017E016E040F221
:10BD9000C060C2F2000090F8200003280BD0FFE73B
:10BDA00040F2C061C2F20001012081F826000020AB
:10BDB000FBF7D8FEFFE700F0BBF8FFE79DF80A00AD
:10BDC0000146009140B1FFE7009801280BD0FFE742
:10BDD000009802280ED016E040F25401C2F2000191
:10BDE000002008700FE040F25401C2F20001002070
:10BDF000087008E0F9F7E8F940F25401C2F20001D6
:10BE000001200870FFE7FFE704B080BD80B58CB06B
:10BE10000B900A910992002001908DF823000A9856
:10BE200009994902F6F7D0F9019807908DF8230097
:10BE3000FFE79DF823000F2858D8FFE79DF823005F
:10BE400000EB400141F2E410C2F2000000EB81007F
:10BE50008068400A0690079805900798069908445C
:10BE600004900B980599884231D3FFE70B98049909
:10BE700088422CD2FFE704980B99401A029002984E
:10BE80000999884203D2FFE70298009002E00998DE
:10BE90000090FFE7009802900B980799401A0390D2
:10BEA0009DF8230000EB400141F2E410C2F20000D3
:10BEB00050F8213003980A99029A984702990B98F2
:10BEC00008440B9002990998401A0990FFE70998D5
:10BED00008B9FFE70AE00699079808440790FFE7CA
:10BEE0009DF8230001308DF82300A2E70CB080BD3F
:10BEF00081B00090009840F2B861C2F20001086081
:10BF000001B0704780B54DF29860C0F200204FF04C
:10BF10000051FFF739FD4DF29C60C0F2002047F25E
:10BF20004531C0F2002100220A23FFF7D9FB80BD72
:10BF300080B54DF25B60C0F2002000F033FB80BDA5
:10BF400080B584B003908DF80B10019200934DF2F0
:10BF50004D60C0F2002000F025FB0398FAF740FC8A
:10BF600028B9FFE70398FAF79FFC38B1FFE74DF2D5
:10BF70008460C0F2002000F015FB0AE09DF80B0081
:10BF800038B9FFE74DF26B60C0F2002000F00AFB09
:10BF9000FFE704B080BD000040F6D161C2F20001AD
:10BFA000012008707047000040F6D161C2F2000124
:10BFB000002008707047000080B58CB00B900A918B
:10BFC000099200208DF8230007908DF82300FFE7E9
:10BFD0009DF8230041F2A421C2F2000109688842C1
:10BFE00059D2FFE79DF8230000EB400141F2E41035
:10BFF000C2F2000000EB81008068400A06900798BA
:10C00000059007980699084404900B980599884272
:10C0100032D3FFE70B98049988422DD2FFE70498AA
:10C020000B99401A029002980999884203D2FFE7BF
:10C030000298019002E009980190FFE701980290B0
:10C040000B980799401A03909DF8230000EB4001DC
:10C0500041F2E410C2F2000000EB81004368039853
:10C060000A99029A984702990B9808440B900299F2
:10C070000998401A0990FFE7099808B9FFE70AE014
:10C080000699079808440790FFE79DF823000130C0
:10C090008DF823009CE70CB080BD000080B58EB009
:10C0A0000C900B910A920C980890089890F8300028
:10C0B0002F2875DCFFE7089890F83000C0F13000B9
:10C0C000069006980A99884203D2FFE706980290E4
:10C0D00002E00A980290FFE702980590089890F80D
:10C0E000301008440B99059AF6F755F8059A089907
:10C0F00091F83000104481F83000089890F8300032
:10C100002F2804DCFFE700208DF8370062E0059956
:10C110000B9808440B9005990A98401A0A900898C1
:10C1200090F8301000231A46FAF7F2F98DF81F0044
:10C130009DF81F0020B9FFE71C208DF8370049E06B
:10C140009DF81F006A4603A91160002204AB114646
:10C15000FAF702FA8DF827009DF8270028B1FFE7CB
:10C160009DF827008DF8370034E00498089948635B
:10C170000899486B91F83020FAF732FA8DF82700C9
:10C180009DF8270028B1FFE79DF827008DF83700BC
:10C1900020E0089991F83020486B10444863FFE78D
:10C1A0000898406B0B990A9AFAF71AFA8DF827004B
:10C1B0009DF8270028B1FFE79DF827008DF837008C
:10C1C00008E00A9A0899486B1044486314208DF8D7
:10C1D0003700FFE79DF837000EB080BD80B58AB00C
:10C1E0000990089107920998079908444002B0F510
:10C1F000806F01D9FFE794E009994FF6F070C0F223
:10C20000FF7000EA01110491079900EA0110039000
:10C21000049940F27000C2F2000000EB4110069059
:10C22000089805900998B0FA80F040090290FFE75D
:10C2300002980399884267D2FFE70698029A00EBBA
:10C240004210059901EB42112022F5F7C8FF08B909
:10C25000FFE755E00698029A00EB4210059901EBC2
:10C2600042110B22F5F7BBFFB0FA80F040098DF8C0
:10C27000070040F2B860C2F20000D0F800C0059894
:10C28000029900EB4113069800EB41120221184677
:10C29000E047059802994901405CE52811D1FFE784
:10C2A00040F2B860C2F20000D0F800C006980299CF
:10C2B00000EB4112059800EB411301211046E047C5
:10C2C0001EE09DF80700C007C8B9FFE7059802996E
:10C2D00000EB4110FAF7A2F888B1FFE740F2B8602E
:10C2E000C2F20000D0F800C00598029900EB41139B
:10C2F000069800EB411200211846E04700E0FFE7F6
:10C3000002980130029093E7049940F27000C2F263
:10C31000000000EB41100899079A5202F5F73BFF25
:10C32000FFE70AB080BD000085B004900391ADF82E
:10C330000A200398400001900398400001300090CB
:10C340000098B0F5007F01D3FFE70AE0BDF80A00CE
:10C350000499019A88549DF80B000499009A885416
:10C36000FFE705B07047000080B586B004900391E8
:10C37000029204980399029A00F018F8019001982B
:10C3800018B1FFE7019805900CE004980399029A10
:10C39000F5F725FF002818BF012040000190019803
:10C3A0000590FFE7059806B080BD000080B58AB013
:10C3B000079006910592079820F0FF0000F5807025
:10C3C000049000200390FFE703980599884211D25A
:10C3D000FFE70798039A805C0699895C08408842C9
:10C3E00003D0FFE70120089042E0FFE70398013007
:10C3F0000390E9E7EFF3108009900998029072B674
:10C4000040F2C9708047FFE7059818B3FFE704982A
:10C410000799401A019001980599884203D3FFE7D4
:10C4200005980190FFE707980699019A43F6D743CC
:10C43000984701990798084407900199069808447D
:10C44000069001990598401A0590049800F58070AF
:10C450000490D9E740F25160804740F60D008047D4
:10C46000029810B9FFE762B6FFE700200890FFE7E7
:10C4700008980AB080BD000080B58CB00B900A917E
:10C48000099200208DF823000B99079105218DF862
:10C490001B10059004900390FFE70A980999079AEA
:10C4A000531CEC4604AACCF8082005AACCF80420BA
:10C4B0004FF48072CCF8002003AAFAF78DFC8DF8B7
:10C4C0001B009DF81B0068B9FFE7049848B1FFE71F
:10C4D000059807990131049AFAF782F88DF823003C
:10C4E000FFE754E09DF81B0002281AD1FFE70498EB
:10C4F00070B1FFE7059807990131049AFAF770F8CF
:10C500008DF823009DF8230008B1FFE73FE0FFE727
:10C5100003990998401A099003990A9808440A90C7
:10C5200033E09DF81B00012815D1FFE7049848B1BE
:10C53000FFE7059807990131049AFAF751F88DF849
:10C540002300FFE79DF8230020B9FFE713208DF8B3
:10C550002300FFE71BE09DF81B00042804D1FFE740
:10C5600015208DF8230012E09DF81B00052805D04A
:10C57000FFE79DF81B00062804D1FFE716208DF881
:10C58000230004E0FFE7FFE7FFE7FFE785E79DF80B
:10C5900023000CB080BD000083B002900191009296
:10C5A00003B070470FB4054B10B503A9044A0298B5
:10C5B00000F0DAF810BC5DF814FB00008967000297
:10C5C0000000002002E008C8121F08C1002AFAD1AA
:10C5D00070477047002001E001C1121F002AFBD103
:10C5E000704700002DE9FF5F82B00021DDE90430D3
:10C5F000020DDDF840B0034318D044F61050A2F20B
:10C60000FF3242431514119801281FD0A5EB0B00EF
:10C61000401C5FEA000A4FF000064E4FDFF83891E9
:10C62000B046504615D5CAF1000413E01198012414
:10C630004AA3012801D16FEA0B010298119AC0E9BF
:10C640000031C0E9024206B0BDE8F09FCBF1000026
:10C65000DFE704460021404A491842EB0450CDE987
:10C66000001012E0E00707D032463B4640464946FC
:10C67000F5F798FE8046894632463B4610461946F5
:10C68000F5F790FE06460F466410002CEAD1DDE96E
:10C690000401DDE90023BAF1000F06DAF5F782FEA6
:10C6A00042464B46F5F77EFE05E0F5F797FF42461A
:10C6B0004B46F5F793FF04460E460022284BF6F74B
:10C6C00015F803D84FF0FF30014607E00022254B54
:10C6D00020463146F5F7BFFDF5F7EFFF102409E0DE
:10C6E000002C0ADB0A220023F5F724FD039B3032DD
:10C6F0001A55641E50EA0102F2D1641C039AC4F177
:10C7000011031444119A012A03D0012208430DD1C8
:10C710000AE0084304D000204FF0110B119072E79B
:10C72000A3EB0B056D1E0DE05B4504DD4FF0000231
:10C7300005F1010504E003DA4FF00002A5F101055F
:10C74000002AECD002981199C0E90231C0E90045F5
:10C7500079E70000000014400000F03F30000000C6
:10C760000000F0430000E03F2DE9FF4F95B09B46ED
:10C770008946064600250FE2252877D10024274662
:10C78000F84A0121059400E0044316F8013F203BDC
:10C7900001FA03F01042F7D130782A2811D06FF057
:10C7A0002F033078A0F13002092A16D8059A44F0F8
:10C7B000020402EB820203EB42021044761C059055
:10C7C000EFE759F8042B0592002A03DA504244F4AB
:10C7D0000054059044F00204761C30782E2816D1BF
:10C7E00016F8010F44F004042A280DD06FF02F0230
:10C7F0003078A0F13003092B09D807EB870302EB4F
:10C800004303C718761CF3E759F8047B761C30788D
:10C810006C280FD006DC4C2817D068280DD06A2869
:10C8200014D104E0742810D07A280FD10DE044F41C
:10C8300000140AE044F4801401E044F440147278D7
:10C84000824202D104F58014761C761C307866286A
:10C850000BD013DC582877D009DC002875D0452888
:10C86000F6D04628F4D047281AD19DE118E0632875
:10C8700035D0642879D0652812D195E1702873D01D
:10C8800008DC6728F1D069286FD06E280DD06F289A
:10C8900006D1B5E073282CD0752875D0782874D0CF
:10C8A0005A46179990476D1C75E1C4F3025002284F
:10C8B00009D003280DD0D9F8001004280DD00D6040
:10C8C00009F1040967E1D9F80010EA17C1E900523B
:10C8D000F6E7D9F800100D80F2E70D70F0E719F8CF
:10C8E000041B8DF8001000208DF80100EA4601209D
:10C8F00003E059F804AB4FF0FF3061074FF000013F
:10C9000002D40DE008F101018846B9420FDA8045F2
:10C91000F8DB1AF808100029F4D108E008F1010149
:10C9200088468142FADB1AF808100029F6D10598EA
:10C930005B46A0EB080721463846179A00F094FAA8
:10C94000284400EB080507E04DE029E10DE01AF866
:10C95000010B5A4617999047B8F10108F7D25B4688
:10C9600021463846179A13E142E00A220092C4F3A6
:10C9700002524FF0000A022A08D059F804CB032AC9
:10C980004FEAEC710AD00DE029E02AE009F1070135
:10C9900021F00702F2E802C1914609E00FFA8CFC8F
:10C9A0004FEAEC71042A03D14FFA8CFC4FEAEC7188
:10C9B000002907DA0A460021DCF1000C61EB0201D4
:10C9C0002D2202E0220504D52B228DF8042001221D
:10C9D00003E0E20701D02022F7E7904659E00A2160
:10C9E00002E010220DE010214FF0000A00910BE050
:10C9F00010224FF0000A44F004040827009203E0DC
:10CA000008224FF0000A0092C4F30252022A05D015
:10CA100059F804CB0021032A08D009E009F10701E5
:10CA200021F00702F2E802C1914605E01FFA8CFCF2
:10CA3000042A01D10CF0FF0C4FF00008220728D582
:10CA4000702806D0009B83F0100353EA0A0305D038
:10CA50000EE040228DF80420012208E05CEA010289
:10CA600006D030228DF804208DF805000222904671
:10CA7000009B83F0080353EA0A030AD15CEA01022F
:10CA800001D1620705D530228DF804204FF001084E
:10CA90007F1E582804D034A003900EA802900DE009
:10CAA00036A0F9E753466046009AF5F743FB844603
:10CAB0000398825C0298401E029002705CEA0100BA
:10CAC000F0D1029806A9081A00F1200A600702D5E1
:10CAD00024F4803400E00127574502DDA7EB0A006B
:10CAE00000E0002000EB0A01009005984144401A44
:10CAF0000590E00306D45B462146179A059800F09E
:10CB0000B3F90544002706E001A85A46C05D17990D
:10CB100090476D1C7F1C4745F6DBE0030CD55B4658
:10CB20002146179A059800F09FF9054404E030204B
:10CB30005A46179990476D1C0099481E009000298D
:10CB4000F5DC08E0029802995A460078491C0291E7
:10CB5000179990476D1CBAF10001AAF1010AF1DCA6
:10CB600065E10000092801003031323334353637B1
:10CB70003839616263646566000000003031323329
:10CB800034353637383941424344454600000000C9
:10CB900000F058F90544761C307800287FF4ECAD9D
:10CBA00019B02846BDE8F08F620700D4062709F1C6
:10CBB000070222F0070CFCE80223E14603F00048DC
:10CBC0005FEA080C02D00FF2702C0DE05FEA045C03
:10CBD00002D50FF2682C07E05FEAC47C02D00FF2A6
:10CBE000602C01E0AFF2700C4FF0FF3823F00043EF
:10CBF000CDF850C065280CD006DC452809D0462861
:10CC00001DD047283DD13DE0662818D067287ED149
:10CC100038E00021112F01DB112000E0781CCDE964
:10CC2000000106A90EA8FFF7DDFCDDE90F010E9A51
:10CC300003910021009207F1010A04914DE04FF0A9
:10CC400000400097CDE9011006A90EA8FFF7CAFC25
:10CC5000DDE90F0203920E9B11990022DDF80CA072
:10CC60000093049211B9791C00EB010AB7EB0A009A
:10CC700004D4C0F1FF3007F1010A0490AAEB0700C9
:10CC8000019044E0012F00DA01270021112F01DD7E
:10CC9000112000E03846CDE9000106A90EA8FFF7F3
:10CCA000A1FCDDE90F010E9A03910021049100928D
:10CCB000BA4621070CD40399514500DA8A46BAF1E5
:10CCC000010F05DD009AAAF10101515C302908D05D
:10CCD000B84202DA10F1040F06DA0121CDE90110A1
:10CCE00015E0AAF10101E9E7002805DC04990144F7
:10CCF0000491AAEB000102E0411C514500DD8A4687
:10CD00000499401A401C01904FF000400290200707
:10CD100004D40198504501DBCDF8048000208DF843
:10CD20004F0002980DF14F07B0F1004F25D02B2096
:10CD30000E9002984FF0020800280CDA4042029050
:10CD40002D200E9007E00A210298F5F79DFB303167
:10CD5000029007F8011DB8F10001A8F10108F2DC0A
:10CD600002980028EFD1791E0E980870307800F0F4
:10CD7000200040F0450007F8020D12A8C01B00F18A
:10CD800007081498007800B1012000EB0A0101980F
:10CD900001EBE07105984144401A401E0590E00304
:10CDA00006D45B462146179A059800F05DF80544C5
:10CDB0001498007818B15A46179990476D1CE003F3
:10CDC00024D55B462146179A059800F04DF8054496
:10CDD0001CE00498002807DBDDE90301884203DD3D
:10CDE0000098405C179901E0179930205A46904707
:10CDF000049805F10105401C04900198401E019023
:10CE000004D12E205A46179990476D1CBAF10001A3
:10CE1000AAF1010ADDDC05E017F8010B5A46179963
:10CE200090476D1CB8F10001A8F10108F4DC5B46E5
:10CE30002146179A0598ABE62D0000002B00000054
:10CE4000200000002DE9F041044600251E4617464B
:10CE5000880404D405E039462020B0476D1C641EC8
:10CE6000F9D52846BDE8F0812DE9F04104460025BA
:10CE70001E469046C80301D5302700E020278804CD
:10CE800004D505E041463846B0476D1C641EF9D50F
:10CE90002846BDE8F081008002021F00000020202B
:10CEA0002020202020202020202020202020202082
:10CEB000202020202020202020200026000000000C
:10CEC0000000081200000000000000000000000048
:10CED0000000000000700000000000000A000000D8
:10CEE000000000000000000000000000FFFFFFFF46
:10CEF000FFFFFFFFFFFFFFFFFFFFFFFF000000003E
:10CF0000000000000000000000000000000000031E
:10CF10000000000000000000000000010000000010
:10CF2000764876480000DC83764800000000000068
:10CF3000EB3C904D53443053342E31000208010035
:10CF4000022000501FF80100010001000000000055
:10CF500000000000000029741902274441504C4988
:10CF60004E4B2D444E444641543136202020000083
:10CF700000000000000000000000000000000000B1
:10CF800000000000000000000000000000000000A1
:10CF90000000000000000000000000000000000091
:10CFA0000000000000000000000000000000000081
:10CFB0000000000000000000000000000000000071
:10CFC0000000000000000000000000000000000061
:10CFD0000000000000000000000000000000000051
:10CFE0000000000000000000000000000000000041
:10CFF0000000000000000000000000000000000031
:10D000000000000000000000000000000000000020
:10D010000000000000000000000000000000000010
:10D020000000000000000000000000000000000000
:10D0300000000000000000000000000000000000F0
:10D0400000000000000000000000000000000000E0
:10D0500000000000000000000000000000000000D0
:10D0600000000000000000000000000000000000C0
:10D0700000000000000000000000000000000000B0
:10D0800000000000000000000000000000000000A0
:10D090000000000000000000000000000000000090
:10D0A0000000000000000000000000000000000080
:10D0B0000000000000000000000000000000000070
:10D0C0000000000000000000000000000000000060
:10D0D0000000000000000000000000000000000050
:10D0E0000000000000000000000000000000000040
:10D0F0000000000000000000000000000000000030
:10D10000000000000000000000000000000000001F
:10D11000000000000000000000000000000000000F
:10D12000000000000000000000000000000055AA00
:10D130001201000200000040FFFFFFFF0002010299
:10D1400003010902200001010080320904000002ED
:10D150000806500207050202400000070581024050
:10D16000000004030904120349004E004700430075
:10D170004800490050005300240349004E00470076
:10D180004300480049005000530020004D00530068
:10D190004300200042004F004F0054000E03560091
:10D1A00030002E0031003000300000000000000090
:10D1B0000000000000000028000000000000000047
:10D1C0000000418EBB320000000000006461746109
:10D1D0003A25640D0A0073697A6520213D20736940
:10D1E0007A656F6628636277290D0A004C424120F8
:10D1F0006F7574206F662072616E67650D0A00435B
:10D200004F4E4649475F5553424445565F4D534341
:10D210005F4D41585F42554653495A45206D7573DD
:10D22000742062652061206D756C7469706C652076
:10D230006F6620626C6F636B2073697A650D0A00FC
:10D24000736373695F626C6B5F6C656E20646F659E
:10D2500073206E6F74206D617463682077697468E1
:10D260002064446174614C656E6774680D0A004304
:10D270006F6D6D616E643A30782530327820646568
:10D28000636F6465206572720D0A001B5B33316D3C
:10D290005B452F5553425D2000302E3031001B5B23
:10D2A000306D00415353455254204641494C205B58
:10D2B00025735D20402025733A25640D0A006477AC
:10D2C00063322064617461206D757374206265201F
:10D2D000342D6279746520616C69676E65640D0A2E
:10D2E00000596F7572206669666F20636F6E66699C
:10D2F00067206973206C6172676572207468616E63
:10D3000020333230202C20706C6561736520636897
:10D3100065636B0D0A006477633220686173206C6B
:10D3200065737320656E64706F696E7473207468C2
:10D33000616E20636F6E6669672C20706C65617327
:10D340006520636865636B0D0A00596F757220660E
:10D3500069666F20636F6E666967206973206F76F8
:10D360006572666C6F772C20706C656173652063E5
:10D370006865636B0D0A004457433220726573651C
:10D38000742074696D656F75740D0A0045702061B5
:10D390006464722025303278206669666F206F766B
:10D3A0006572666C6F770D0A004570206164647267
:10D3B0002025303278206F766572666C6F770D0AA3
:10D3C0000021282868737068795F74797065203D42
:10D3D0003D20302920262620286669666F5F6E75FD
:10D3E0006D203E2033323029290021282875696EAE
:10D3F0007433325F74296461746120252030783081
:10D400003429006669666F5F6E756D203C3D20288B
:10D410005553425F4F54475F474C422D3E47485754
:10D4200043464733203E3E20313629002866696650
:10D430006F5F73697A65202A203429203E3D20558C
:10D4400053425F4745545F4D41585041434B45540B
:10D4500053495A452865702D3E774D617850616378
:10D460006B657453697A65290065705F696478201B
:10D470003C20434F4E4649475F5553424445565F13
:10D4800045505F4E554D00656E64706F696E7473E4
:10D49000203E3D20434F4E4649475F555342444549
:10D4A000565F45505F4E554D004368657272795521
:10D4B00053422F706F72742F647763322F757362CB
:10D4C0005F64635F647763322E63006465736372C5
:10D4D0006970746F72203C747970653A30782530C9
:10D4E00032782C696E6465783A3078253032783E2F
:10D4F000206E6F7420666F756E64210D0A0064657E
:10D50000766963652072656D6F74652077616B6500
:10D510007570206973206E6F7420656E61626C6532
:10D52000640D0A00756E6B6E6F776E2076656E64A3
:10D530006F7220636F64650D0A00646576696365C8
:10D54000206973206E6F7420696E20737573706527
:10D550006E642073746174650D0A0052657175659F
:10D5600073742062756666657220746F6F20736DC8
:10D57000616C6C0D0A0064657669636520646F6593
:10D5800073206E6F7420737570706F727420726583
:10D590006D6F74652077616B6575700D0A0073742B
:10D5A000616E646172642072657175657374206563
:10D5B00072726F720D0A0076656E646F722072650A
:10D5C0007175657374206572726F720D0A00636CF9
:10D5D0006173732072657175657374206572726F03
:10D5E000720D0A0065703A2530327820636C6561EF
:10D5F000722068616C740D0A0065703A25303278CB
:10D60000207365742068616C740D0A006275732064
:10D610006F766572666C6F770D0A001B5B33316D38
:10D620005B452F757362645F636F72655D20006890
:10D63000657820636C6F73650A00636C6F73652097
:10D6400062696E0A0042494E004845580066696C9E
:10D6500065206368616E6765640A0076667320649E
:10D660006973636F6E6E6563740A00766673207605
:10D6700066735F6D6E67725F66735F72656D6F75FF
:10D680006E740A0066696C652069732062696E2099
:10D690006F72206865780A00494E4700444554413E
:10D6A000494C5320545854002E62696E002E686510
:10D6B000780000005573000299C5000200020000C6
:10D6C0000D73000299C50002000000000D730002F6
:10D6D00099C5000200000000B1720002DDC1000225
:10D6E0000004000020D700020000002040000000DD
:10D6F000C4C5000260D70002400000206816000088
:10D70000D4C500020000000000000000000000007E
:10D710000000000000000000000000000000000009
:10D7200000000000CD530002916D00029DC0000278
:10D73000CD520002ED530002A96D000279C400022F
:10D74000F152000200000000000000000000000094
:10D7500000000000000000000000000000000000C9
:04000005020020FDD8
:00000001FF
